{
  "epoch": 15,
  "train": {
    "epoch": 15,
    "phase": "train",
    "timestamp_start": 1775688676.2033474,
    "timestamp_end": 1775688709.4088542,
    "duration_sec": 33.205506801605225,
    "loss_mean": 0.24463926168049083,
    "loss_std": 0.003397056719939054,
    "loss_min": 0.2362290918827057,
    "loss_max": 0.252178430557251,
    "accuracy_mean": 0.998538519821915,
    "iou_mean": 0.9000079959046607,
    "dice_mean": 0.9473350071439556,
    "precision_mean": 0.5,
    "recall_mean": 0.5,
    "f1_mean": 0.4999999403953552,
    "avg_batch_time_ms": 564.6944934246587,
    "avg_forward_time_ms": 165.58317577137666,
    "avg_backward_time_ms": 218.52806970184923,
    "avg_data_load_time_ms": 79.47201354830872,
    "throughput_samples_per_sec": 49.32916729103546,
    "cpu_percent_mean": 35.003921568627455,
    "cpu_percent_max": 61.4,
    "ram_used_mb_mean": 3800.4465379901962,
    "ram_used_mb_max": 3838.88671875,
    "gpu_memory_mb_mean": 439.6399931066176,
    "gpu_memory_mb_max": 439.90576171875,
    "gpu_utilization_mean": 0.0,
    "gpu_utilization_max": 0.0,
    "learning_rate": 5.567415893174884e-05
  },
  "val": {
    "epoch": 15,
    "phase": "val",
    "timestamp_start": 1775688709.417893,
    "timestamp_end": 1775688714.674609,
    "duration_sec": 5.256716012954712,
    "loss_mean": 0.24233812635595148,
    "loss_std": 0.0016767883889115406,
    "loss_min": 0.23966573178768158,
    "loss_max": 0.24648185074329376,
    "accuracy_mean": 0.9982790025797758,
    "iou_mean": 0.8847419944676486,
    "dice_mean": 0.9388414350422946,
    "precision_mean": 0.5,
    "recall_mean": 0.5,
    "f1_mean": 0.4999999403953552,
    "avg_batch_time_ms": 334.37876267866653,
    "avg_forward_time_ms": 157.47902610085228,
    "avg_backward_time_ms": 0.0,
    "avg_data_load_time_ms": 129.69144907864657,
    "throughput_samples_per_sec": 66.77172575710605,
    "cpu_percent_mean": 54.74545454545455,
    "cpu_percent_max": 74.4,
    "ram_used_mb_mean": 3816.2876420454545,
    "ram_used_mb_max": 3858.46875,
    "gpu_memory_mb_mean": 439.45121626420456,
    "gpu_memory_mb_max": 439.90576171875,
    "gpu_utilization_mean": 0.0,
    "gpu_utilization_max": 0.0,
    "learning_rate": 5.567415893174884e-05
  }
}