{
  "epoch": 25,
  "train": {
    "epoch": 25,
    "phase": "train",
    "timestamp_start": 1775689064.0929787,
    "timestamp_end": 1775689097.578904,
    "duration_sec": 33.48592519760132,
    "loss_mean": 0.21379917450979644,
    "loss_std": 0.00223656796788077,
    "loss_min": 0.20713326334953308,
    "loss_max": 0.2184203565120697,
    "accuracy_mean": 0.9990018676309025,
    "iou_mean": 0.9298636504248077,
    "dice_mean": 0.9636487867317948,
    "precision_mean": 0.5,
    "recall_mean": 0.5,
    "f1_mean": 0.4999999403953552,
    "avg_batch_time_ms": 568.3111302992877,
    "avg_forward_time_ms": 166.46606781903435,
    "avg_backward_time_ms": 220.08305437424605,
    "avg_data_load_time_ms": 80.84323826958152,
    "throughput_samples_per_sec": 48.9160741515762,
    "cpu_percent_mean": 35.01372549019608,
    "cpu_percent_max": 57.1,
    "ram_used_mb_mean": 4586.47740502451,
    "ram_used_mb_max": 4636.87109375,
    "gpu_memory_mb_mean": 439.6399931066176,
    "gpu_memory_mb_max": 439.90576171875,
    "gpu_utilization_mean": 0.0,
    "gpu_utilization_max": 0.0,
    "learning_rate": 1.0453658778440105e-05
  },
  "val": {
    "epoch": 25,
    "phase": "val",
    "timestamp_start": 1775689097.5881205,
    "timestamp_end": 1775689102.8292851,
    "duration_sec": 5.241164684295654,
    "loss_mean": 0.21368192542682996,
    "loss_std": 0.0019082615944841447,
    "loss_min": 0.21068382263183594,
    "loss_max": 0.2183874398469925,
    "accuracy_mean": 0.9987997900355946,
    "iou_mean": 0.9169004559516907,
    "dice_mean": 0.9566456946459684,
    "precision_mean": 0.5,
    "recall_mean": 0.5,
    "f1_mean": 0.4999999403953552,
    "avg_batch_time_ms": 332.85637335343796,
    "avg_forward_time_ms": 159.34902971441096,
    "avg_backward_time_ms": 0.0,
    "avg_data_load_time_ms": 129.58788871765137,
    "throughput_samples_per_sec": 66.9698475706588,
    "cpu_percent_mean": 53.75454545454545,
    "cpu_percent_max": 76.0,
    "ram_used_mb_mean": 4622.811789772727,
    "ram_used_mb_max": 4642.703125,
    "gpu_memory_mb_mean": 439.45121626420456,
    "gpu_memory_mb_max": 439.90576171875,
    "gpu_utilization_mean": 0.0,
    "gpu_utilization_max": 0.0,
    "learning_rate": 1.0453658778440105e-05
  }
}