{
  "epoch": 5,
  "train": {
    "epoch": 5,
    "phase": "train",
    "timestamp_start": 1775688291.2776976,
    "timestamp_end": 1775688324.0952318,
    "duration_sec": 32.81753420829773,
    "loss_mean": 0.33022767305374146,
    "loss_std": 0.0042357148825676585,
    "loss_min": 0.3229517936706543,
    "loss_max": 0.3383559286594391,
    "accuracy_mean": 0.9968110252829159,
    "iou_mean": 0.8023284136080274,
    "dice_mean": 0.8902179037823397,
    "precision_mean": 0.5,
    "recall_mean": 0.5,
    "f1_mean": 0.4999999403953552,
    "avg_batch_time_ms": 555.583074981091,
    "avg_forward_time_ms": 164.86514315885657,
    "avg_backward_time_ms": 206.62971103892608,
    "avg_data_load_time_ms": 81.08111923816158,
    "throughput_samples_per_sec": 49.91234227420538,
    "cpu_percent_mean": 36.56078431372549,
    "cpu_percent_max": 66.7,
    "ram_used_mb_mean": 3022.668887867647,
    "ram_used_mb_max": 3072.2109375,
    "gpu_memory_mb_mean": 439.6399931066176,
    "gpu_memory_mb_max": 439.90576171875,
    "gpu_utilization_mean": 0.0,
    "gpu_utilization_max": 0.0,
    "learning_rate": 9.572050015330873e-05
  },
  "val": {
    "epoch": 5,
    "phase": "val",
    "timestamp_start": 1775688324.1046462,
    "timestamp_end": 1775688329.2160254,
    "duration_sec": 5.111379146575928,
    "loss_mean": 0.3257558427073739,
    "loss_std": 0.0012110779301006051,
    "loss_min": 0.32397228479385376,
    "loss_max": 0.32780706882476807,
    "accuracy_mean": 0.9965919906442816,
    "iou_mean": 0.7934548963199962,
    "dice_mean": 0.8847795779054816,
    "precision_mean": 0.5,
    "recall_mean": 0.5,
    "f1_mean": 0.4999999403953552,
    "avg_batch_time_ms": 327.80270142988724,
    "avg_forward_time_ms": 154.29011258212003,
    "avg_backward_time_ms": 0.0,
    "avg_data_load_time_ms": 126.6907345164906,
    "throughput_samples_per_sec": 68.67031185411713,
    "cpu_percent_mean": 58.03636363636363,
    "cpu_percent_max": 87.3,
    "ram_used_mb_mean": 3047.82421875,
    "ram_used_mb_max": 3103.0390625,
    "gpu_memory_mb_mean": 439.45121626420456,
    "gpu_memory_mb_max": 439.90576171875,
    "gpu_utilization_mean": 0.0,
    "gpu_utilization_max": 0.0,
    "learning_rate": 9.572050015330873e-05
  }
}