{
  "epoch": 2,
  "train": {
    "epoch": 2,
    "phase": "train",
    "timestamp_start": 1775688178.1480763,
    "timestamp_end": 1775688210.3153288,
    "duration_sec": 32.16725254058838,
    "loss_mean": 0.37915166160639596,
    "loss_std": 0.007258963680205086,
    "loss_min": 0.36802414059638977,
    "loss_max": 0.3928998112678528,
    "accuracy_mean": 0.9930929085787605,
    "iou_mean": 0.64947355261036,
    "dice_mean": 0.7868402167862537,
    "precision_mean": 0.5,
    "recall_mean": 0.5,
    "f1_mean": 0.4999999403953552,
    "avg_batch_time_ms": 544.0610997817096,
    "avg_forward_time_ms": 163.0559622072706,
    "avg_backward_time_ms": 198.6550022574032,
    "avg_data_load_time_ms": 80.00235931546081,
    "throughput_samples_per_sec": 50.92135232666156,
    "cpu_percent_mean": 36.72941176470588,
    "cpu_percent_max": 61.2,
    "ram_used_mb_mean": 2791.1524203431372,
    "ram_used_mb_max": 2834.6875,
    "gpu_memory_mb_mean": 439.66738472732845,
    "gpu_memory_mb_max": 440.89013671875,
    "gpu_utilization_mean": 0.0,
    "gpu_utilization_max": 0.0,
    "learning_rate": 9.972883382072954e-05
  },
  "val": {
    "epoch": 2,
    "phase": "val",
    "timestamp_start": 1775688210.3241518,
    "timestamp_end": 1775688215.4517076,
    "duration_sec": 5.127555847167969,
    "loss_mean": 0.37018443779511884,
    "loss_std": 0.0008942014844825892,
    "loss_min": 0.3690586984157562,
    "loss_max": 0.3716805875301361,
    "accuracy_mean": 0.9952165484428406,
    "iou_mean": 0.7245266166600314,
    "dice_mean": 0.8402026078917764,
    "precision_mean": 0.5,
    "recall_mean": 0.5,
    "f1_mean": 0.4999999403953552,
    "avg_batch_time_ms": 330.3380012512207,
    "avg_forward_time_ms": 154.65836091475055,
    "avg_backward_time_ms": 0.0,
    "avg_data_load_time_ms": 125.35511363636364,
    "throughput_samples_per_sec": 68.4536669052299,
    "cpu_percent_mean": 53.209090909090904,
    "cpu_percent_max": 67.5,
    "ram_used_mb_mean": 2800.670809659091,
    "ram_used_mb_max": 2838.2578125,
    "gpu_memory_mb_mean": 438.58012251420456,
    "gpu_memory_mb_max": 439.03466796875,
    "gpu_utilization_mean": 0.0,
    "gpu_utilization_max": 0.0,
    "learning_rate": 9.972883382072954e-05
  }
}