{
  "epoch": 27,
  "train": {
    "epoch": 27,
    "phase": "train",
    "timestamp_start": 1775689142.0317886,
    "timestamp_end": 1775689175.5140243,
    "duration_sec": 33.48223567008972,
    "loss_mean": 0.21229595997754266,
    "loss_std": 0.0020590532230951226,
    "loss_min": 0.20622855424880981,
    "loss_max": 0.21709151566028595,
    "accuracy_mean": 0.9990278552560246,
    "iou_mean": 0.9315641592530643,
    "dice_mean": 0.9645612134652979,
    "precision_mean": 0.5,
    "recall_mean": 0.5,
    "f1_mean": 0.4999999403953552,
    "avg_batch_time_ms": 567.3200710147034,
    "avg_forward_time_ms": 166.12639614180023,
    "avg_backward_time_ms": 219.9097567913579,
    "avg_data_load_time_ms": 81.78544044494629,
    "throughput_samples_per_sec": 48.92146438904779,
    "cpu_percent_mean": 33.84509803921569,
    "cpu_percent_max": 57.9,
    "ram_used_mb_mean": 4744.554381127451,
    "ram_used_mb_max": 4790.765625,
    "gpu_memory_mb_mean": 439.6399931066176,
    "gpu_memory_mb_max": 439.90576171875,
    "gpu_utilization_mean": 0.0,
    "gpu_utilization_max": 0.0,
    "learning_rate": 5.2794998466912506e-06
  },
  "val": {
    "epoch": 27,
    "phase": "val",
    "timestamp_start": 1775689175.5236654,
    "timestamp_end": 1775689180.7742403,
    "duration_sec": 5.250574827194214,
    "loss_mean": 0.21245268935506995,
    "loss_std": 0.0019054631064693516,
    "loss_min": 0.2094886749982834,
    "loss_max": 0.2171582579612732,
    "accuracy_mean": 0.9988494081930681,
    "iou_mean": 0.9200451590798118,
    "dice_mean": 0.958354267207059,
    "precision_mean": 0.5,
    "recall_mean": 0.5,
    "f1_mean": 0.4999999403953552,
    "avg_batch_time_ms": 329.979267987338,
    "avg_forward_time_ms": 159.6262671730735,
    "avg_backward_time_ms": 0.0,
    "avg_data_load_time_ms": 132.82242688265714,
    "throughput_samples_per_sec": 66.84982341020485,
    "cpu_percent_mean": 59.10909090909092,
    "cpu_percent_max": 100.0,
    "ram_used_mb_mean": 4779.325284090909,
    "ram_used_mb_max": 4825.22265625,
    "gpu_memory_mb_mean": 439.45121626420456,
    "gpu_memory_mb_max": 439.90576171875,
    "gpu_utilization_mean": 0.0,
    "gpu_utilization_max": 0.0,
    "learning_rate": 5.2794998466912506e-06
  }
}