{
  "epoch": 17,
  "train": {
    "epoch": 17,
    "phase": "train",
    "timestamp_start": 1775688753.4333565,
    "timestamp_end": 1775688786.720592,
    "duration_sec": 33.287235498428345,
    "loss_mean": 0.2346834677691553,
    "loss_std": 0.0027101349933262493,
    "loss_min": 0.2281876653432846,
    "loss_max": 0.23868834972381592,
    "accuracy_mean": 0.9987179274652519,
    "iou_mean": 0.9113868007472917,
    "dice_mean": 0.9536187999388751,
    "precision_mean": 0.5,
    "recall_mean": 0.5,
    "f1_mean": 0.4999999403953552,
    "avg_batch_time_ms": 562.6512649012546,
    "avg_forward_time_ms": 166.808754790063,
    "avg_backward_time_ms": 219.69988299351112,
    "avg_data_load_time_ms": 82.47009913126628,
    "throughput_samples_per_sec": 49.208051539075335,
    "cpu_percent_mean": 32.62549019607843,
    "cpu_percent_max": 52.6,
    "ram_used_mb_mean": 3965.700367647059,
    "ram_used_mb_max": 4024.578125,
    "gpu_memory_mb_mean": 439.6399931066176,
    "gpu_memory_mb_max": 439.90576171875,
    "gpu_utilization_mean": 0.0,
    "gpu_utilization_max": 0.0,
    "learning_rate": 4.532584106825115e-05
  },
  "val": {
    "epoch": 17,
    "phase": "val",
    "timestamp_start": 1775688786.7296972,
    "timestamp_end": 1775688791.9669724,
    "duration_sec": 5.237275123596191,
    "loss_mean": 0.233091878620061,
    "loss_std": 0.0017971563589332129,
    "loss_min": 0.23031699657440186,
    "loss_max": 0.237527534365654,
    "accuracy_mean": 0.9984316013076089,
    "iou_mean": 0.8939636999910529,
    "dice_mean": 0.9440081119537354,
    "precision_mean": 0.5,
    "recall_mean": 0.5,
    "f1_mean": 0.4999999403953552,
    "avg_batch_time_ms": 333.0641443079168,
    "avg_forward_time_ms": 159.27746079184791,
    "avg_backward_time_ms": 0.0,
    "avg_data_load_time_ms": 130.70925799283114,
    "throughput_samples_per_sec": 67.01958398530432,
    "cpu_percent_mean": 55.72727272727273,
    "cpu_percent_max": 86.0,
    "ram_used_mb_mean": 3975.849431818182,
    "ram_used_mb_max": 4009.12109375,
    "gpu_memory_mb_mean": 439.45121626420456,
    "gpu_memory_mb_max": 439.90576171875,
    "gpu_utilization_mean": 0.0,
    "gpu_utilization_max": 0.0,
    "learning_rate": 4.532584106825115e-05
  }
}