{
  "epoch": 19,
  "train": {
    "epoch": 19,
    "phase": "train",
    "timestamp_start": 1775688830.7935226,
    "timestamp_end": 1775688864.176377,
    "duration_sec": 33.38285446166992,
    "loss_mean": 0.22681157261717552,
    "loss_std": 0.0021894103687499387,
    "loss_min": 0.22098228335380554,
    "loss_max": 0.23092365264892578,
    "accuracy_mean": 0.9988183741476021,
    "iou_mean": 0.9179285402391472,
    "dice_mean": 0.9571877227110022,
    "precision_mean": 0.5,
    "recall_mean": 0.5,
    "f1_mean": 0.4999999403953552,
    "avg_batch_time_ms": 567.7351998347862,
    "avg_forward_time_ms": 166.2305523367489,
    "avg_backward_time_ms": 219.80815775254194,
    "avg_data_load_time_ms": 79.67937226388969,
    "throughput_samples_per_sec": 49.06710424900141,
    "cpu_percent_mean": 33.71764705882353,
    "cpu_percent_max": 52.9,
    "ram_used_mb_mean": 4119.225030637255,
    "ram_used_mb_max": 4168.2734375,
    "gpu_memory_mb_mean": 439.6399931066176,
    "gpu_memory_mb_max": 439.90576171875,
    "gpu_utilization_mean": 0.0,
    "gpu_utilization_max": 0.0,
    "learning_rate": 3.520365877844009e-05
  },
  "val": {
    "epoch": 19,
    "phase": "val",
    "timestamp_start": 1775688864.1856744,
    "timestamp_end": 1775688869.6158442,
    "duration_sec": 5.4301698207855225,
    "loss_mean": 0.2254966754804958,
    "loss_std": 0.0018206693716555993,
    "loss_min": 0.22266671061515808,
    "loss_max": 0.23001843690872192,
    "accuracy_mean": 0.9986764409325339,
    "iou_mean": 0.9089666388251565,
    "dice_mean": 0.9523086818781766,
    "precision_mean": 0.5,
    "recall_mean": 0.5,
    "f1_mean": 0.4999999403953552,
    "avg_batch_time_ms": 351.2281071056019,
    "avg_forward_time_ms": 179.81748147444293,
    "avg_backward_time_ms": 0.0,
    "avg_data_load_time_ms": 128.21171500466087,
    "throughput_samples_per_sec": 64.63886242681536,
    "cpu_percent_mean": 51.10909090909092,
    "cpu_percent_max": 66.0,
    "ram_used_mb_mean": 4150.796519886364,
    "ram_used_mb_max": 4228.42578125,
    "gpu_memory_mb_mean": 439.45121626420456,
    "gpu_memory_mb_max": 439.90576171875,
    "gpu_utilization_mean": 0.0,
    "gpu_utilization_max": 0.0,
    "learning_rate": 3.520365877844009e-05
  }
}