{
  "epoch": 18,
  "train": {
    "epoch": 18,
    "phase": "train",
    "timestamp_start": 1775688792.1393492,
    "timestamp_end": 1775688825.4213214,
    "duration_sec": 33.2819721698761,
    "loss_mean": 0.23052939684952006,
    "loss_std": 0.0023195722628813324,
    "loss_min": 0.22437778115272522,
    "loss_max": 0.23556938767433167,
    "accuracy_mean": 0.9987645593343997,
    "iou_mean": 0.9144417187746834,
    "dice_mean": 0.9552909860423967,
    "precision_mean": 0.5,
    "recall_mean": 0.5,
    "f1_mean": 0.4999999403953552,
    "avg_batch_time_ms": 566.0497955247467,
    "avg_forward_time_ms": 166.28965209512148,
    "avg_backward_time_ms": 220.0016694910386,
    "avg_data_load_time_ms": 79.31780815124512,
    "throughput_samples_per_sec": 49.215833474032316,
    "cpu_percent_mean": 34.60392156862745,
    "cpu_percent_max": 53.9,
    "ram_used_mb_mean": 4038.664751838235,
    "ram_used_mb_max": 4073.8984375,
    "gpu_memory_mb_mean": 439.66738472732845,
    "gpu_memory_mb_max": 440.89013671875,
    "gpu_utilization_mean": 0.0,
    "gpu_utilization_max": 0.0,
    "learning_rate": 4.0208371304520894e-05
  },
  "val": {
    "epoch": 18,
    "phase": "val",
    "timestamp_start": 1775688825.4313118,
    "timestamp_end": 1775688830.6184454,
    "duration_sec": 5.187133550643921,
    "loss_mean": 0.22887898710640994,
    "loss_std": 0.001807441054360224,
    "loss_min": 0.22606709599494934,
    "loss_max": 0.23330257833003998,
    "accuracy_mean": 0.9986815723505887,
    "iou_mean": 0.9091529412703081,
    "dice_mean": 0.9524101289835843,
    "precision_mean": 0.5,
    "recall_mean": 0.5,
    "f1_mean": 0.4999999403953552,
    "avg_batch_time_ms": 333.55090834877706,
    "avg_forward_time_ms": 158.24987671592018,
    "avg_backward_time_ms": 0.0,
    "avg_data_load_time_ms": 125.4107735373757,
    "throughput_samples_per_sec": 67.66743068653544,
    "cpu_percent_mean": 58.9,
    "cpu_percent_max": 86.1,
    "ram_used_mb_mean": 4050.0667613636365,
    "ram_used_mb_max": 4077.91796875,
    "gpu_memory_mb_mean": 438.58012251420456,
    "gpu_memory_mb_max": 439.03466796875,
    "gpu_utilization_mean": 0.0,
    "gpu_utilization_max": 0.0,
    "learning_rate": 4.0208371304520894e-05
  }
}