{
  "epoch": 6,
  "train": {
    "epoch": 6,
    "phase": "train",
    "timestamp_start": 1775688329.3731146,
    "timestamp_end": 1775688362.4261556,
    "duration_sec": 33.053040981292725,
    "loss_mean": 0.3181697866495918,
    "loss_std": 0.0038933773910389616,
    "loss_min": 0.30993756651878357,
    "loss_max": 0.32663363218307495,
    "accuracy_mean": 0.9971927708270503,
    "iou_mean": 0.8226617878558589,
    "dice_mean": 0.9026230094479579,
    "precision_mean": 0.5,
    "recall_mean": 0.5,
    "f1_mean": 0.4999999403953552,
    "avg_batch_time_ms": 560.4642980238971,
    "avg_forward_time_ms": 166.44440445245482,
    "avg_backward_time_ms": 209.26358185562432,
    "avg_data_load_time_ms": 80.90022965973499,
    "throughput_samples_per_sec": 49.55671101267418,
    "cpu_percent_mean": 35.41372549019608,
    "cpu_percent_max": 56.5,
    "ram_used_mb_mean": 3103.4761029411766,
    "ram_used_mb_max": 3151.2109375,
    "gpu_memory_mb_mean": 439.66738472732845,
    "gpu_memory_mb_max": 440.89013671875,
    "gpu_utilization_mean": 0.0,
    "gpu_utilization_max": 0.0,
    "learning_rate": 9.336825748732972e-05
  },
  "val": {
    "epoch": 6,
    "phase": "val",
    "timestamp_start": 1775688362.4361913,
    "timestamp_end": 1775688367.62297,
    "duration_sec": 5.186778783798218,
    "loss_mean": 0.31306351043961267,
    "loss_std": 0.0012365364280639455,
    "loss_min": 0.3110378384590149,
    "loss_max": 0.31573712825775146,
    "accuracy_mean": 0.9970233711329374,
    "iou_mean": 0.8133673722093756,
    "dice_mean": 0.8970499255440452,
    "precision_mean": 0.5,
    "recall_mean": 0.5,
    "f1_mean": 0.4999999403953552,
    "avg_batch_time_ms": 332.33144066550517,
    "avg_forward_time_ms": 157.99812837080523,
    "avg_backward_time_ms": 0.0,
    "avg_data_load_time_ms": 128.7770921533758,
    "throughput_samples_per_sec": 67.67205902368691,
    "cpu_percent_mean": 53.67272727272728,
    "cpu_percent_max": 82.4,
    "ram_used_mb_mean": 3118.072443181818,
    "ram_used_mb_max": 3170.5390625,
    "gpu_memory_mb_mean": 438.58012251420456,
    "gpu_memory_mb_max": 439.03466796875,
    "gpu_utilization_mean": 0.0,
    "gpu_utilization_max": 0.0,
    "learning_rate": 9.336825748732972e-05
  }
}