{
  "epoch": 12,
  "train": {
    "epoch": 12,
    "phase": "train",
    "timestamp_start": 1775688560.1362085,
    "timestamp_end": 1775688593.5146277,
    "duration_sec": 33.378419160842896,
    "loss_mean": 0.2631521195757623,
    "loss_std": 0.0020550128044145807,
    "loss_min": 0.25838321447372437,
    "loss_max": 0.2668224275112152,
    "accuracy_mean": 0.9983389564588958,
    "iou_mean": 0.8880098882843467,
    "dice_mean": 0.9406391989951041,
    "precision_mean": 0.5,
    "recall_mean": 0.5,
    "f1_mean": 0.4999999403953552,
    "avg_batch_time_ms": 567.1967992595597,
    "avg_forward_time_ms": 166.54805576100068,
    "avg_backward_time_ms": 219.1605053695978,
    "avg_data_load_time_ms": 80.21004059735466,
    "throughput_samples_per_sec": 49.07362425125217,
    "cpu_percent_mean": 34.83725490196078,
    "cpu_percent_max": 54.8,
    "ram_used_mb_mean": 3566.34765625,
    "ram_used_mb_max": 3601.43359375,
    "gpu_memory_mb_mean": 439.66738472732845,
    "gpu_memory_mb_max": 440.89013671875,
    "gpu_utilization_mean": 0.0,
    "gpu_utilization_max": 0.0,
    "learning_rate": 7.06334638322521e-05
  },
  "val": {
    "epoch": 12,
    "phase": "val",
    "timestamp_start": 1775688593.524212,
    "timestamp_end": 1775688598.6627753,
    "duration_sec": 5.138563394546509,
    "loss_mean": 0.2602787803519856,
    "loss_std": 0.001593357964284297,
    "loss_min": 0.25773051381111145,
    "loss_max": 0.2642354369163513,
    "accuracy_mean": 0.9983141747387972,
    "iou_mean": 0.8864828402345831,
    "dice_mean": 0.939815179868178,
    "precision_mean": 0.5,
    "recall_mean": 0.5,
    "f1_mean": 0.4999999403953552,
    "avg_batch_time_ms": 331.54999126087534,
    "avg_forward_time_ms": 156.64438767866656,
    "avg_backward_time_ms": 0.0,
    "avg_data_load_time_ms": 124.43020127036355,
    "throughput_samples_per_sec": 68.30702923165487,
    "cpu_percent_mean": 53.28181818181818,
    "cpu_percent_max": 88.0,
    "ram_used_mb_mean": 3580.5866477272725,
    "ram_used_mb_max": 3618.9296875,
    "gpu_memory_mb_mean": 438.58012251420456,
    "gpu_memory_mb_max": 439.03466796875,
    "gpu_utilization_mean": 0.0,
    "gpu_utilization_max": 0.0,
    "learning_rate": 7.06334638322521e-05
  }
}