{
  "epoch": 14,
  "train": {
    "epoch": 14,
    "phase": "train",
    "timestamp_start": 1775688637.5495114,
    "timestamp_end": 1775688670.8808491,
    "duration_sec": 33.331337690353394,
    "loss_mean": 0.25023506055859956,
    "loss_std": 0.0022039296823559078,
    "loss_min": 0.24423952400684357,
    "loss_max": 0.25478798151016235,
    "accuracy_mean": 0.998492673331616,
    "iou_mean": 0.8973094189868254,
    "dice_mean": 0.94585581036175,
    "precision_mean": 0.5,
    "recall_mean": 0.5,
    "f1_mean": 0.4999999403953552,
    "avg_batch_time_ms": 567.4512994055655,
    "avg_forward_time_ms": 166.51951565462,
    "avg_backward_time_ms": 218.5209919424618,
    "avg_data_load_time_ms": 79.16651520074582,
    "throughput_samples_per_sec": 49.142942153025636,
    "cpu_percent_mean": 35.32941176470588,
    "cpu_percent_max": 58.6,
    "ram_used_mb_mean": 3724.3979013480393,
    "ram_used_mb_max": 3762.38671875,
    "gpu_memory_mb_mean": 439.66738472732845,
    "gpu_memory_mb_max": 440.89013671875,
    "gpu_utilization_mean": 0.0,
    "gpu_utilization_max": 0.0,
    "learning_rate": 6.079162869547907e-05
  },
  "val": {
    "epoch": 14,
    "phase": "val",
    "timestamp_start": 1775688670.8906822,
    "timestamp_end": 1775688676.0444486,
    "duration_sec": 5.153766393661499,
    "loss_mean": 0.24815590544180435,
    "loss_std": 0.0015652682634117283,
    "loss_min": 0.2458781599998474,
    "loss_max": 0.25216540694236755,
    "accuracy_mean": 0.998082778670571,
    "iou_mean": 0.8738533420996233,
    "dice_mean": 0.9326697479594838,
    "precision_mean": 0.5,
    "recall_mean": 0.5,
    "f1_mean": 0.4999999403953552,
    "avg_batch_time_ms": 330.44851909984243,
    "avg_forward_time_ms": 155.56959672407672,
    "avg_backward_time_ms": 0.0,
    "avg_data_load_time_ms": 126.50361928072843,
    "throughput_samples_per_sec": 68.10553160338951,
    "cpu_percent_mean": 55.854545454545445,
    "cpu_percent_max": 87.6,
    "ram_used_mb_mean": 3741.8288352272725,
    "ram_used_mb_max": 3779.7265625,
    "gpu_memory_mb_mean": 438.58012251420456,
    "gpu_memory_mb_max": 439.03466796875,
    "gpu_utilization_mean": 0.0,
    "gpu_utilization_max": 0.0,
    "learning_rate": 6.079162869547907e-05
  }
}