{
  "epoch": 11,
  "train": {
    "epoch": 11,
    "phase": "train",
    "timestamp_start": 1775688521.4994972,
    "timestamp_end": 1775688554.8009546,
    "duration_sec": 33.30145740509033,
    "loss_mean": 0.2706963601065617,
    "loss_std": 0.003188639595207187,
    "loss_min": 0.26120978593826294,
    "loss_max": 0.2779202461242676,
    "accuracy_mean": 0.9981861418368769,
    "iou_mean": 0.8788620525715398,
    "dice_mean": 0.9354574318025627,
    "precision_mean": 0.5,
    "recall_mean": 0.5,
    "f1_mean": 0.4999999403953552,
    "avg_batch_time_ms": 565.5083796557258,
    "avg_forward_time_ms": 164.88222514881807,
    "avg_backward_time_ms": 218.1862475825291,
    "avg_data_load_time_ms": 80.68129128100826,
    "throughput_samples_per_sec": 49.18703647335332,
    "cpu_percent_mean": 34.78235294117647,
    "cpu_percent_max": 71.4,
    "ram_used_mb_mean": 3487.7201286764707,
    "ram_used_mb_max": 3531.625,
    "gpu_memory_mb_mean": 439.6399931066176,
    "gpu_memory_mb_max": 439.90576171875,
    "gpu_utilization_mean": 0.0,
    "gpu_utilization_max": 0.0,
    "learning_rate": 7.524999999999999e-05
  },
  "val": {
    "epoch": 11,
    "phase": "val",
    "timestamp_start": 1775688554.8096538,
    "timestamp_end": 1775688559.9467266,
    "duration_sec": 5.137072801589966,
    "loss_mean": 0.26702475818720733,
    "loss_std": 0.0015020737198248352,
    "loss_min": 0.2645973563194275,
    "loss_max": 0.2706827223300934,
    "accuracy_mean": 0.9984551613981073,
    "iou_mean": 0.8942081440578807,
    "dice_mean": 0.9441445632414385,
    "precision_mean": 0.5,
    "recall_mean": 0.5,
    "f1_mean": 0.4999999403953552,
    "avg_batch_time_ms": 334.97567610307175,
    "avg_forward_time_ms": 159.92788835005328,
    "avg_backward_time_ms": 0.0,
    "avg_data_load_time_ms": 119.93843858892268,
    "throughput_samples_per_sec": 68.32684946402992,
    "cpu_percent_mean": 53.51818181818182,
    "cpu_percent_max": 84.8,
    "ram_used_mb_mean": 3499.6370738636365,
    "ram_used_mb_max": 3528.9375,
    "gpu_memory_mb_mean": 439.45121626420456,
    "gpu_memory_mb_max": 439.90576171875,
    "gpu_utilization_mean": 0.0,
    "gpu_utilization_max": 0.0,
    "learning_rate": 7.524999999999999e-05
  }
}