{
  "epoch": 30,
  "train": {
    "epoch": 30,
    "phase": "train",
    "timestamp_start": 1775689258.7263827,
    "timestamp_end": 1775689292.4164927,
    "duration_sec": 33.690109968185425,
    "loss_mean": 0.21127440736574285,
    "loss_std": 0.0025303721432585065,
    "loss_min": 0.20470422506332397,
    "loss_max": 0.21840161085128784,
    "accuracy_mean": 0.9990570498447792,
    "iou_mean": 0.9334858293626823,
    "dice_mean": 0.9655942718187968,
    "precision_mean": 0.5,
    "recall_mean": 0.5,
    "f1_mean": 0.4999999403953552,
    "avg_batch_time_ms": 572.0206756217807,
    "avg_forward_time_ms": 170.63594331928329,
    "avg_backward_time_ms": 219.90286602693445,
    "avg_data_load_time_ms": 80.77373224146226,
    "throughput_samples_per_sec": 48.61960977707737,
    "cpu_percent_mean": 33.49019607843137,
    "cpu_percent_max": 69.8,
    "ram_used_mb_mean": 5060.881893382353,
    "ram_used_mb_max": 5113.5078125,
    "gpu_memory_mb_mean": 439.66738472732845,
    "gpu_memory_mb_max": 440.89013671875,
    "gpu_utilization_mean": 0.0,
    "gpu_utilization_max": 0.0,
    "learning_rate": 1.2711661792704668e-06
  },
  "val": {
    "epoch": 30,
    "phase": "val",
    "timestamp_start": 1775689292.4262233,
    "timestamp_end": 1775689297.6641529,
    "duration_sec": 5.237929582595825,
    "loss_mean": 0.2116695696657354,
    "loss_std": 0.0019205453617922358,
    "loss_min": 0.2086583375930786,
    "loss_max": 0.21640507876873016,
    "accuracy_mean": 0.998844401402907,
    "iou_mean": 0.9197424866936423,
    "dice_mean": 0.95819030566649,
    "precision_mean": 0.5,
    "recall_mean": 0.5,
    "f1_mean": 0.4999999403953552,
    "avg_batch_time_ms": 331.4883058721369,
    "avg_forward_time_ms": 157.58061408996582,
    "avg_backward_time_ms": 0.0,
    "avg_data_load_time_ms": 129.45116649974477,
    "throughput_samples_per_sec": 67.01121014804681,
    "cpu_percent_mean": 56.06363636363637,
    "cpu_percent_max": 84.5,
    "ram_used_mb_mean": 5010.317826704545,
    "ram_used_mb_max": 5041.46875,
    "gpu_memory_mb_mean": 438.58012251420456,
    "gpu_memory_mb_max": 439.03466796875,
    "gpu_utilization_mean": 0.0,
    "gpu_utilization_max": 0.0,
    "learning_rate": 1.2711661792704668e-06
  }
}