{
  "epoch": 7,
  "train": {
    "epoch": 7,
    "phase": "train",
    "timestamp_start": 1775688367.7985969,
    "timestamp_end": 1775688400.7314842,
    "duration_sec": 32.93288731575012,
    "loss_mean": 0.30713826067307415,
    "loss_std": 0.0034141490856905332,
    "loss_min": 0.299621045589447,
    "loss_max": 0.3169269859790802,
    "accuracy_mean": 0.9975095660078759,
    "iou_mean": 0.8397295194513658,
    "dice_mean": 0.9127879797243604,
    "precision_mean": 0.5,
    "recall_mean": 0.5,
    "f1_mean": 0.4999999403953552,
    "avg_batch_time_ms": 558.9735694960052,
    "avg_forward_time_ms": 165.5748357959822,
    "avg_backward_time_ms": 211.5905612122779,
    "avg_data_load_time_ms": 79.93498502993116,
    "throughput_samples_per_sec": 49.737515702627995,
    "cpu_percent_mean": 35.40980392156863,
    "cpu_percent_max": 58.6,
    "ram_used_mb_mean": 3177.3255974264707,
    "ram_used_mb_max": 3223.90234375,
    "gpu_memory_mb_mean": 439.6399931066176,
    "gpu_memory_mb_max": 439.90576171875,
    "gpu_utilization_mean": 0.0,
    "gpu_utilization_max": 0.0,
    "learning_rate": 9.05463412215599e-05
  },
  "val": {
    "epoch": 7,
    "phase": "val",
    "timestamp_start": 1775688400.740991,
    "timestamp_end": 1775688405.85358,
    "duration_sec": 5.112588882446289,
    "loss_mean": 0.3023968555710532,
    "loss_std": 0.0012773244263293495,
    "loss_min": 0.3003099262714386,
    "loss_max": 0.3053463399410248,
    "accuracy_mean": 0.9976942918517373,
    "iou_mean": 0.8489760593934492,
    "dice_mean": 0.9182954105463895,
    "precision_mean": 0.5,
    "recall_mean": 0.5,
    "f1_mean": 0.4999999403953552,
    "avg_batch_time_ms": 333.48233049566096,
    "avg_forward_time_ms": 157.4355038729581,
    "avg_backward_time_ms": 0.0,
    "avg_data_load_time_ms": 121.13592841408469,
    "throughput_samples_per_sec": 68.65406315088889,
    "cpu_percent_mean": 55.61818181818182,
    "cpu_percent_max": 83.2,
    "ram_used_mb_mean": 3196.365411931818,
    "ram_used_mb_max": 3241.78125,
    "gpu_memory_mb_mean": 439.45121626420456,
    "gpu_memory_mb_max": 439.90576171875,
    "gpu_utilization_mean": 0.0,
    "gpu_utilization_max": 0.0,
    "learning_rate": 9.05463412215599e-05
  }
}