{
  "epoch": 8,
  "train": {
    "epoch": 8,
    "phase": "train",
    "timestamp_start": 1775688406.0141377,
    "timestamp_end": 1775688438.9990125,
    "duration_sec": 32.9848747253418,
    "loss_mean": 0.2969500749718909,
    "loss_std": 0.003324636098480538,
    "loss_min": 0.2897937297821045,
    "loss_max": 0.3036407232284546,
    "accuracy_mean": 0.9977541951572194,
    "iou_mean": 0.8534866162374908,
    "dice_mean": 0.92089883369558,
    "precision_mean": 0.5,
    "recall_mean": 0.5,
    "f1_mean": 0.4999999403953552,
    "avg_batch_time_ms": 559.5983243456074,
    "avg_forward_time_ms": 165.14125524782668,
    "avg_backward_time_ms": 213.21668344385483,
    "avg_data_load_time_ms": 80.36332971909466,
    "throughput_samples_per_sec": 49.65912448172946,
    "cpu_percent_mean": 34.85098039215686,
    "cpu_percent_max": 61.1,
    "ram_used_mb_mean": 3255.824525122549,
    "ram_used_mb_max": 3297.6484375,
    "gpu_memory_mb_mean": 439.66738472732845,
    "gpu_memory_mb_max": 440.89013671875,
    "gpu_utilization_mean": 0.0,
    "gpu_utilization_max": 0.0,
    "learning_rate": 8.728566886113101e-05
  },
  "val": {
    "epoch": 8,
    "phase": "val",
    "timestamp_start": 1775688439.0090573,
    "timestamp_end": 1775688444.189263,
    "duration_sec": 5.180205821990967,
    "loss_mean": 0.2922965098511089,
    "loss_std": 0.0013467821574134132,
    "loss_min": 0.29032206535339355,
    "loss_max": 0.2958177626132965,
    "accuracy_mean": 0.9976749311793934,
    "iou_mean": 0.8499371842904524,
    "dice_mean": 0.9188691702756014,
    "precision_mean": 0.5,
    "recall_mean": 0.5,
    "f1_mean": 0.4999999403953552,
    "avg_batch_time_ms": 337.5124714591286,
    "avg_forward_time_ms": 160.1168459111994,
    "avg_backward_time_ms": 0.0,
    "avg_data_load_time_ms": 123.08482690290971,
    "throughput_samples_per_sec": 67.75792546889502,
    "cpu_percent_mean": 58.39090909090908,
    "cpu_percent_max": 91.0,
    "ram_used_mb_mean": 3265.9215198863635,
    "ram_used_mb_max": 3298.9765625,
    "gpu_memory_mb_mean": 438.58012251420456,
    "gpu_memory_mb_max": 439.03466796875,
    "gpu_utilization_mean": 0.0,
    "gpu_utilization_max": 0.0,
    "learning_rate": 8.728566886113101e-05
  }
}