{
  "epoch": 4,
  "train": {
    "epoch": 4,
    "phase": "train",
    "timestamp_start": 1775688253.4540508,
    "timestamp_end": 1775688285.9414785,
    "duration_sec": 32.487427711486816,
    "loss_mean": 0.3437436789858575,
    "loss_std": 0.00460293383086453,
    "loss_min": 0.3330611288547516,
    "loss_max": 0.35177087783813477,
    "accuracy_mean": 0.9962303357965806,
    "iou_mean": 0.7736858515178456,
    "dice_mean": 0.8722463787770739,
    "precision_mean": 0.5,
    "recall_mean": 0.5,
    "f1_mean": 0.4999999403953552,
    "avg_batch_time_ms": 551.4189729503556,
    "avg_forward_time_ms": 164.34439958310594,
    "avg_backward_time_ms": 204.69976406471403,
    "avg_data_load_time_ms": 78.8565149494246,
    "throughput_samples_per_sec": 50.419504263208886,
    "cpu_percent_mean": 35.54509803921568,
    "cpu_percent_max": 100.0,
    "ram_used_mb_mean": 2947.2177542892155,
    "ram_used_mb_max": 2985.203125,
    "gpu_memory_mb_mean": 439.66738472732845,
    "gpu_memory_mb_max": 440.89013671875,
    "gpu_utilization_mean": 0.0,
    "gpu_utilization_max": 0.0,
    "learning_rate": 9.757729755661011e-05
  },
  "val": {
    "epoch": 4,
    "phase": "val",
    "timestamp_start": 1775688285.9502163,
    "timestamp_end": 1775688291.1158447,
    "duration_sec": 5.165628433227539,
    "loss_mean": 0.33790959282354877,
    "loss_std": 0.0015324574632303567,
    "loss_min": 0.3354470133781433,
    "loss_max": 0.340326189994812,
    "accuracy_mean": 0.9967743591828779,
    "iou_mean": 0.7972336953336542,
    "dice_mean": 0.8870740153572776,
    "precision_mean": 0.5,
    "recall_mean": 0.5,
    "f1_mean": 0.4999999403953552,
    "avg_batch_time_ms": 335.4893597689542,
    "avg_forward_time_ms": 157.94832056218928,
    "avg_backward_time_ms": 0.0,
    "avg_data_load_time_ms": 124.13245981389827,
    "throughput_samples_per_sec": 67.94913814207335,
    "cpu_percent_mean": 57.14545454545455,
    "cpu_percent_max": 82.0,
    "ram_used_mb_mean": 2956.5159801136365,
    "ram_used_mb_max": 2993.66796875,
    "gpu_memory_mb_mean": 438.58012251420456,
    "gpu_memory_mb_max": 439.03466796875,
    "gpu_utilization_mean": 0.0,
    "gpu_utilization_max": 0.0,
    "learning_rate": 9.757729755661011e-05
  }
}