{
  "epoch": 13,
  "train": {
    "epoch": 13,
    "phase": "train",
    "timestamp_start": 1775688598.8328857,
    "timestamp_end": 1775688632.248243,
    "duration_sec": 33.4153573513031,
    "loss_mean": 0.2564137309205298,
    "loss_std": 0.0026551118995893413,
    "loss_min": 0.24843132495880127,
    "loss_max": 0.26113659143447876,
    "accuracy_mean": 0.9984055547153249,
    "iou_mean": 0.8921271071714514,
    "dice_mean": 0.9429290177775365,
    "precision_mean": 0.5,
    "recall_mean": 0.5,
    "f1_mean": 0.4999999403953552,
    "avg_batch_time_ms": 563.903803918876,
    "avg_forward_time_ms": 168.0428280549891,
    "avg_backward_time_ms": 219.98002949882957,
    "avg_data_load_time_ms": 84.32656175949994,
    "throughput_samples_per_sec": 49.019377012172605,
    "cpu_percent_mean": 33.66078431372549,
    "cpu_percent_max": 75.3,
    "ram_used_mb_mean": 3649.9237898284314,
    "ram_used_mb_max": 3715.7578125,
    "gpu_memory_mb_mean": 439.6399931066176,
    "gpu_memory_mb_max": 439.90576171875,
    "gpu_utilization_mean": 0.0,
    "gpu_utilization_max": 0.0,
    "learning_rate": 6.579634122155988e-05
  },
  "val": {
    "epoch": 13,
    "phase": "val",
    "timestamp_start": 1775688632.2574198,
    "timestamp_end": 1775688637.3850696,
    "duration_sec": 5.127649784088135,
    "loss_mean": 0.2533394450491125,
    "loss_std": 0.0015822671221080787,
    "loss_min": 0.25080257654190063,
    "loss_max": 0.2573537230491638,
    "accuracy_mean": 0.9984251856803894,
    "iou_mean": 0.8928973728960211,
    "dice_mean": 0.9434123689478094,
    "precision_mean": 0.5,
    "recall_mean": 0.5,
    "f1_mean": 0.4999999403953552,
    "avg_batch_time_ms": 331.25827529213643,
    "avg_forward_time_ms": 156.93751248446378,
    "avg_backward_time_ms": 0.0,
    "avg_data_load_time_ms": 123.35196408358487,
    "throughput_samples_per_sec": 68.45241285573081,
    "cpu_percent_mean": 56.49090909090908,
    "cpu_percent_max": 91.0,
    "ram_used_mb_mean": 3659.2858664772725,
    "ram_used_mb_max": 3692.83203125,
    "gpu_memory_mb_mean": 439.45121626420456,
    "gpu_memory_mb_max": 439.90576171875,
    "gpu_utilization_mean": 0.0,
    "gpu_utilization_max": 0.0,
    "learning_rate": 6.579634122155988e-05
  }
}