{
  "epoch": 16,
  "train": {
    "epoch": 16,
    "phase": "train",
    "timestamp_start": 1775688714.83586,
    "timestamp_end": 1775688748.1200387,
    "duration_sec": 33.284178733825684,
    "loss_mean": 0.23935016230040906,
    "loss_std": 0.0024626354681906715,
    "loss_min": 0.23465216159820557,
    "loss_max": 0.2443976253271103,
    "accuracy_mean": 0.9986448171092015,
    "iou_mean": 0.9067717159495634,
    "dice_mean": 0.9510840878767126,
    "precision_mean": 0.5,
    "recall_mean": 0.5,
    "f1_mean": 0.4999999403953552,
    "avg_batch_time_ms": 564.8022539475385,
    "avg_forward_time_ms": 165.64353307088217,
    "avg_backward_time_ms": 219.36580246570063,
    "avg_data_load_time_ms": 80.8121643814386,
    "throughput_samples_per_sec": 49.21257072614356,
    "cpu_percent_mean": 34.037254901960786,
    "cpu_percent_max": 66.7,
    "ram_used_mb_mean": 3879.769837622549,
    "ram_used_mb_max": 3915.75390625,
    "gpu_memory_mb_mean": 439.66738472732845,
    "gpu_memory_mb_max": 440.89013671875,
    "gpu_utilization_mean": 0.0,
    "gpu_utilization_max": 0.0,
    "learning_rate": 5.05e-05
  },
  "val": {
    "epoch": 16,
    "phase": "val",
    "timestamp_start": 1775688748.1292872,
    "timestamp_end": 1775688753.27022,
    "duration_sec": 5.14093279838562,
    "loss_mean": 0.23713754523884167,
    "loss_std": 0.0016780977512679093,
    "loss_min": 0.23443832993507385,
    "loss_max": 0.24126026034355164,
    "accuracy_mean": 0.9986249641938643,
    "iou_mean": 0.9054062095555392,
    "dice_mean": 0.9503506638787009,
    "precision_mean": 0.5,
    "recall_mean": 0.5,
    "f1_mean": 0.4999999403953552,
    "avg_batch_time_ms": 332.179914821278,
    "avg_forward_time_ms": 160.09283065795898,
    "avg_backward_time_ms": 0.0,
    "avg_data_load_time_ms": 123.21456995877352,
    "throughput_samples_per_sec": 68.27554721396527,
    "cpu_percent_mean": 58.0090909090909,
    "cpu_percent_max": 84.1,
    "ram_used_mb_mean": 3899.8512073863635,
    "ram_used_mb_max": 3919.85546875,
    "gpu_memory_mb_mean": 438.58012251420456,
    "gpu_memory_mb_max": 439.03466796875,
    "gpu_utilization_mean": 0.0,
    "gpu_utilization_max": 0.0,
    "learning_rate": 5.05e-05
  }
}