{
  "epoch": 23,
  "train": {
    "epoch": 23,
    "phase": "train",
    "timestamp_start": 1775688986.233333,
    "timestamp_end": 1775689019.779997,
    "duration_sec": 33.546663999557495,
    "loss_mean": 0.21661288393478767,
    "loss_std": 0.002693585869228527,
    "loss_min": 0.21113401651382446,
    "loss_max": 0.22403526306152344,
    "accuracy_mean": 0.9989616403392717,
    "iou_mean": 0.9271705559655732,
    "dice_mean": 0.9621986992218915,
    "precision_mean": 0.5,
    "recall_mean": 0.5,
    "f1_mean": 0.4999999403953552,
    "avg_batch_time_ms": 570.0095821829403,
    "avg_forward_time_ms": 167.16778044607125,
    "avg_backward_time_ms": 220.69278885336485,
    "avg_data_load_time_ms": 80.13502756754558,
    "throughput_samples_per_sec": 48.8275078565668,
    "cpu_percent_mean": 35.15686274509804,
    "cpu_percent_max": 56.8,
    "ram_used_mb_mean": 4428.335248161765,
    "ram_used_mb_max": 4472.41015625,
    "gpu_memory_mb_mean": 439.6399931066176,
    "gpu_memory_mb_max": 439.90576171875,
    "gpu_utilization_mean": 0.0,
    "gpu_utilization_max": 0.0,
    "learning_rate": 1.737803498523653e-05
  },
  "val": {
    "epoch": 23,
    "phase": "val",
    "timestamp_start": 1775689019.78973,
    "timestamp_end": 1775689024.9922612,
    "duration_sec": 5.202531099319458,
    "loss_mean": 0.21605239402164111,
    "loss_std": 0.001898918312541663,
    "loss_min": 0.2131117880344391,
    "loss_max": 0.2207639515399933,
    "accuracy_mean": 0.998768763108687,
    "iou_mean": 0.9149147488854148,
    "dice_mean": 0.9555633230642839,
    "precision_mean": 0.5,
    "recall_mean": 0.5,
    "f1_mean": 0.4999999403953552,
    "avg_batch_time_ms": 327.2334662350741,
    "avg_forward_time_ms": 158.44358097423208,
    "avg_backward_time_ms": 0.0,
    "avg_data_load_time_ms": 132.10875337774104,
    "throughput_samples_per_sec": 67.46716036852028,
    "cpu_percent_mean": 54.57272727272727,
    "cpu_percent_max": 84.2,
    "ram_used_mb_mean": 4456.159801136364,
    "ram_used_mb_max": 4498.40625,
    "gpu_memory_mb_mean": 439.45121626420456,
    "gpu_memory_mb_max": 439.90576171875,
    "gpu_utilization_mean": 0.0,
    "gpu_utilization_max": 0.0,
    "learning_rate": 1.737803498523653e-05
  }
}