{
  "epoch": 29,
  "train": {
    "epoch": 29,
    "phase": "train",
    "timestamp_start": 1775689219.7775478,
    "timestamp_end": 1775689253.3475554,
    "duration_sec": 33.57000756263733,
    "loss_mean": 0.2114804121209126,
    "loss_std": 0.002701405702285827,
    "loss_min": 0.2042761743068695,
    "loss_max": 0.21615462005138397,
    "accuracy_mean": 0.9990425273483875,
    "iou_mean": 0.932506354416118,
    "dice_mean": 0.9650695335631277,
    "precision_mean": 0.5,
    "recall_mean": 0.5,
    "f1_mean": 0.4999999403953552,
    "avg_batch_time_ms": 568.9865607841342,
    "avg_forward_time_ms": 166.59078411027497,
    "avg_backward_time_ms": 219.8619375041887,
    "avg_data_load_time_ms": 81.53263260336483,
    "throughput_samples_per_sec": 48.793554691451945,
    "cpu_percent_mean": 33.83725490196078,
    "cpu_percent_max": 69.2,
    "ram_used_mb_mean": 4908.466452205882,
    "ram_used_mb_max": 4950.58984375,
    "gpu_memory_mb_mean": 439.6399931066176,
    "gpu_memory_mb_max": 439.90576171875,
    "gpu_utilization_mean": 0.0,
    "gpu_utilization_max": 0.0,
    "learning_rate": 2.0816937636766182e-06
  },
  "val": {
    "epoch": 29,
    "phase": "val",
    "timestamp_start": 1775689253.3575802,
    "timestamp_end": 1775689258.563902,
    "duration_sec": 5.206321716308594,
    "loss_mean": 0.21174068342555652,
    "loss_std": 0.0019307733791096315,
    "loss_min": 0.2087274193763733,
    "loss_max": 0.21650543808937073,
    "accuracy_mean": 0.9988950599323619,
    "iou_mean": 0.9229038574478843,
    "dice_mean": 0.9599029801108621,
    "precision_mean": 0.5,
    "recall_mean": 0.5,
    "f1_mean": 0.4999999403953552,
    "avg_batch_time_ms": 333.7364847009832,
    "avg_forward_time_ms": 158.63849899985573,
    "avg_backward_time_ms": 0.0,
    "avg_data_load_time_ms": 125.15653263438831,
    "throughput_samples_per_sec": 67.41803890076685,
    "cpu_percent_mean": 51.17272727272727,
    "cpu_percent_max": 64.6,
    "ram_used_mb_mean": 4932.106178977273,
    "ram_used_mb_max": 4957.28125,
    "gpu_memory_mb_mean": 439.45121626420456,
    "gpu_memory_mb_max": 439.90576171875,
    "gpu_utilization_mean": 0.0,
    "gpu_utilization_max": 0.0,
    "learning_rate": 2.0816937636766182e-06
  }
}