{
  "epoch": 21,
  "train": {
    "epoch": 21,
    "phase": "train",
    "timestamp_start": 1775688908.582485,
    "timestamp_end": 1775688942.0613449,
    "duration_sec": 33.47885990142822,
    "loss_mean": 0.22085391832332985,
    "loss_std": 0.0022504102398535064,
    "loss_min": 0.21583233773708344,
    "loss_max": 0.22487054765224457,
    "accuracy_mean": 0.9988869825998942,
    "iou_mean": 0.9223392933022743,
    "dice_mean": 0.9595905659245509,
    "precision_mean": 0.5,
    "recall_mean": 0.5,
    "f1_mean": 0.4999999403953552,
    "avg_batch_time_ms": 568.9347491544836,
    "avg_forward_time_ms": 166.41894041323195,
    "avg_backward_time_ms": 220.70937998154585,
    "avg_data_load_time_ms": 80.20810052460315,
    "throughput_samples_per_sec": 48.92639727944028,
    "cpu_percent_mean": 35.45882352941176,
    "cpu_percent_max": 69.0,
    "ram_used_mb_mean": 4273.416896446079,
    "ram_used_mb_max": 4312.33984375,
    "gpu_memory_mb_mean": 439.6399931066176,
    "gpu_memory_mb_max": 439.90576171875,
    "gpu_utilization_mean": 0.0,
    "gpu_utilization_max": 0.0,
    "learning_rate": 2.5750000000000002e-05
  },
  "val": {
    "epoch": 21,
    "phase": "val",
    "timestamp_start": 1775688942.071386,
    "timestamp_end": 1775688947.2921224,
    "duration_sec": 5.220736265182495,
    "loss_mean": 0.22009097175164657,
    "loss_std": 0.001868677777928468,
    "loss_min": 0.21716509759426117,
    "loss_max": 0.22470615804195404,
    "accuracy_mean": 0.9987258423458446,
    "iou_mean": 0.9121579148552634,
    "dice_mean": 0.9540585550394926,
    "precision_mean": 0.5,
    "recall_mean": 0.5,
    "f1_mean": 0.4999999403953552,
    "avg_batch_time_ms": 329.7220793637362,
    "avg_forward_time_ms": 158.96012566306374,
    "avg_backward_time_ms": 0.0,
    "avg_data_load_time_ms": 131.76954876292837,
    "throughput_samples_per_sec": 67.23189645507414,
    "cpu_percent_mean": 53.709090909090904,
    "cpu_percent_max": 77.8,
    "ram_used_mb_mean": 4290.4140625,
    "ram_used_mb_max": 4340.48046875,
    "gpu_memory_mb_mean": 439.45121626420456,
    "gpu_memory_mb_max": 439.90576171875,
    "gpu_utilization_mean": 0.0,
    "gpu_utilization_max": 0.0,
    "learning_rate": 2.5750000000000002e-05
  }
}