{
  "epoch": 3,
  "train": {
    "epoch": 3,
    "phase": "train",
    "timestamp_start": 1775688215.629529,
    "timestamp_end": 1775688248.0642598,
    "duration_sec": 32.434730768203735,
    "loss_mean": 0.35964519603579653,
    "loss_std": 0.0049691678653754155,
    "loss_min": 0.34981879591941833,
    "loss_max": 0.3690339922904968,
    "accuracy_mean": 0.99512826461418,
    "iou_mean": 0.724690251490649,
    "dice_mean": 0.8401191620265737,
    "precision_mean": 0.5,
    "recall_mean": 0.5,
    "f1_mean": 0.4999999403953552,
    "avg_batch_time_ms": 547.4375649994495,
    "avg_forward_time_ms": 163.58512055640128,
    "avg_backward_time_ms": 201.705862494076,
    "avg_data_load_time_ms": 81.82552281547996,
    "throughput_samples_per_sec": 50.50142119896233,
    "cpu_percent_mean": 35.7235294117647,
    "cpu_percent_max": 57.1,
    "ram_used_mb_mean": 2866.2600337009803,
    "ram_used_mb_max": 2904.67578125,
    "gpu_memory_mb_mean": 439.6399931066176,
    "gpu_memory_mb_max": 439.90576171875,
    "gpu_utilization_mean": 0.0,
    "gpu_utilization_max": 0.0,
    "learning_rate": 9.891830623632339e-05
  },
  "val": {
    "epoch": 3,
    "phase": "val",
    "timestamp_start": 1775688248.0739174,
    "timestamp_end": 1775688253.297687,
    "duration_sec": 5.223769664764404,
    "loss_mean": 0.3531236106699163,
    "loss_std": 0.0011719087857761771,
    "loss_min": 0.3508475422859192,
    "loss_max": 0.35467758774757385,
    "accuracy_mean": 0.9954157092354514,
    "iou_mean": 0.7368555123155768,
    "dice_mean": 0.8483676856214349,
    "precision_mean": 0.5,
    "recall_mean": 0.5,
    "f1_mean": 0.4999999403953552,
    "avg_batch_time_ms": 335.87124130942607,
    "avg_forward_time_ms": 159.69983014193448,
    "avg_backward_time_ms": 0.0,
    "avg_data_load_time_ms": 129.30963256142357,
    "throughput_samples_per_sec": 67.1928554521805,
    "cpu_percent_mean": 54.809090909090905,
    "cpu_percent_max": 80.6,
    "ram_used_mb_mean": 2879.159090909091,
    "ram_used_mb_max": 2915.0390625,
    "gpu_memory_mb_mean": 439.45121626420456,
    "gpu_memory_mb_max": 439.90576171875,
    "gpu_utilization_mean": 0.0,
    "gpu_utilization_max": 0.0,
    "learning_rate": 9.891830623632339e-05
  }
}