{
  "epoch": 26,
  "train": {
    "epoch": 26,
    "phase": "train",
    "timestamp_start": 1775689102.9999282,
    "timestamp_end": 1775689136.5298932,
    "duration_sec": 33.52996492385864,
    "loss_mean": 0.21291263518380185,
    "loss_std": 0.0027375650535163614,
    "loss_min": 0.2074834108352661,
    "loss_max": 0.22084112465381622,
    "accuracy_mean": 0.9990261278900445,
    "iou_mean": 0.9313918772865745,
    "dice_mean": 0.9644645323940352,
    "precision_mean": 0.5,
    "recall_mean": 0.5,
    "f1_mean": 0.4999999403953552,
    "avg_batch_time_ms": 568.2958855348475,
    "avg_forward_time_ms": 166.4441566841275,
    "avg_backward_time_ms": 220.3048023523069,
    "avg_data_load_time_ms": 81.19952444936715,
    "throughput_samples_per_sec": 48.851825634761155,
    "cpu_percent_mean": 34.2,
    "cpu_percent_max": 61.7,
    "ram_used_mb_mean": 4666.385033700981,
    "ram_used_mb_max": 4703.40234375,
    "gpu_memory_mb_mean": 439.66738472732845,
    "gpu_memory_mb_max": 440.89013671875,
    "gpu_utilization_mean": 0.0,
    "gpu_utilization_max": 0.0,
    "learning_rate": 7.631742512670283e-06
  },
  "val": {
    "epoch": 26,
    "phase": "val",
    "timestamp_start": 1775689136.5395722,
    "timestamp_end": 1775689141.8534813,
    "duration_sec": 5.31390905380249,
    "loss_mean": 0.21302370727062225,
    "loss_std": 0.0019057184359908528,
    "loss_min": 0.21002787351608276,
    "loss_max": 0.2176949679851532,
    "accuracy_mean": 0.9987661134112965,
    "iou_mean": 0.9148384766145186,
    "dice_mean": 0.9555221633477644,
    "precision_mean": 0.5,
    "recall_mean": 0.5,
    "f1_mean": 0.4999999403953552,
    "avg_batch_time_ms": 338.5159969329834,
    "avg_forward_time_ms": 159.49062867598101,
    "avg_backward_time_ms": 0.0,
    "avg_data_load_time_ms": 129.00194254788485,
    "throughput_samples_per_sec": 66.05306873832059,
    "cpu_percent_mean": 57.1090909090909,
    "cpu_percent_max": 83.1,
    "ram_used_mb_mean": 4695.787286931818,
    "ram_used_mb_max": 4711.97265625,
    "gpu_memory_mb_mean": 438.58012251420456,
    "gpu_memory_mb_max": 439.03466796875,
    "gpu_utilization_mean": 0.0,
    "gpu_utilization_max": 0.0,
    "learning_rate": 7.631742512670283e-06
  }
}