{
  "epoch": 22,
  "train": {
    "epoch": 22,
    "phase": "train",
    "timestamp_start": 1775688947.4533746,
    "timestamp_end": 1775688980.8906174,
    "duration_sec": 33.43724274635315,
    "loss_mean": 0.21854786224224987,
    "loss_std": 0.0018584683759249147,
    "loss_min": 0.21361875534057617,
    "loss_max": 0.2229640781879425,
    "accuracy_mean": 0.9989270602955538,
    "iou_mean": 0.9249386156306547,
    "dice_mean": 0.9609946935784583,
    "precision_mean": 0.5,
    "recall_mean": 0.5,
    "f1_mean": 0.4999999403953552,
    "avg_batch_time_ms": 568.2667704189525,
    "avg_forward_time_ms": 166.7494727116005,
    "avg_backward_time_ms": 220.64987818400064,
    "avg_data_load_time_ms": 80.0027847290039,
    "throughput_samples_per_sec": 48.98729277487,
    "cpu_percent_mean": 36.16274509803922,
    "cpu_percent_max": 66.7,
    "ram_used_mb_mean": 4351.901424632353,
    "ram_used_mb_max": 4395.8984375,
    "gpu_memory_mb_mean": 439.66738472732845,
    "gpu_memory_mb_max": 440.89013671875,
    "gpu_utilization_mean": 0.0,
    "gpu_utilization_max": 0.0,
    "learning_rate": 2.140463001152258e-05
  },
  "val": {
    "epoch": 22,
    "phase": "val",
    "timestamp_start": 1775688980.900977,
    "timestamp_end": 1775688986.0733771,
    "duration_sec": 5.172400236129761,
    "loss_mean": 0.2179303914308548,
    "loss_std": 0.0018793394737637004,
    "loss_min": 0.21505220234394073,
    "loss_max": 0.2225736528635025,
    "accuracy_mean": 0.9988555583086881,
    "iou_mean": 0.9202329082922502,
    "dice_mean": 0.9584552049636841,
    "precision_mean": 0.5,
    "recall_mean": 0.5,
    "f1_mean": 0.4999999403953552,
    "avg_batch_time_ms": 331.10724795948374,
    "avg_forward_time_ms": 156.48722648620605,
    "avg_backward_time_ms": 0.0,
    "avg_data_load_time_ms": 125.49760124900125,
    "throughput_samples_per_sec": 67.86017786253817,
    "cpu_percent_mean": 55.199999999999996,
    "cpu_percent_max": 85.8,
    "ram_used_mb_mean": 4378.19140625,
    "ram_used_mb_max": 4404.75,
    "gpu_memory_mb_mean": 438.58012251420456,
    "gpu_memory_mb_max": 439.03466796875,
    "gpu_utilization_mean": 0.0,
    "gpu_utilization_max": 0.0,
    "learning_rate": 2.140463001152258e-05
  }
}