{
  "epoch": 28,
  "train": {
    "epoch": 28,
    "phase": "train",
    "timestamp_start": 1775689180.9406016,
    "timestamp_end": 1775689214.4911382,
    "duration_sec": 33.55053663253784,
    "loss_mean": 0.21181546589907477,
    "loss_std": 0.0024447631510279622,
    "loss_min": 0.20611879229545593,
    "loss_max": 0.21680104732513428,
    "accuracy_mean": 0.9990398533204022,
    "iou_mean": 0.9323493218889424,
    "dice_mean": 0.9649842229543948,
    "precision_mean": 0.5,
    "recall_mean": 0.5,
    "f1_mean": 0.4999999403953552,
    "avg_batch_time_ms": 568.4929688771566,
    "avg_forward_time_ms": 166.95121690338732,
    "avg_backward_time_ms": 219.8761771706974,
    "avg_data_load_time_ms": 81.92125488730038,
    "throughput_samples_per_sec": 48.82187185081987,
    "cpu_percent_mean": 35.66078431372549,
    "cpu_percent_max": 70.8,
    "ram_used_mb_mean": 4823.78768382353,
    "ram_used_mb_max": 4865.50390625,
    "gpu_memory_mb_mean": 439.66738472732845,
    "gpu_memory_mb_max": 440.89013671875,
    "gpu_utilization_mean": 0.0,
    "gpu_utilization_max": 0.0,
    "learning_rate": 3.4227024433898994e-06
  },
  "val": {
    "epoch": 28,
    "phase": "val",
    "timestamp_start": 1775689214.5012186,
    "timestamp_end": 1775689219.6191869,
    "duration_sec": 5.117968320846558,
    "loss_mean": 0.2120216258547523,
    "loss_std": 0.0019202984278704114,
    "loss_min": 0.2089725136756897,
    "loss_max": 0.21673257648944855,
    "accuracy_mean": 0.9988523288206621,
    "iou_mean": 0.9202530275691639,
    "dice_mean": 0.9584670987996188,
    "precision_mean": 0.5,
    "recall_mean": 0.5,
    "f1_mean": 0.4999999403953552,
    "avg_batch_time_ms": 327.8134519403631,
    "avg_forward_time_ms": 156.35431896556508,
    "avg_backward_time_ms": 0.0,
    "avg_data_load_time_ms": 122.93523008173162,
    "throughput_samples_per_sec": 68.58190164450676,
    "cpu_percent_mean": 53.190909090909095,
    "cpu_percent_max": 78.3,
    "ram_used_mb_mean": 4852.370738636364,
    "ram_used_mb_max": 4875.875,
    "gpu_memory_mb_mean": 438.58012251420456,
    "gpu_memory_mb_max": 439.03466796875,
    "gpu_utilization_mean": 0.0,
    "gpu_utilization_max": 0.0,
    "learning_rate": 3.4227024433898994e-06
  }
}