{
  "epoch": 10,
  "train": {
    "epoch": 10,
    "phase": "train",
    "timestamp_start": 1775688483.0677526,
    "timestamp_end": 1775688516.1134553,
    "duration_sec": 33.04570269584656,
    "loss_mean": 0.2788849747648426,
    "loss_std": 0.0028297287333471388,
    "loss_min": 0.2722785472869873,
    "loss_max": 0.2862958014011383,
    "accuracy_mean": 0.9980454421510884,
    "iou_mean": 0.8705178300539652,
    "dice_mean": 0.930712551462884,
    "precision_mean": 0.5,
    "recall_mean": 0.5,
    "f1_mean": 0.4999999403953552,
    "avg_batch_time_ms": 562.1072591519824,
    "avg_forward_time_ms": 164.75287138247023,
    "avg_backward_time_ms": 216.6586389728621,
    "avg_data_load_time_ms": 79.10397473503562,
    "throughput_samples_per_sec": 49.56771581092378,
    "cpu_percent_mean": 34.64509803921569,
    "cpu_percent_max": 55.9,
    "ram_used_mb_mean": 3409.1838235294117,
    "ram_used_mb_max": 3451.1796875,
    "gpu_memory_mb_mean": 439.66738472732845,
    "gpu_memory_mb_max": 440.89013671875,
    "gpu_utilization_mean": 0.0,
    "gpu_utilization_max": 0.0,
    "learning_rate": 7.959536998847741e-05
  },
  "val": {
    "epoch": 10,
    "phase": "val",
    "timestamp_start": 1775688516.1229446,
    "timestamp_end": 1775688521.336911,
    "duration_sec": 5.213966369628906,
    "loss_mean": 0.27589661153880035,
    "loss_std": 0.0014215560737166275,
    "loss_min": 0.2736875116825104,
    "loss_max": 0.27945080399513245,
    "accuracy_mean": 0.9974750280380249,
    "iou_mean": 0.8399835445664146,
    "dice_mean": 0.9130216945301403,
    "precision_mean": 0.5,
    "recall_mean": 0.5,
    "f1_mean": 0.4999999403953552,
    "avg_batch_time_ms": 337.15718442743474,
    "avg_forward_time_ms": 160.4301929473877,
    "avg_backward_time_ms": 0.0,
    "avg_data_load_time_ms": 125.41660395535555,
    "throughput_samples_per_sec": 67.31919140187736,
    "cpu_percent_mean": 55.354545454545466,
    "cpu_percent_max": 87.6,
    "ram_used_mb_mean": 3423.380681818182,
    "ram_used_mb_max": 3472.49609375,
    "gpu_memory_mb_mean": 438.58012251420456,
    "gpu_memory_mb_max": 439.03466796875,
    "gpu_utilization_mean": 0.0,
    "gpu_utilization_max": 0.0,
    "learning_rate": 7.959536998847741e-05
  }
}