{
  "epoch": 1,
  "train": {
    "epoch": 1,
    "phase": "train",
    "timestamp_start": 1775688136.2538328,
    "timestamp_end": 1775688172.557757,
    "duration_sec": 36.30392408370972,
    "loss_mean": 0.45927875883439007,
    "loss_std": 0.06418666012167083,
    "loss_min": 0.3944776952266693,
    "loss_max": 0.6430345773696899,
    "accuracy_mean": 0.9593660504210229,
    "iou_mean": 0.3698058272803239,
    "dice_mean": 0.5181809165606311,
    "precision_mean": 0.5,
    "recall_mean": 0.5,
    "f1_mean": 0.4999999403953552,
    "avg_batch_time_ms": 597.4501394758038,
    "avg_forward_time_ms": 203.82098123139025,
    "avg_backward_time_ms": 205.79182867910347,
    "avg_data_load_time_ms": 106.20774474798465,
    "throughput_samples_per_sec": 45.11908950181512,
    "cpu_percent_mean": 37.71176470588236,
    "cpu_percent_max": 70.4,
    "ram_used_mb_mean": 2540.893382352941,
    "ram_used_mb_max": 2583.34375,
    "gpu_memory_mb_mean": 439.6837948069853,
    "gpu_memory_mb_max": 440.89013671875,
    "gpu_utilization_mean": 0.0,
    "gpu_utilization_max": 0.0,
    "learning_rate": 0.0001
  },
  "val": {
    "epoch": 1,
    "phase": "val",
    "timestamp_start": 1775688172.5604734,
    "timestamp_end": 1775688178.0271978,
    "duration_sec": 5.466724395751953,
    "loss_mean": 0.4046994745731354,
    "loss_std": 0.00227180916518963,
    "loss_min": 0.40139588713645935,
    "loss_max": 0.4098650813102722,
    "accuracy_mean": 0.9878244616768577,
    "iou_mean": 0.5170265571637587,
    "dice_mean": 0.6814051866531372,
    "precision_mean": 0.5,
    "recall_mean": 0.5,
    "f1_mean": 0.4999999403953552,
    "avg_batch_time_ms": 333.64729447798294,
    "avg_forward_time_ms": 156.31586855108088,
    "avg_backward_time_ms": 0.0,
    "avg_data_load_time_ms": 153.72475710782138,
    "throughput_samples_per_sec": 64.20663903831567,
    "cpu_percent_mean": 53.92727272727273,
    "cpu_percent_max": 69.5,
    "ram_used_mb_mean": 2520.0383522727275,
    "ram_used_mb_max": 2568.6015625,
    "gpu_memory_mb_mean": 439.45121626420456,
    "gpu_memory_mb_max": 439.90576171875,
    "gpu_utilization_mean": 0.0,
    "gpu_utilization_max": 0.0,
    "learning_rate": 0.0001
  }
}