{
  "epoch": 9,
  "train": {
    "epoch": 9,
    "phase": "train",
    "timestamp_start": 1775688444.356986,
    "timestamp_end": 1775688477.6713367,
    "duration_sec": 33.314350605010986,
    "loss_mean": 0.2875872295276791,
    "loss_std": 0.0031377541982587583,
    "loss_min": 0.2790994346141815,
    "loss_max": 0.29395467042922974,
    "accuracy_mean": 0.9979276633730122,
    "iou_mean": 0.8636390227897495,
    "dice_mean": 0.9267319557713527,
    "precision_mean": 0.5,
    "recall_mean": 0.5,
    "f1_mean": 0.4999999403953552,
    "avg_batch_time_ms": 566.5259641759536,
    "avg_forward_time_ms": 170.074836880553,
    "avg_backward_time_ms": 215.07669897640451,
    "avg_data_load_time_ms": 79.61025892519483,
    "throughput_samples_per_sec": 49.16800028374618,
    "cpu_percent_mean": 35.30196078431372,
    "cpu_percent_max": 65.8,
    "ram_used_mb_mean": 3333.3418351715686,
    "ram_used_mb_max": 3440.8671875,
    "gpu_memory_mb_mean": 439.6399931066176,
    "gpu_memory_mb_max": 439.90576171875,
    "gpu_utilization_mean": 0.0,
    "gpu_utilization_max": 0.0,
    "learning_rate": 8.362196501476347e-05
  },
  "val": {
    "epoch": 9,
    "phase": "val",
    "timestamp_start": 1775688477.6806471,
    "timestamp_end": 1775688482.9094787,
    "duration_sec": 5.22883152961731,
    "loss_mean": 0.2831632576205514,
    "loss_std": 0.0013688491115806825,
    "loss_min": 0.2810133695602417,
    "loss_max": 0.28664568066596985,
    "accuracy_mean": 0.9977379928935658,
    "iou_mean": 0.8538645018230785,
    "dice_mean": 0.9211643284017389,
    "precision_mean": 0.5,
    "recall_mean": 0.5,
    "f1_mean": 0.4999999403953552,
    "avg_batch_time_ms": 339.20944820750844,
    "avg_forward_time_ms": 159.92791002446955,
    "avg_backward_time_ms": 0.0,
    "avg_data_load_time_ms": 125.04792213439941,
    "throughput_samples_per_sec": 67.12780819421221,
    "cpu_percent_mean": 57.281818181818196,
    "cpu_percent_max": 84.9,
    "ram_used_mb_mean": 3345.850497159091,
    "ram_used_mb_max": 3390.875,
    "gpu_memory_mb_mean": 439.45121626420456,
    "gpu_memory_mb_max": 439.90576171875,
    "gpu_utilization_mean": 0.0,
    "gpu_utilization_max": 0.0,
    "learning_rate": 8.362196501476347e-05
  }
}