{
  "epoch": 24,
  "train": {
    "epoch": 24,
    "phase": "train",
    "timestamp_start": 1775689025.1471727,
    "timestamp_end": 1775689058.6402862,
    "duration_sec": 33.49311351776123,
    "loss_mean": 0.2150619494564393,
    "loss_std": 0.0023931434160644033,
    "loss_min": 0.20984655618667603,
    "loss_max": 0.22006124258041382,
    "accuracy_mean": 0.9989871067159316,
    "iou_mean": 0.9288453389616573,
    "dice_mean": 0.9631023710849238,
    "precision_mean": 0.5,
    "recall_mean": 0.5,
    "f1_mean": 0.4999999403953552,
    "avg_batch_time_ms": 569.1461703356574,
    "avg_forward_time_ms": 167.3897808673335,
    "avg_backward_time_ms": 220.36110186109354,
    "avg_data_load_time_ms": 80.03441025229061,
    "throughput_samples_per_sec": 48.905575742648615,
    "cpu_percent_mean": 36.77647058823529,
    "cpu_percent_max": 100.0,
    "ram_used_mb_mean": 4507.059666053921,
    "ram_used_mb_max": 4557.1171875,
    "gpu_memory_mb_mean": 439.66738472732845,
    "gpu_memory_mb_max": 440.89013671875,
    "gpu_utilization_mean": 0.0,
    "gpu_utilization_max": 0.0,
    "learning_rate": 1.3714331138868993e-05
  },
  "val": {
    "epoch": 24,
    "phase": "val",
    "timestamp_start": 1775689058.6506326,
    "timestamp_end": 1775689063.9331088,
    "duration_sec": 5.282476186752319,
    "loss_mean": 0.21472883089022202,
    "loss_std": 0.0018960504270591474,
    "loss_min": 0.21173809468746185,
    "loss_max": 0.2193734496831894,
    "accuracy_mean": 0.9988312504508279,
    "iou_mean": 0.9188056533986871,
    "dice_mean": 0.9576815529303118,
    "precision_mean": 0.5,
    "recall_mean": 0.5,
    "f1_mean": 0.4999999403953552,
    "avg_batch_time_ms": 336.188944903287,
    "avg_forward_time_ms": 159.74551981145686,
    "avg_backward_time_ms": 0.0,
    "avg_data_load_time_ms": 130.27808882973412,
    "throughput_samples_per_sec": 66.44611117798446,
    "cpu_percent_mean": 56.13636363636365,
    "cpu_percent_max": 88.8,
    "ram_used_mb_mean": 4522.837357954545,
    "ram_used_mb_max": 4558.453125,
    "gpu_memory_mb_mean": 438.58012251420456,
    "gpu_memory_mb_max": 439.03466796875,
    "gpu_utilization_mean": 0.0,
    "gpu_utilization_max": 0.0,
    "learning_rate": 1.3714331138868993e-05
  }
}