{
  "epoch": 20,
  "train": {
    "epoch": 20,
    "phase": "train",
    "timestamp_start": 1775688869.775774,
    "timestamp_end": 1775688903.2259355,
    "duration_sec": 33.45016145706177,
    "loss_mean": 0.22361477274520725,
    "loss_std": 0.0023388607837311485,
    "loss_min": 0.21785448491573334,
    "loss_max": 0.22939607501029968,
    "accuracy_mean": 0.9988573345483518,
    "iou_mean": 0.9204404506028867,
    "dice_mean": 0.9585578745486689,
    "precision_mean": 0.5,
    "recall_mean": 0.5,
    "f1_mean": 0.4999999403953552,
    "avg_batch_time_ms": 568.4250663308536,
    "avg_forward_time_ms": 166.76825168086035,
    "avg_backward_time_ms": 220.21627893634871,
    "avg_data_load_time_ms": 79.99559944751216,
    "throughput_samples_per_sec": 48.96837350404468,
    "cpu_percent_mean": 33.331372549019605,
    "cpu_percent_max": 62.5,
    "ram_used_mb_mean": 4193.967218137255,
    "ram_used_mb_max": 4235.21875,
    "gpu_memory_mb_mean": 439.66738472732845,
    "gpu_memory_mb_max": 440.89013671875,
    "gpu_utilization_mean": 0.0,
    "gpu_utilization_max": 0.0,
    "learning_rate": 3.036653616774789e-05
  },
  "val": {
    "epoch": 20,
    "phase": "val",
    "timestamp_start": 1775688903.235277,
    "timestamp_end": 1775688908.419393,
    "duration_sec": 5.1841161251068115,
    "loss_mean": 0.2227880521254106,
    "loss_std": 0.001799121802086755,
    "loss_min": 0.21995089948177338,
    "loss_max": 0.22727344930171967,
    "accuracy_mean": 0.9986990365115079,
    "iou_mean": 0.9102976593104276,
    "dice_mean": 0.9530379176139832,
    "precision_mean": 0.5,
    "recall_mean": 0.5,
    "f1_mean": 0.4999999403953552,
    "avg_batch_time_ms": 330.6091915477406,
    "avg_forward_time_ms": 158.00515088168058,
    "avg_backward_time_ms": 0.0,
    "avg_data_load_time_ms": 127.18640674244274,
    "throughput_samples_per_sec": 67.70681665483875,
    "cpu_percent_mean": 53.463636363636354,
    "cpu_percent_max": 75.5,
    "ram_used_mb_mean": 4206.03125,
    "ram_used_mb_max": 4238.828125,
    "gpu_memory_mb_mean": 438.58012251420456,
    "gpu_memory_mb_max": 439.03466796875,
    "gpu_utilization_mean": 0.0,
    "gpu_utilization_max": 0.0,
    "learning_rate": 3.036653616774789e-05
  }
}