{
  "epoch": 19,
  "train": {
    "epoch": 19,
    "phase": "train",
    "timestamp_start": 1773283484.2127051,
    "timestamp_end": 1773283492.9041545,
    "duration_sec": 8.691449403762817,
    "loss_mean": 0.2597480957706769,
    "loss_std": 0.022503784513678484,
    "loss_min": 0.2229526937007904,
    "loss_max": 0.3467251658439636,
    "accuracy_mean": 0.9574360688527425,
    "iou_mean": 0.6154394815365474,
    "dice_mean": 0.736561706662178,
    "precision_mean": 0.8668847223122914,
    "recall_mean": 0.9038474331299464,
    "f1_mean": 0.8846522490183513,
    "avg_batch_time_ms": 128.26137940088907,
    "avg_forward_time_ms": 32.0108691851298,
    "avg_backward_time_ms": 85.86345513661702,
    "avg_data_load_time_ms": 11.766493320465088,
    "throughput_samples_per_sec": 27.843457259870853,
    "cpu_percent_mean": 25.605,
    "cpu_percent_max": 33.1,
    "ram_used_mb_mean": 10542.733203125,
    "ram_used_mb_max": 10588.34765625,
    "gpu_memory_mb_mean": 1913.8770833333333,
    "gpu_memory_mb_max": 1917.375,
    "gpu_utilization_mean": 85.93333333333334,
    "gpu_utilization_max": 90.0,
    "learning_rate": 3.422702443389901e-06
  },
  "val": {
    "epoch": 19,
    "phase": "val",
    "timestamp_start": 1773283492.9047391,
    "timestamp_end": 1773283493.6270535,
    "duration_sec": 0.7223143577575684,
    "loss_mean": 0.2692222984937521,
    "loss_std": 0.017554123717726248,
    "loss_min": 0.24221941828727722,
    "loss_max": 0.3112946152687073,
    "accuracy_mean": 0.9546861419310937,
    "iou_mean": 0.5936147983257587,
    "dice_mean": 0.714992995445545,
    "precision_mean": 0.8508240305460416,
    "recall_mean": 0.9075277860348041,
    "f1_mean": 0.8780304285196158,
    "avg_batch_time_ms": 39.869161752554085,
    "avg_forward_time_ms": 31.520641767061672,
    "avg_backward_time_ms": 0.0,
    "avg_data_load_time_ms": 10.923128861647387,
    "throughput_samples_per_sec": 70.6063771988833,
    "cpu_percent_mean": 36.98461538461539,
    "cpu_percent_max": 45.7,
    "ram_used_mb_mean": 10578.31280048077,
    "ram_used_mb_max": 10583.90625,
    "gpu_memory_mb_mean": 1911.8125,
    "gpu_memory_mb_max": 1911.8125,
    "gpu_utilization_mean": 87.0,
    "gpu_utilization_max": 87.0,
    "learning_rate": 3.422702443389901e-06
  }
}