{
  "epoch": 1,
  "train": {
    "epoch": 1,
    "phase": "train",
    "timestamp_start": 1772086130.8246408,
    "timestamp_end": 1772086131.4936163,
    "duration_sec": 0.6689755916595459,
    "loss_mean": 0.71938556432724,
    "loss_std": 0.006745874881744385,
    "loss_min": 0.7126396894454956,
    "loss_max": 0.7261314392089844,
    "accuracy_mean": 0.5515341758728027,
    "iou_mean": 0.14445557445287704,
    "dice_mean": 0.25069792568683624,
    "precision_mean": 0.1623370572924614,
    "recall_mean": 0.5728790462017059,
    "f1_mean": 0.25069789588451385,
    "avg_batch_time_ms": 275.9525775909424,
    "avg_forward_time_ms": 130.14841079711914,
    "avg_backward_time_ms": 121.39379978179932,
    "avg_data_load_time_ms": 34.82985496520996,
    "throughput_samples_per_sec": 2334.9132905209653,
    "cpu_percent_mean": 26.35,
    "cpu_percent_max": 28.8,
    "ram_used_mb_mean": 11620.515625,
    "ram_used_mb_max": 11634.44921875,
    "gpu_memory_mb_mean": 1583.6875,
    "gpu_memory_mb_max": 1583.6875,
    "gpu_utilization_mean": 27.0,
    "gpu_utilization_max": 27.0,
    "learning_rate": 0.0001
  },
  "val": {
    "epoch": 1,
    "phase": "val",
    "timestamp_start": 1772086131.4940836,
    "timestamp_end": 1772086131.6557026,
    "duration_sec": 0.16161894798278809,
    "loss_mean": 0.7397933006286621,
    "loss_std": 0.015781402587890625,
    "loss_min": 0.7240118980407715,
    "loss_max": 0.7555747032165527,
    "accuracy_mean": 0.1513080596923828,
    "iou_mean": 0.1513080596923828,
    "dice_mean": 0.2620084062218666,
    "precision_mean": 0.1513080596923828,
    "recall_mean": 1.0,
    "f1_mean": 0.2620083764195442,
    "avg_batch_time_ms": 33.37693214416504,
    "avg_forward_time_ms": 26.218056678771973,
    "avg_backward_time_ms": 0.0,
    "avg_data_load_time_ms": 29.11543846130371,
    "throughput_samples_per_sec": 2066.589370669397,
    "cpu_percent_mean": 33.85,
    "cpu_percent_max": 35.0,
    "ram_used_mb_mean": 11660.8828125,
    "ram_used_mb_max": 11668.51171875,
    "gpu_memory_mb_mean": 1583.6875,
    "gpu_memory_mb_max": 1583.6875,
    "gpu_utilization_mean": 27.0,
    "gpu_utilization_max": 27.0,
    "learning_rate": 0.0001
  }
}