{
  "epoch": 17,
  "train": {
    "epoch": 17,
    "phase": "train",
    "timestamp_start": 1773283465.153894,
    "timestamp_end": 1773283474.0074198,
    "duration_sec": 8.853525876998901,
    "loss_mean": 0.263015237202247,
    "loss_std": 0.02923633529227072,
    "loss_min": 0.2101806104183197,
    "loss_max": 0.3811444342136383,
    "accuracy_mean": 0.9564972718556722,
    "iou_mean": 0.6148690099517504,
    "dice_mean": 0.7348945597807567,
    "precision_mean": 0.8639396289984386,
    "recall_mean": 0.9020886162916819,
    "f1_mean": 0.8821756978829701,
    "avg_batch_time_ms": 130.6268056233724,
    "avg_forward_time_ms": 32.342163721720375,
    "avg_backward_time_ms": 87.83891598383586,
    "avg_data_load_time_ms": 12.011059125264486,
    "throughput_samples_per_sec": 27.33374289092057,
    "cpu_percent_mean": 29.353333333333335,
    "cpu_percent_max": 90.8,
    "ram_used_mb_mean": 10632.5572265625,
    "ram_used_mb_max": 10684.515625,
    "gpu_memory_mb_mean": 1925.0322916666667,
    "gpu_memory_mb_max": 1930.25,
    "gpu_utilization_mean": 86.11666666666666,
    "gpu_utilization_max": 90.0,
    "learning_rate": 1.0453658778440109e-05
  },
  "val": {
    "epoch": 17,
    "phase": "val",
    "timestamp_start": 1773283474.0079174,
    "timestamp_end": 1773283474.7393126,
    "duration_sec": 0.7313952445983887,
    "loss_mean": 0.27142361952708316,
    "loss_std": 0.014951938219766165,
    "loss_min": 0.2506485879421234,
    "loss_max": 0.3068768084049225,
    "accuracy_mean": 0.9570943667338445,
    "iou_mean": 0.594326716202956,
    "dice_mean": 0.7156443641735957,
    "precision_mean": 0.8672764301300049,
    "recall_mean": 0.8980297721349276,
    "f1_mean": 0.882214761697329,
    "avg_batch_time_ms": 39.99847632188063,
    "avg_forward_time_ms": 31.226323201106144,
    "avg_backward_time_ms": 0.0,
    "avg_data_load_time_ms": 11.350741753211388,
    "throughput_samples_per_sec": 69.72973966764611,
    "cpu_percent_mean": 38.16153846153846,
    "cpu_percent_max": 43.2,
    "ram_used_mb_mean": 10676.439903846154,
    "ram_used_mb_max": 10686.17578125,
    "gpu_memory_mb_mean": 1919.875,
    "gpu_memory_mb_max": 1922.875,
    "gpu_utilization_mean": 84.46153846153847,
    "gpu_utilization_max": 87.0,
    "learning_rate": 1.0453658778440109e-05
  }
}