{
  "epoch": 16,
  "train": {
    "epoch": 16,
    "phase": "train",
    "timestamp_start": 1773283455.547849,
    "timestamp_end": 1773283464.392487,
    "duration_sec": 8.844638109207153,
    "loss_mean": 0.2672890014946461,
    "loss_std": 0.023763803630994482,
    "loss_min": 0.2253037393093109,
    "loss_max": 0.3519221544265747,
    "accuracy_mean": 0.9562752405802409,
    "iou_mean": 0.6081930468479793,
    "dice_mean": 0.7299011687437693,
    "precision_mean": 0.8632180382808049,
    "recall_mean": 0.8992350320021312,
    "f1_mean": 0.8805083394050598,
    "avg_batch_time_ms": 130.62690099080405,
    "avg_forward_time_ms": 32.22851355870565,
    "avg_backward_time_ms": 87.87470658620198,
    "avg_data_load_time_ms": 11.864972114562988,
    "throughput_samples_per_sec": 27.361209923115016,
    "cpu_percent_mean": 27.528333333333332,
    "cpu_percent_max": 81.5,
    "ram_used_mb_mean": 10559.262174479167,
    "ram_used_mb_max": 10673.1171875,
    "gpu_memory_mb_mean": 1919.1114583333333,
    "gpu_memory_mb_max": 1938.1875,
    "gpu_utilization_mean": 86.11666666666666,
    "gpu_utilization_max": 90.0,
    "learning_rate": 1.5498214331265904e-05
  },
  "val": {
    "epoch": 16,
    "phase": "val",
    "timestamp_start": 1773283464.3929641,
    "timestamp_end": 1773283465.1269956,
    "duration_sec": 0.7340314388275146,
    "loss_mean": 0.2739442747372847,
    "loss_std": 0.014740002845077491,
    "loss_min": 0.2541058659553528,
    "loss_max": 0.30996912717819214,
    "accuracy_mean": 0.9564317327279311,
    "iou_mean": 0.5807779477192805,
    "dice_mean": 0.7024561120913579,
    "precision_mean": 0.8750785543368413,
    "recall_mean": 0.8857079194142268,
    "f1_mean": 0.8801166506913992,
    "avg_batch_time_ms": 40.253199063814606,
    "avg_forward_time_ms": 31.45445310152494,
    "avg_backward_time_ms": 0.0,
    "avg_data_load_time_ms": 11.180199109590971,
    "throughput_samples_per_sec": 69.47931287720247,
    "cpu_percent_mean": 39.34615384615385,
    "cpu_percent_max": 48.6,
    "ram_used_mb_mean": 10479.247295673076,
    "ram_used_mb_max": 10492.328125,
    "gpu_memory_mb_mean": 1934.7451923076924,
    "gpu_memory_mb_max": 1935.5625,
    "gpu_utilization_mean": 88.0,
    "gpu_utilization_max": 88.0,
    "learning_rate": 1.5498214331265904e-05
  }
}