{
  "epoch": 14,
  "train": {
    "epoch": 14,
    "phase": "train",
    "timestamp_start": 1773283436.7761908,
    "timestamp_end": 1773283445.437888,
    "duration_sec": 8.661697149276733,
    "loss_mean": 0.2782942754526933,
    "loss_std": 0.0240078765420683,
    "loss_min": 0.23965415358543396,
    "loss_max": 0.3690671920776367,
    "accuracy_mean": 0.9537705739339193,
    "iou_mean": 0.586113008360068,
    "dice_mean": 0.7082065433263779,
    "precision_mean": 0.8562617123126983,
    "recall_mean": 0.891584978501002,
    "f1_mean": 0.8729361275831858,
    "avg_batch_time_ms": 127.50312487284343,
    "avg_forward_time_ms": 31.755884488423664,
    "avg_backward_time_ms": 84.76003408432007,
    "avg_data_load_time_ms": 12.027641137441,
    "throughput_samples_per_sec": 27.939097365024754,
    "cpu_percent_mean": 29.11333333333333,
    "cpu_percent_max": 95.0,
    "ram_used_mb_mean": 10610.471028645834,
    "ram_used_mb_max": 10674.0390625,
    "gpu_memory_mb_mean": 1911.7072916666666,
    "gpu_memory_mb_max": 1915.5,
    "gpu_utilization_mean": 84.78333333333333,
    "gpu_utilization_max": 87.0,
    "learning_rate": 2.8027470262892444e-05
  },
  "val": {
    "epoch": 14,
    "phase": "val",
    "timestamp_start": 1773283445.4383645,
    "timestamp_end": 1773283446.1693234,
    "duration_sec": 0.7309589385986328,
    "loss_mean": 0.28359572704021746,
    "loss_std": 0.018774971823950264,
    "loss_min": 0.2512800693511963,
    "loss_max": 0.32723289728164673,
    "accuracy_mean": 0.9492251322819636,
    "iou_mean": 0.5611958801746368,
    "dice_mean": 0.683724412551293,
    "precision_mean": 0.8289898679806635,
    "recall_mean": 0.8971671324509841,
    "f1_mean": 0.8614229284800016,
    "avg_batch_time_ms": 40.20193906930777,
    "avg_forward_time_ms": 31.131395926842323,
    "avg_backward_time_ms": 0.0,
    "avg_data_load_time_ms": 11.226764092078575,
    "throughput_samples_per_sec": 69.77136102579892,
    "cpu_percent_mean": 36.16923076923077,
    "cpu_percent_max": 43.5,
    "ram_used_mb_mean": 10451.57001201923,
    "ram_used_mb_max": 10469.95703125,
    "gpu_memory_mb_mean": 1908.3413461538462,
    "gpu_memory_mb_max": 1909.0,
    "gpu_utilization_mean": 87.0,
    "gpu_utilization_max": 87.0,
    "learning_rate": 2.8027470262892444e-05
  }
}