{
  "epoch": 8,
  "train": {
    "epoch": 8,
    "phase": "train",
    "timestamp_start": 1773283380.4677978,
    "timestamp_end": 1773283389.1805952,
    "duration_sec": 8.712797403335571,
    "loss_mean": 0.3456253260374069,
    "loss_std": 0.02494095725663279,
    "loss_min": 0.30052345991134644,
    "loss_max": 0.4403257369995117,
    "accuracy_mean": 0.9424962997436523,
    "iou_mean": 0.5064267153541248,
    "dice_mean": 0.6238113249341647,
    "precision_mean": 0.8147044599056243,
    "recall_mean": 0.8605313509702682,
    "f1_mean": 0.8363833069801331,
    "avg_batch_time_ms": 127.94255415598552,
    "avg_forward_time_ms": 30.84489901860555,
    "avg_backward_time_ms": 85.72930892308553,
    "avg_data_load_time_ms": 12.377909819285074,
    "throughput_samples_per_sec": 27.77523552967658,
    "cpu_percent_mean": 28.185000000000002,
    "cpu_percent_max": 87.5,
    "ram_used_mb_mean": 10538.432747395833,
    "ram_used_mb_max": 10582.49609375,
    "gpu_memory_mb_mean": 1937.7770833333334,
    "gpu_memory_mb_max": 1944.75,
    "gpu_utilization_mean": 83.98333333333333,
    "gpu_utilization_max": 87.0,
    "learning_rate": 7.297252973710758e-05
  },
  "val": {
    "epoch": 8,
    "phase": "val",
    "timestamp_start": 1773283389.1811182,
    "timestamp_end": 1773283389.9086342,
    "duration_sec": 0.7275159358978271,
    "loss_mean": 0.3454115115679227,
    "loss_std": 0.01579998021234193,
    "loss_min": 0.31805306673049927,
    "loss_max": 0.3775511384010315,
    "accuracy_mean": 0.9412983885178199,
    "iou_mean": 0.5047910030071552,
    "dice_mean": 0.6204429727334243,
    "precision_mean": 0.7972889634279104,
    "recall_mean": 0.8840972643632156,
    "f1_mean": 0.8381337752709022,
    "avg_batch_time_ms": 39.31326132554274,
    "avg_forward_time_ms": 31.078100204467773,
    "avg_backward_time_ms": 0.0,
    "avg_data_load_time_ms": 11.815162805410532,
    "throughput_samples_per_sec": 70.10155720789939,
    "cpu_percent_mean": 36.58461538461539,
    "cpu_percent_max": 47.8,
    "ram_used_mb_mean": 10539.07061298077,
    "ram_used_mb_max": 10551.2265625,
    "gpu_memory_mb_mean": 1936.1875,
    "gpu_memory_mb_max": 1936.1875,
    "gpu_utilization_mean": 83.53846153846153,
    "gpu_utilization_max": 87.0,
    "learning_rate": 7.297252973710758e-05
  }
}