{
  "epoch": 2,
  "train": {
    "epoch": 2,
    "phase": "train",
    "timestamp_start": 1773283320.6340623,
    "timestamp_end": 1773283330.0903544,
    "duration_sec": 9.456292152404785,
    "loss_mean": 0.5613046030203501,
    "loss_std": 0.03288028251278001,
    "loss_min": 0.502916157245636,
    "loss_max": 0.6506298780441284,
    "accuracy_mean": 0.908113972345988,
    "iou_mean": 0.39003831297159197,
    "dice_mean": 0.4856288452943166,
    "precision_mean": 0.6994799186786016,
    "recall_mean": 0.8119889169931411,
    "f1_mean": 0.7509502470493317,
    "avg_batch_time_ms": 140.00228643417358,
    "avg_forward_time_ms": 32.85794655481974,
    "avg_backward_time_ms": 96.61459525426228,
    "avg_data_load_time_ms": 12.205294768015543,
    "throughput_samples_per_sec": 25.591425909832758,
    "cpu_percent_mean": 29.103333333333335,
    "cpu_percent_max": 68.3,
    "ram_used_mb_mean": 10582.934244791666,
    "ram_used_mb_max": 10608.08984375,
    "gpu_memory_mb_mean": 1924.953125,
    "gpu_memory_mb_max": 1934.8125,
    "gpu_utilization_mean": 88.25,
    "gpu_utilization_max": 90.0,
    "learning_rate": 9.939057285945933e-05
  },
  "val": {
    "epoch": 2,
    "phase": "val",
    "timestamp_start": 1773283330.0909116,
    "timestamp_end": 1773283330.849025,
    "duration_sec": 0.7581133842468262,
    "loss_mean": 0.5483089868838971,
    "loss_std": 0.018394266957455073,
    "loss_min": 0.5203445553779602,
    "loss_max": 0.5943511724472046,
    "accuracy_mean": 0.9033083548912635,
    "iou_mean": 0.37747122461979205,
    "dice_mean": 0.47707671385545,
    "precision_mean": 0.6823927347476666,
    "recall_mean": 0.8338778477448684,
    "f1_mean": 0.749458909034729,
    "avg_batch_time_ms": 41.35537147521973,
    "avg_forward_time_ms": 32.46173491844764,
    "avg_backward_time_ms": 0.0,
    "avg_data_load_time_ms": 11.726617813110352,
    "throughput_samples_per_sec": 67.27225908386738,
    "cpu_percent_mean": 38.5,
    "cpu_percent_max": 41.7,
    "ram_used_mb_mean": 10560.41376201923,
    "ram_used_mb_max": 10595.39453125,
    "gpu_memory_mb_mean": 1923.8990384615386,
    "gpu_memory_mb_max": 1924.625,
    "gpu_utilization_mean": 86.92307692307692,
    "gpu_utilization_max": 90.0,
    "learning_rate": 9.939057285945933e-05
  }
}