{
  "epoch": 9,
  "train": {
    "epoch": 9,
    "phase": "train",
    "timestamp_start": 1773283389.9355178,
    "timestamp_end": 1773283398.60279,
    "duration_sec": 8.667272329330444,
    "loss_mean": 0.3323208803931872,
    "loss_std": 0.028022611661354033,
    "loss_min": 0.29848676919937134,
    "loss_max": 0.4366814196109772,
    "accuracy_mean": 0.9436787287394206,
    "iou_mean": 0.5169134353597958,
    "dice_mean": 0.6353254914283752,
    "precision_mean": 0.8233333736658096,
    "recall_mean": 0.8643985023101171,
    "f1_mean": 0.8425198803345363,
    "avg_batch_time_ms": 127.84453233083089,
    "avg_forward_time_ms": 31.82699680328369,
    "avg_backward_time_ms": 85.39468844731648,
    "avg_data_load_time_ms": 11.737557252248129,
    "throughput_samples_per_sec": 27.921125678843733,
    "cpu_percent_mean": 25.848333333333333,
    "cpu_percent_max": 33.1,
    "ram_used_mb_mean": 10541.4279296875,
    "ram_used_mb_max": 10558.9921875,
    "gpu_memory_mb_mean": 1926.9020833333334,
    "gpu_memory_mb_max": 1937.125,
    "gpu_utilization_mean": 85.93333333333334,
    "gpu_utilization_max": 88.0,
    "learning_rate": 6.579634122155991e-05
  },
  "val": {
    "epoch": 9,
    "phase": "val",
    "timestamp_start": 1773283398.603317,
    "timestamp_end": 1773283399.3308628,
    "duration_sec": 0.7275457382202148,
    "loss_mean": 0.345668762922287,
    "loss_std": 0.01872207150567961,
    "loss_min": 0.31622958183288574,
    "loss_max": 0.3853290379047394,
    "accuracy_mean": 0.9393918468401983,
    "iou_mean": 0.5060106126161722,
    "dice_mean": 0.6231595736283523,
    "precision_mean": 0.7980803709763747,
    "recall_mean": 0.8741437701078562,
    "f1_mean": 0.8338676003309397,
    "avg_batch_time_ms": 39.53352341285119,
    "avg_forward_time_ms": 30.617787287785458,
    "avg_backward_time_ms": 0.0,
    "avg_data_load_time_ms": 11.639044835017277,
    "throughput_samples_per_sec": 70.0986856506927,
    "cpu_percent_mean": 36.14615384615385,
    "cpu_percent_max": 40.0,
    "ram_used_mb_mean": 10541.42938701923,
    "ram_used_mb_max": 10548.6484375,
    "gpu_memory_mb_mean": 1920.4375,
    "gpu_memory_mb_max": 1921.75,
    "gpu_utilization_mean": 87.0,
    "gpu_utilization_max": 87.0,
    "learning_rate": 6.579634122155991e-05
  }
}