{
  "epoch": 10,
  "train": {
    "epoch": 10,
    "phase": "train",
    "timestamp_start": 1773283399.3338063,
    "timestamp_end": 1773283407.963663,
    "duration_sec": 8.629856824874878,
    "loss_mean": 0.31664318044980366,
    "loss_std": 0.02569380240907207,
    "loss_min": 0.27850982546806335,
    "loss_max": 0.4331579804420471,
    "accuracy_mean": 0.9471803824106853,
    "iou_mean": 0.5395985389749209,
    "dice_mean": 0.6609205052256584,
    "precision_mean": 0.8320888658364614,
    "recall_mean": 0.8746908754110336,
    "f1_mean": 0.8524117847283681,
    "avg_batch_time_ms": 127.26550102233887,
    "avg_forward_time_ms": 31.784701347351074,
    "avg_backward_time_ms": 84.58546002705891,
    "avg_data_load_time_ms": 11.818885803222656,
    "throughput_samples_per_sec": 28.042180178755014,
    "cpu_percent_mean": 25.045,
    "cpu_percent_max": 33.6,
    "ram_used_mb_mean": 10560.5466796875,
    "ram_used_mb_max": 10583.984375,
    "gpu_memory_mb_mean": 1923.4677083333333,
    "gpu_memory_mb_max": 1926.0625,
    "gpu_utilization_mean": 85.48333333333333,
    "gpu_utilization_max": 87.0,
    "learning_rate": 5.824350601949144e-05
  },
  "val": {
    "epoch": 10,
    "phase": "val",
    "timestamp_start": 1773283407.9641354,
    "timestamp_end": 1773283408.6936014,
    "duration_sec": 0.7294659614562988,
    "loss_mean": 0.31236912883245027,
    "loss_std": 0.015235036882253946,
    "loss_min": 0.2845107316970825,
    "loss_max": 0.3485657572746277,
    "accuracy_mean": 0.9468433444316571,
    "iou_mean": 0.5341887795008146,
    "dice_mean": 0.6575385836454538,
    "precision_mean": 0.8248169788947473,
    "recall_mean": 0.8816229380094088,
    "f1_mean": 0.8519528920833881,
    "avg_batch_time_ms": 39.854691578791694,
    "avg_forward_time_ms": 30.70222414456881,
    "avg_backward_time_ms": 0.0,
    "avg_data_load_time_ms": 11.374033414400541,
    "throughput_samples_per_sec": 69.91416007702962,
    "cpu_percent_mean": 36.40769230769231,
    "cpu_percent_max": 40.9,
    "ram_used_mb_mean": 10566.064903846154,
    "ram_used_mb_max": 10571.0546875,
    "gpu_memory_mb_mean": 1920.423076923077,
    "gpu_memory_mb_max": 1923.6875,
    "gpu_utilization_mean": 86.07692307692308,
    "gpu_utilization_max": 87.0,
    "learning_rate": 5.824350601949144e-05
  }
}