{
  "epoch": 13,
  "train": {
    "epoch": 13,
    "phase": "train",
    "timestamp_start": 1773283427.4134696,
    "timestamp_end": 1773283436.0178082,
    "duration_sec": 8.604338645935059,
    "loss_mean": 0.284588747471571,
    "loss_std": 0.027976301170094545,
    "loss_min": 0.24370695650577545,
    "loss_max": 0.37539908289909363,
    "accuracy_mean": 0.9526407877604167,
    "iou_mean": 0.5819076557954153,
    "dice_mean": 0.7037841548522313,
    "precision_mean": 0.8501436014970144,
    "recall_mean": 0.8900240262349447,
    "f1_mean": 0.8692612399657568,
    "avg_batch_time_ms": 126.87369585037231,
    "avg_forward_time_ms": 31.955909729003906,
    "avg_backward_time_ms": 84.41962401072185,
    "avg_data_load_time_ms": 11.753924687703451,
    "throughput_samples_per_sec": 28.125345823566335,
    "cpu_percent_mean": 25.75,
    "cpu_percent_max": 37.7,
    "ram_used_mb_mean": 10573.669140625,
    "ram_used_mb_max": 10698.09375,
    "gpu_memory_mb_mean": 1912.4791666666667,
    "gpu_memory_mb_max": 1916.3125,
    "gpu_utilization_mean": 85.51666666666667,
    "gpu_utilization_max": 87.0,
    "learning_rate": 3.520365877844011e-05
  },
  "val": {
    "epoch": 13,
    "phase": "val",
    "timestamp_start": 1773283436.0183506,
    "timestamp_end": 1773283436.7496836,
    "duration_sec": 0.7313330173492432,
    "loss_mean": 0.2917783856391907,
    "loss_std": 0.016310586358543495,
    "loss_min": 0.2630104124546051,
    "loss_max": 0.32415342330932617,
    "accuracy_mean": 0.949001289330996,
    "iou_mean": 0.5644025527513944,
    "dice_mean": 0.6861404868272635,
    "precision_mean": 0.8261161079773536,
    "recall_mean": 0.9047403427270743,
    "f1_mean": 0.8633531836362985,
    "avg_batch_time_ms": 39.902026836688705,
    "avg_forward_time_ms": 31.20121589073768,
    "avg_backward_time_ms": 0.0,
    "avg_data_load_time_ms": 11.461202914898212,
    "throughput_samples_per_sec": 69.73567279220117,
    "cpu_percent_mean": 35.86153846153846,
    "cpu_percent_max": 44.7,
    "ram_used_mb_mean": 10657.510516826924,
    "ram_used_mb_max": 10663.8125,
    "gpu_memory_mb_mean": 1908.764423076923,
    "gpu_memory_mb_max": 1908.9375,
    "gpu_utilization_mean": 87.0,
    "gpu_utilization_max": 87.0,
    "learning_rate": 3.520365877844011e-05
  }
}