{
  "epoch": 6,
  "train": {
    "epoch": 6,
    "phase": "train",
    "timestamp_start": 1773283361.592295,
    "timestamp_end": 1773283370.4301147,
    "duration_sec": 8.837819814682007,
    "loss_mean": 0.3909022534886996,
    "loss_std": 0.028320656310362378,
    "loss_min": 0.3534100651741028,
    "loss_max": 0.4924694895744324,
    "accuracy_mean": 0.9347870349884033,
    "iou_mean": 0.46957661360502245,
    "dice_mean": 0.5803459659218788,
    "precision_mean": 0.7922456055879593,
    "recall_mean": 0.8444292157888412,
    "f1_mean": 0.8166576226552328,
    "avg_batch_time_ms": 130.43394883473715,
    "avg_forward_time_ms": 31.887416044871014,
    "avg_backward_time_ms": 87.7750039100647,
    "avg_data_load_time_ms": 11.86749537785848,
    "throughput_samples_per_sec": 27.382318838179142,
    "cpu_percent_mean": 27.79333333333334,
    "cpu_percent_max": 77.8,
    "ram_used_mb_mean": 10502.966080729168,
    "ram_used_mb_max": 10733.27734375,
    "gpu_memory_mb_mean": 1948.5541666666666,
    "gpu_memory_mb_max": 1962.0625,
    "gpu_utilization_mean": 86.56666666666666,
    "gpu_utilization_max": 90.0,
    "learning_rate": 8.550178566873411e-05
  },
  "val": {
    "epoch": 6,
    "phase": "val",
    "timestamp_start": 1773283370.430615,
    "timestamp_end": 1773283371.1635325,
    "duration_sec": 0.7329175472259521,
    "loss_mean": 0.37749390189464277,
    "loss_std": 0.01565123116899247,
    "loss_min": 0.3491111397743225,
    "loss_max": 0.40761902928352356,
    "accuracy_mean": 0.9354284268159133,
    "iou_mean": 0.4637548052347623,
    "dice_mean": 0.5746848491521982,
    "precision_mean": 0.7856869468322167,
    "recall_mean": 0.8451477289199829,
    "f1_mean": 0.813792714705834,
    "avg_batch_time_ms": 39.75319862365723,
    "avg_forward_time_ms": 30.675484583928036,
    "avg_backward_time_ms": 0.0,
    "avg_data_load_time_ms": 11.72949717595027,
    "throughput_samples_per_sec": 69.58490786996691,
    "cpu_percent_mean": 41.323076923076925,
    "cpu_percent_max": 51.4,
    "ram_used_mb_mean": 10413.401742788461,
    "ram_used_mb_max": 10426.7734375,
    "gpu_memory_mb_mean": 1934.625,
    "gpu_memory_mb_max": 1934.75,
    "gpu_utilization_mean": 88.0,
    "gpu_utilization_max": 88.0,
    "learning_rate": 8.550178566873411e-05
  }
}