{
  "epoch": 3,
  "train": {
    "epoch": 3,
    "phase": "train",
    "timestamp_start": 1773283330.87727,
    "timestamp_end": 1773283340.3221352,
    "duration_sec": 9.444865226745605,
    "loss_mean": 0.49460563361644744,
    "loss_std": 0.02392528834505653,
    "loss_min": 0.4456074833869934,
    "loss_max": 0.5440862774848938,
    "accuracy_mean": 0.9211142857869467,
    "iou_mean": 0.4112340251604716,
    "dice_mean": 0.5106920674443245,
    "precision_mean": 0.7421285748481751,
    "recall_mean": 0.8225903113683065,
    "f1_mean": 0.7796631822983424,
    "avg_batch_time_ms": 140.22117853164673,
    "avg_forward_time_ms": 32.80423879623413,
    "avg_backward_time_ms": 97.13756640752156,
    "avg_data_load_time_ms": 11.968596776326498,
    "throughput_samples_per_sec": 25.622387846754417,
    "cpu_percent_mean": 26.785,
    "cpu_percent_max": 31.0,
    "ram_used_mb_mean": 10549.813606770833,
    "ram_used_mb_max": 10584.90625,
    "gpu_memory_mb_mean": 1924.215625,
    "gpu_memory_mb_max": 1924.625,
    "gpu_utilization_mean": 88.85,
    "gpu_utilization_max": 91.0,
    "learning_rate": 9.757729755661012e-05
  },
  "val": {
    "epoch": 3,
    "phase": "val",
    "timestamp_start": 1773283340.3227093,
    "timestamp_end": 1773283341.0806684,
    "duration_sec": 0.7579591274261475,
    "loss_mean": 0.49183865235402036,
    "loss_std": 0.02285057508870453,
    "loss_min": 0.4595223367214203,
    "loss_max": 0.5463293194770813,
    "accuracy_mean": 0.8977406345880948,
    "iou_mean": 0.378413193500959,
    "dice_mean": 0.45673317175645095,
    "precision_mean": 0.6693322383440458,
    "recall_mean": 0.8570562509390024,
    "f1_mean": 0.7504994594133817,
    "avg_batch_time_ms": 41.975883337167595,
    "avg_forward_time_ms": 32.94115800123949,
    "avg_backward_time_ms": 0.0,
    "avg_data_load_time_ms": 11.276538555438702,
    "throughput_samples_per_sec": 67.28595006591465,
    "cpu_percent_mean": 38.53846153846154,
    "cpu_percent_max": 45.7,
    "ram_used_mb_mean": 10555.85967548077,
    "ram_used_mb_max": 10562.08203125,
    "gpu_memory_mb_mean": 1924.5288461538462,
    "gpu_memory_mb_max": 1924.625,
    "gpu_utilization_mean": 86.6923076923077,
    "gpu_utilization_max": 89.0,
    "learning_rate": 9.757729755661012e-05
  }
}