{
  "epoch": 12,
  "train": {
    "epoch": 12,
    "phase": "train",
    "timestamp_start": 1773283418.0700018,
    "timestamp_end": 1773283426.6632476,
    "duration_sec": 8.5932457447052,
    "loss_mean": 0.29663667927185694,
    "loss_std": 0.026688564479636363,
    "loss_min": 0.25478702783584595,
    "loss_max": 0.410251259803772,
    "accuracy_mean": 0.9493119875590007,
    "iou_mean": 0.560167771577835,
    "dice_mean": 0.6828342755635579,
    "precision_mean": 0.8385257462660471,
    "recall_mean": 0.8821641643842061,
    "f1_mean": 0.8593083510796229,
    "avg_batch_time_ms": 126.81485414505005,
    "avg_forward_time_ms": 31.741050879160564,
    "avg_backward_time_ms": 84.47212378184001,
    "avg_data_load_time_ms": 11.658855279286703,
    "throughput_samples_per_sec": 28.16165244071023,
    "cpu_percent_mean": 24.845000000000002,
    "cpu_percent_max": 29.3,
    "ram_used_mb_mean": 10530.941471354166,
    "ram_used_mb_max": 10568.25,
    "gpu_memory_mb_mean": 1914.6427083333333,
    "gpu_memory_mb_max": 1921.375,
    "gpu_utilization_mean": 85.98333333333333,
    "gpu_utilization_max": 88.0,
    "learning_rate": 4.275649398050859e-05
  },
  "val": {
    "epoch": 12,
    "phase": "val",
    "timestamp_start": 1773283426.6637492,
    "timestamp_end": 1773283427.3862207,
    "duration_sec": 0.7224714756011963,
    "loss_mean": 0.3017799900128291,
    "loss_std": 0.015467620997757071,
    "loss_min": 0.2765394151210785,
    "loss_max": 0.34070509672164917,
    "accuracy_mean": 0.9492073334180392,
    "iou_mean": 0.5450855103822855,
    "dice_mean": 0.6658318455402668,
    "precision_mean": 0.8333197236061096,
    "recall_mean": 0.8803377564136798,
    "f1_mean": 0.855921250123244,
    "avg_batch_time_ms": 39.665497266329254,
    "avg_forward_time_ms": 31.269990480863132,
    "avg_backward_time_ms": 0.0,
    "avg_data_load_time_ms": 11.043310165405273,
    "throughput_samples_per_sec": 70.59102223732908,
    "cpu_percent_mean": 36.27692307692308,
    "cpu_percent_max": 43.2,
    "ram_used_mb_mean": 10507.938100961539,
    "ram_used_mb_max": 10523.39453125,
    "gpu_memory_mb_mean": 1909.889423076923,
    "gpu_memory_mb_max": 1910.8125,
    "gpu_utilization_mean": 84.23076923076923,
    "gpu_utilization_max": 87.0,
    "learning_rate": 4.275649398050859e-05
  }
}