{
  "epoch": 15,
  "train": {
    "epoch": 15,
    "phase": "train",
    "timestamp_start": 1773283446.1949058,
    "timestamp_end": 1773283454.795358,
    "duration_sec": 8.600452184677124,
    "loss_mean": 0.270052066942056,
    "loss_std": 0.02394693009036514,
    "loss_min": 0.2314937561750412,
    "loss_max": 0.37377870082855225,
    "accuracy_mean": 0.9551799774169922,
    "iou_mean": 0.6017320459087689,
    "dice_mean": 0.723701340953509,
    "precision_mean": 0.8566545655330022,
    "recall_mean": 0.900253759821256,
    "f1_mean": 0.8776215761899948,
    "avg_batch_time_ms": 126.8200437227885,
    "avg_forward_time_ms": 31.89348777135213,
    "avg_backward_time_ms": 84.66463486353557,
    "avg_data_load_time_ms": 11.80191437403361,
    "throughput_samples_per_sec": 28.138055395640237,
    "cpu_percent_mean": 24.646666666666665,
    "cpu_percent_max": 33.3,
    "ram_used_mb_mean": 10570.8341796875,
    "ram_used_mb_max": 10655.45703125,
    "gpu_memory_mb_mean": 1912.5135416666667,
    "gpu_memory_mb_max": 1915.1875,
    "gpu_utilization_mean": 85.48333333333333,
    "gpu_utilization_max": 88.0,
    "learning_rate": 2.1404630011522593e-05
  },
  "val": {
    "epoch": 15,
    "phase": "val",
    "timestamp_start": 1773283454.7958887,
    "timestamp_end": 1773283455.5215263,
    "duration_sec": 0.725637674331665,
    "loss_mean": 0.27770100648586565,
    "loss_std": 0.015795800616817988,
    "loss_min": 0.2523384094238281,
    "loss_max": 0.3145400285720825,
    "accuracy_mean": 0.9541360185696528,
    "iou_mean": 0.5831249677217923,
    "dice_mean": 0.7049232583779556,
    "precision_mean": 0.8484719212238605,
    "recall_mean": 0.9018805944002591,
    "f1_mean": 0.8741685152053833,
    "avg_batch_time_ms": 39.89298527057354,
    "avg_forward_time_ms": 31.25188900874211,
    "avg_backward_time_ms": 0.0,
    "avg_data_load_time_ms": 11.262930356539213,
    "throughput_samples_per_sec": 70.28301010827833,
    "cpu_percent_mean": 37.5,
    "cpu_percent_max": 53.3,
    "ram_used_mb_mean": 10647.779146634615,
    "ram_used_mb_max": 10662.03125,
    "gpu_memory_mb_mean": 1910.5192307692307,
    "gpu_memory_mb_max": 1910.875,
    "gpu_utilization_mean": 84.23076923076923,
    "gpu_utilization_max": 87.0,
    "learning_rate": 2.1404630011522593e-05
  }
}