{
  "epoch": 20,
  "train": {
    "epoch": 20,
    "phase": "train",
    "timestamp_start": 1773283493.6314063,
    "timestamp_end": 1773283502.6202378,
    "duration_sec": 8.988831520080566,
    "loss_mean": 0.2578175912300746,
    "loss_std": 0.02658645848578351,
    "loss_min": 0.21521064639091492,
    "loss_max": 0.3598495125770569,
    "accuracy_mean": 0.9578182061513265,
    "iou_mean": 0.622127377986908,
    "dice_mean": 0.7420749435822169,
    "precision_mean": 0.8658513039350509,
    "recall_mean": 0.907166501879692,
    "f1_mean": 0.8857750902573268,
    "avg_batch_time_ms": 132.87560939788818,
    "avg_forward_time_ms": 32.67038265864054,
    "avg_backward_time_ms": 89.95451927185059,
    "avg_data_load_time_ms": 11.928876241048178,
    "throughput_samples_per_sec": 26.922297904837244,
    "cpu_percent_mean": 28.014999999999997,
    "cpu_percent_max": 58.8,
    "ram_used_mb_mean": 10646.2556640625,
    "ram_used_mb_max": 10696.0625,
    "gpu_memory_mb_mean": 1926.2125,
    "gpu_memory_mb_max": 1939.1875,
    "gpu_utilization_mean": 86.76666666666667,
    "gpu_utilization_max": 91.0,
    "learning_rate": 1.6094271405406863e-06
  },
  "val": {
    "epoch": 20,
    "phase": "val",
    "timestamp_start": 1773283502.6207476,
    "timestamp_end": 1773283503.4039392,
    "duration_sec": 0.7831916809082031,
    "loss_mean": 0.26740383872619045,
    "loss_std": 0.016000967029514625,
    "loss_min": 0.24005889892578125,
    "loss_max": 0.30276551842689514,
    "accuracy_mean": 0.9557340832856985,
    "iou_mean": 0.5953875000660236,
    "dice_mean": 0.7169310404704168,
    "precision_mean": 0.8561712824381315,
    "recall_mean": 0.9050867007328913,
    "f1_mean": 0.879739720087785,
    "avg_batch_time_ms": 41.84548671428974,
    "avg_forward_time_ms": 31.062731376061073,
    "avg_backward_time_ms": 0.0,
    "avg_data_load_time_ms": 13.373283239511343,
    "throughput_samples_per_sec": 65.11815848306699,
    "cpu_percent_mean": 48.00000000000001,
    "cpu_percent_max": 96.2,
    "ram_used_mb_mean": 10626.11358173077,
    "ram_used_mb_max": 10654.2265625,
    "gpu_memory_mb_mean": 1914.2932692307693,
    "gpu_memory_mb_max": 1914.875,
    "gpu_utilization_mean": 85.3076923076923,
    "gpu_utilization_max": 88.0,
    "learning_rate": 1.6094271405406863e-06
  }
}