{
  "epoch": 5,
  "train": {
    "epoch": 5,
    "phase": "train",
    "timestamp_start": 1773283351.3565276,
    "timestamp_end": 1773283360.8257961,
    "duration_sec": 9.469268560409546,
    "loss_mean": 0.41847088585297265,
    "loss_std": 0.02294769145958979,
    "loss_min": 0.3825632333755493,
    "loss_max": 0.4738653600215912,
    "accuracy_mean": 0.930911652247111,
    "iou_mean": 0.44727338006099066,
    "dice_mean": 0.5538019463419914,
    "precision_mean": 0.7753612846136093,
    "recall_mean": 0.8345673819382985,
    "f1_mean": 0.8030358990033467,
    "avg_batch_time_ms": 140.34937222798666,
    "avg_forward_time_ms": 32.916553815205894,
    "avg_backward_time_ms": 96.7483679453532,
    "avg_data_load_time_ms": 12.119750181833902,
    "throughput_samples_per_sec": 25.55635617008348,
    "cpu_percent_mean": 28.193333333333335,
    "cpu_percent_max": 66.7,
    "ram_used_mb_mean": 10496.1486328125,
    "ram_used_mb_max": 10716.57421875,
    "gpu_memory_mb_mean": 1907.3385416666667,
    "gpu_memory_mb_max": 1945.5,
    "gpu_utilization_mean": 88.9,
    "gpu_utilization_max": 91.0,
    "learning_rate": 9.054634122155992e-05
  },
  "val": {
    "epoch": 5,
    "phase": "val",
    "timestamp_start": 1773283360.8264105,
    "timestamp_end": 1773283361.5674732,
    "duration_sec": 0.7410626411437988,
    "loss_mean": 0.4163015622359056,
    "loss_std": 0.00840761107201616,
    "loss_min": 0.4044249653816223,
    "loss_max": 0.4291161894798279,
    "accuracy_mean": 0.9405397039193374,
    "iou_mean": 0.4252776067990523,
    "dice_mean": 0.5235895354014176,
    "precision_mean": 0.8477484492155222,
    "recall_mean": 0.8059883392774142,
    "f1_mean": 0.8259393710356492,
    "avg_batch_time_ms": 39.57506326528696,
    "avg_forward_time_ms": 30.954305942241962,
    "avg_backward_time_ms": 0.0,
    "avg_data_load_time_ms": 12.503770681527945,
    "throughput_samples_per_sec": 68.8200931587695,
    "cpu_percent_mean": 42.93846153846154,
    "cpu_percent_max": 62.7,
    "ram_used_mb_mean": 10698.024038461539,
    "ram_used_mb_max": 10716.90234375,
    "gpu_memory_mb_mean": 1955.8509615384614,
    "gpu_memory_mb_max": 1957.1875,
    "gpu_utilization_mean": 85.15384615384616,
    "gpu_utilization_max": 89.0,
    "learning_rate": 9.054634122155992e-05
  }
}