{
  "epoch": 4,
  "train": {
    "epoch": 4,
    "phase": "train",
    "timestamp_start": 1773283341.1074893,
    "timestamp_end": 1773283350.574959,
    "duration_sec": 9.467469692230225,
    "loss_mean": 0.4541170621911685,
    "loss_std": 0.027725565353601666,
    "loss_min": 0.410494327545166,
    "loss_max": 0.5515704154968262,
    "accuracy_mean": 0.9260940233866374,
    "iou_mean": 0.42468157211939495,
    "dice_mean": 0.5276736651857694,
    "precision_mean": 0.7598795652389526,
    "recall_mean": 0.8238161504268646,
    "f1_mean": 0.7899261722962062,
    "avg_batch_time_ms": 140.44721523920694,
    "avg_forward_time_ms": 32.939724127451576,
    "avg_backward_time_ms": 97.28106657663982,
    "avg_data_load_time_ms": 12.050871054331461,
    "throughput_samples_per_sec": 25.561212009857805,
    "cpu_percent_mean": 26.589999999999993,
    "cpu_percent_max": 30.3,
    "ram_used_mb_mean": 10548.2576171875,
    "ram_used_mb_max": 10567.07421875,
    "gpu_memory_mb_mean": 1916.9395833333333,
    "gpu_memory_mb_max": 1924.625,
    "gpu_utilization_mean": 88.93333333333334,
    "gpu_utilization_max": 91.0,
    "learning_rate": 9.460482294732422e-05
  },
  "val": {
    "epoch": 4,
    "phase": "val",
    "timestamp_start": 1773283350.5754733,
    "timestamp_end": 1773283351.3311286,
    "duration_sec": 0.7556552886962891,
    "loss_mean": 0.44642619215525114,
    "loss_std": 0.015013847394192738,
    "loss_min": 0.41953566670417786,
    "loss_max": 0.48384201526641846,
    "accuracy_mean": 0.924150810791896,
    "iou_mean": 0.400913091806265,
    "dice_mean": 0.5001324965403631,
    "precision_mean": 0.739861405812777,
    "recall_mean": 0.833623047058399,
    "f1_mean": 0.78339317211738,
    "avg_batch_time_ms": 41.06450080871582,
    "avg_forward_time_ms": 32.736668219933144,
    "avg_backward_time_ms": 0.0,
    "avg_data_load_time_ms": 11.920653856717623,
    "throughput_samples_per_sec": 67.49109119316675,
    "cpu_percent_mean": 37.60769230769231,
    "cpu_percent_max": 40.8,
    "ram_used_mb_mean": 10536.581430288461,
    "ram_used_mb_max": 10546.9765625,
    "gpu_memory_mb_mean": 1905.8076923076924,
    "gpu_memory_mb_max": 1906.0,
    "gpu_utilization_mean": 86.92307692307692,
    "gpu_utilization_max": 90.0,
    "learning_rate": 9.460482294732422e-05
  }
}