{
  "epoch": 18,
  "train": {
    "epoch": 18,
    "phase": "train",
    "timestamp_start": 1773283474.7655632,
    "timestamp_end": 1773283483.4529712,
    "duration_sec": 8.687407970428467,
    "loss_mean": 0.2634942092001438,
    "loss_std": 0.027678156390672573,
    "loss_min": 0.21728739142417908,
    "loss_max": 0.37127697467803955,
    "accuracy_mean": 0.9561188379923503,
    "iou_mean": 0.6105581333239873,
    "dice_mean": 0.7319090048472087,
    "precision_mean": 0.864287116130193,
    "recall_mean": 0.8986453960339228,
    "f1_mean": 0.8806972394386927,
    "avg_batch_time_ms": 128.29203208287558,
    "avg_forward_time_ms": 31.956195831298828,
    "avg_backward_time_ms": 85.88203986485799,
    "avg_data_load_time_ms": 11.681481202443441,
    "throughput_samples_per_sec": 27.856410200114553,
    "cpu_percent_mean": 26.30166666666667,
    "cpu_percent_max": 78.0,
    "ram_used_mb_mean": 10675.259244791667,
    "ram_used_mb_max": 10710.81640625,
    "gpu_memory_mb_mean": 1914.5479166666667,
    "gpu_memory_mb_max": 1919.4375,
    "gpu_utilization_mean": 85.85,
    "gpu_utilization_max": 88.0,
    "learning_rate": 6.395177052675796e-06
  },
  "val": {
    "epoch": 18,
    "phase": "val",
    "timestamp_start": 1773283483.4534938,
    "timestamp_end": 1773283484.187197,
    "duration_sec": 0.7337031364440918,
    "loss_mean": 0.26814408944203305,
    "loss_std": 0.01829591692997123,
    "loss_min": 0.2406592071056366,
    "loss_max": 0.31078749895095825,
    "accuracy_mean": 0.9550765110896184,
    "iou_mean": 0.5932666292557349,
    "dice_mean": 0.7144927474168631,
    "precision_mean": 0.8549819405262287,
    "recall_mean": 0.9058236021261948,
    "f1_mean": 0.879395237335792,
    "avg_batch_time_ms": 39.92753762465257,
    "avg_forward_time_ms": 31.37317070594201,
    "avg_backward_time_ms": 0.0,
    "avg_data_load_time_ms": 11.427640914916992,
    "throughput_samples_per_sec": 69.51040205057949,
    "cpu_percent_mean": 37.85384615384615,
    "cpu_percent_max": 43.2,
    "ram_used_mb_mean": 10585.11688701923,
    "ram_used_mb_max": 10605.33984375,
    "gpu_memory_mb_mean": 1911.6586538461538,
    "gpu_memory_mb_max": 1911.875,
    "gpu_utilization_mean": 83.53846153846153,
    "gpu_utilization_max": 87.0,
    "learning_rate": 6.395177052675796e-06
  }
}