{
  "epoch": 7,
  "train": {
    "epoch": 7,
    "phase": "train",
    "timestamp_start": 1773283371.1843774,
    "timestamp_end": 1773283379.756795,
    "duration_sec": 8.572417497634888,
    "loss_mean": 0.36849627445141475,
    "loss_std": 0.02500201876343276,
    "loss_min": 0.3170664310455322,
    "loss_max": 0.4238210618495941,
    "accuracy_mean": 0.938068437576294,
    "iou_mean": 0.48120200584332146,
    "dice_mean": 0.5947663322091102,
    "precision_mean": 0.7998494317134222,
    "recall_mean": 0.846707343061765,
    "f1_mean": 0.8220782369375229,
    "avg_batch_time_ms": 126.25976006189983,
    "avg_forward_time_ms": 29.79189157485962,
    "avg_backward_time_ms": 86.61140203475952,
    "avg_data_load_time_ms": 11.442379156748453,
    "throughput_samples_per_sec": 28.23007629607019,
    "cpu_percent_mean": 25.465000000000007,
    "cpu_percent_max": 35.7,
    "ram_used_mb_mean": 10480.125520833333,
    "ram_used_mb_max": 10500.0,
    "gpu_memory_mb_mean": 1937.065625,
    "gpu_memory_mb_max": 1939.0625,
    "gpu_utilization_mean": 85.13333333333334,
    "gpu_utilization_max": 87.0,
    "learning_rate": 7.959536998847744e-05
  },
  "val": {
    "epoch": 7,
    "phase": "val",
    "timestamp_start": 1773283379.7572823,
    "timestamp_end": 1773283380.4426608,
    "duration_sec": 0.6853785514831543,
    "loss_mean": 0.36470836859482986,
    "loss_std": 0.014445111196394746,
    "loss_min": 0.33994901180267334,
    "loss_max": 0.3950243592262268,
    "accuracy_mean": 0.9388046035399804,
    "iou_mean": 0.48288294214468735,
    "dice_mean": 0.5958099640332736,
    "precision_mean": 0.7904614760325506,
    "recall_mean": 0.860628618643834,
    "f1_mean": 0.8237220690800593,
    "avg_batch_time_ms": 36.93054272578313,
    "avg_forward_time_ms": 28.389453887939453,
    "avg_backward_time_ms": 0.0,
    "avg_data_load_time_ms": 10.978350272545448,
    "throughput_samples_per_sec": 74.41143276169988,
    "cpu_percent_mean": 34.315384615384616,
    "cpu_percent_max": 46.9,
    "ram_used_mb_mean": 10484.267127403846,
    "ram_used_mb_max": 10502.60546875,
    "gpu_memory_mb_mean": 1933.5673076923076,
    "gpu_memory_mb_max": 1934.125,
    "gpu_utilization_mean": 83.6923076923077,
    "gpu_utilization_max": 86.0,
    "learning_rate": 7.959536998847744e-05
  }
}