{
  "epoch": 1,
  "train": {
    "epoch": 1,
    "phase": "train",
    "timestamp_start": 1773283310.4747403,
    "timestamp_end": 1773283319.8570457,
    "duration_sec": 9.382305383682251,
    "loss_mean": 0.719220119714737,
    "loss_std": 0.11094860374593209,
    "loss_min": 0.5810461044311523,
    "loss_max": 1.0773513317108154,
    "accuracy_mean": 0.8212513446807861,
    "iou_mean": 0.3205416743333141,
    "dice_mean": 0.4100111593181888,
    "precision_mean": 0.5427670497447252,
    "recall_mean": 0.726046321541071,
    "f1_mean": 0.6170774582152565,
    "avg_batch_time_ms": 138.59205643335977,
    "avg_forward_time_ms": 32.230754693349205,
    "avg_backward_time_ms": 95.49422264099121,
    "avg_data_load_time_ms": 12.42694060007731,
    "throughput_samples_per_sec": 25.793234189636113,
    "cpu_percent_mean": 30.856666666666666,
    "cpu_percent_max": 97.7,
    "ram_used_mb_mean": 10467.494466145834,
    "ram_used_mb_max": 10607.47265625,
    "gpu_memory_mb_mean": 1923.2364583333333,
    "gpu_memory_mb_max": 1962.3125,
    "gpu_utilization_mean": 88.9,
    "gpu_utilization_max": 93.0,
    "learning_rate": 0.0001
  },
  "val": {
    "epoch": 1,
    "phase": "val",
    "timestamp_start": 1773283319.8579726,
    "timestamp_end": 1773283320.6074202,
    "duration_sec": 0.7494475841522217,
    "loss_mean": 0.6257750162711511,
    "loss_std": 0.031340339514810946,
    "loss_min": 0.5834495425224304,
    "loss_max": 0.6894469261169434,
    "accuracy_mean": 0.8744647961396438,
    "iou_mean": 0.3646925985813141,
    "dice_mean": 0.4632110343529628,
    "precision_mean": 0.5998893059217013,
    "recall_mean": 0.7655230668874887,
    "f1_mean": 0.6715692923619196,
    "avg_batch_time_ms": 41.01142516502967,
    "avg_forward_time_ms": 32.40713706383338,
    "avg_backward_time_ms": 0.0,
    "avg_data_load_time_ms": 11.590334085317759,
    "throughput_samples_per_sec": 68.05012262157256,
    "cpu_percent_mean": 37.800000000000004,
    "cpu_percent_max": 40.4,
    "ram_used_mb_mean": 10565.170372596154,
    "ram_used_mb_max": 10572.86328125,
    "gpu_memory_mb_mean": 1944.0673076923076,
    "gpu_memory_mb_max": 1945.1875,
    "gpu_utilization_mean": 87.15384615384616,
    "gpu_utilization_max": 89.0,
    "learning_rate": 0.0001
  }
}