{
  "epoch": 11,
  "train": {
    "epoch": 11,
    "phase": "train",
    "timestamp_start": 1773283408.7190037,
    "timestamp_end": 1773283417.3382678,
    "duration_sec": 8.619264125823975,
    "loss_mean": 0.3049321775635084,
    "loss_std": 0.026678431781624934,
    "loss_min": 0.26599961519241333,
    "loss_max": 0.3853234648704529,
    "accuracy_mean": 0.9487054983774821,
    "iou_mean": 0.5517647316058477,
    "dice_mean": 0.6736032883326213,
    "precision_mean": 0.8377437919378281,
    "recall_mean": 0.8780677010615666,
    "f1_mean": 0.8567596207062403,
    "avg_batch_time_ms": 126.92959705988567,
    "avg_forward_time_ms": 31.733683745066326,
    "avg_backward_time_ms": 84.6689502398173,
    "avg_data_load_time_ms": 11.928236484527588,
    "throughput_samples_per_sec": 28.076642793083632,
    "cpu_percent_mean": 25.53166666666667,
    "cpu_percent_max": 66.1,
    "ram_used_mb_mean": 10559.659049479167,
    "ram_used_mb_max": 10590.4609375,
    "gpu_memory_mb_mean": 1917.815625,
    "gpu_memory_mb_max": 1923.9375,
    "gpu_utilization_mean": 85.51666666666667,
    "gpu_utilization_max": 88.0,
    "learning_rate": 5.050000000000001e-05
  },
  "val": {
    "epoch": 11,
    "phase": "val",
    "timestamp_start": 1773283417.3387792,
    "timestamp_end": 1773283418.0672672,
    "duration_sec": 0.7284879684448242,
    "loss_mean": 0.3132555278447958,
    "loss_std": 0.016455612782790025,
    "loss_min": 0.28840577602386475,
    "loss_max": 0.3503302335739136,
    "accuracy_mean": 0.9448973353092487,
    "iou_mean": 0.5307682064863352,
    "dice_mean": 0.6535592400110685,
    "precision_mean": 0.8115073167360746,
    "recall_mean": 0.8873596833302424,
    "f1_mean": 0.8475124469170203,
    "avg_batch_time_ms": 39.56325237567608,
    "avg_forward_time_ms": 30.854151799128605,
    "avg_backward_time_ms": 0.0,
    "avg_data_load_time_ms": 11.484843034010668,
    "throughput_samples_per_sec": 70.00801963672066,
    "cpu_percent_mean": 36.838461538461544,
    "cpu_percent_max": 42.2,
    "ram_used_mb_mean": 10542.734975961539,
    "ram_used_mb_max": 10552.1484375,
    "gpu_memory_mb_mean": 1915.9423076923076,
    "gpu_memory_mb_max": 1916.25,
    "gpu_utilization_mean": 83.3076923076923,
    "gpu_utilization_max": 86.0,
    "learning_rate": 5.050000000000001e-05
  }
}