{
  "epoch": 1,
  "train": {
    "epoch": 1,
    "phase": "train",
    "timestamp_start": 1772086110.1422622,
    "timestamp_end": 1772086120.1226144,
    "duration_sec": 9.98035216331482,
    "loss_mean": 0.7351934313774109,
    "loss_std": 0.016485869884490967,
    "loss_min": 0.7187075614929199,
    "loss_max": 0.7516793012619019,
    "accuracy_mean": 0.5741672515869141,
    "iou_mean": 0.03753490373492241,
    "dice_mean": 0.07204617373645306,
    "precision_mean": 0.05852534808218479,
    "recall_mean": 0.10416366159915924,
    "f1_mean": 0.07204612717032433,
    "avg_batch_time_ms": 4932.538390159607,
    "avg_forward_time_ms": 2092.478036880493,
    "avg_backward_time_ms": 2807.2922229766846,
    "avg_data_load_time_ms": 34.15024280548096,
    "throughput_samples_per_sec": 156.50750338665463,
    "cpu_percent_mean": 24.6,
    "cpu_percent_max": 24.8,
    "ram_used_mb_mean": 11892.30078125,
    "ram_used_mb_max": 11906.07421875,
    "gpu_memory_mb_mean": 2359.625,
    "gpu_memory_mb_max": 2383.5,
    "gpu_utilization_mean": 61.0,
    "gpu_utilization_max": 100.0,
    "learning_rate": 0.0001
  },
  "val": {
    "epoch": 1,
    "phase": "val",
    "timestamp_start": 1772086120.123885,
    "timestamp_end": 1772086121.3590894,
    "duration_sec": 1.2352044582366943,
    "loss_mean": 0.6920260190963745,
    "loss_std": 0.0342860221862793,
    "loss_min": 0.6577399969100952,
    "loss_max": 0.7263120412826538,
    "accuracy_mean": 0.7495856285095215,
    "iou_mean": 0.04215151257812977,
    "dice_mean": 0.08047628216445446,
    "precision_mean": 0.17185412719845772,
    "recall_mean": 0.09069265052676201,
    "f1_mean": 0.08047625049948692,
    "avg_batch_time_ms": 570.925235748291,
    "avg_forward_time_ms": 562.9745721817017,
    "avg_backward_time_ms": 0.0,
    "avg_data_load_time_ms": 29.045939445495605,
    "throughput_samples_per_sec": 270.40057844091564,
    "cpu_percent_mean": 29.799999999999997,
    "cpu_percent_max": 36.3,
    "ram_used_mb_mean": 11893.416015625,
    "ram_used_mb_max": 11898.3359375,
    "gpu_memory_mb_mean": 2382.34375,
    "gpu_memory_mb_max": 2383.5,
    "gpu_utilization_mean": 95.5,
    "gpu_utilization_max": 100.0,
    "learning_rate": 0.0001
  }
}