{
  "unet_resnet18": {
    "model_type": "deep_learning",
    "segmentation": {
      "iou": 0.0,
      "dice": 0.0,
      "precision": 0.0,
      "recall": 0.0,
      "f1_score": 0.0,
      "boundary_f1": 0.0,
      "hausdorff_distance": 0.0
    },
    "latency": {
      "inference_time_ms": 46.49250621131151,
      "total_time_ms": 46.49250621131151,
      "fps": 21.508842639175743,
      "std_dev_ms": 2.3648331042372375
    },
    "hardware": {
      "gpu_memory_used_mb": 237.19688789799528,
      "gpu_memory_peak_mb": 237.36669921875,
      "gpu_utilization": 0.0
    },
    "measurement": null
  },
  "segformer_b0": {
    "model_type": "deep_learning",
    "segmentation": {
      "iou": 0.0,
      "dice": 0.0,
      "precision": 0.0,
      "recall": 0.0,
      "f1_score": 0.0,
      "boundary_f1": 0.0,
      "hausdorff_distance": 0.0
    },
    "latency": {
      "inference_time_ms": 7.860716748150738,
      "total_time_ms": 7.860716748150738,
      "fps": 127.21486246597725,
      "std_dev_ms": 0.26868882628892127
    },
    "hardware": {
      "gpu_memory_used_mb": 83.73741524174528,
      "gpu_memory_peak_mb": 83.9072265625,
      "gpu_utilization": 0.0
    },
    "measurement": null
  }
}