{
  "epoch": 11,
  "train": {
    "epoch": 11,
    "phase": "train",
    "timestamp_start": 1775610463.6251507,
    "timestamp_end": 1775610506.3244321,
    "duration_sec": 42.699281454086304,
    "loss_mean": 0.10843437048606575,
    "loss_std": 0.0028623439314189696,
    "loss_min": 0.10103940963745117,
    "loss_max": 0.11426782608032227,
    "accuracy_mean": 0.9965139832347631,
    "iou_mean": 0.9656599229201674,
    "dice_mean": 0.9825278157368302,
    "precision_mean": 0.5,
    "recall_mean": 0.5,
    "f1_mean": 0.4999999403953552,
    "avg_batch_time_ms": 581.5373361110687,
    "avg_forward_time_ms": 169.58121582865715,
    "avg_backward_time_ms": 228.52280363440514,
    "avg_data_load_time_ms": 78.83063703775406,
    "throughput_samples_per_sec": 48.68934392339852,
    "cpu_percent_mean": 34.185937499999994,
    "cpu_percent_max": 51.5,
    "ram_used_mb_mean": 3684.9580688476562,
    "ram_used_mb_max": 3728.875,
    "gpu_memory_mb_mean": 439.652099609375,
    "gpu_memory_mb_max": 439.90576171875,
    "gpu_utilization_mean": 0.0,
    "gpu_utilization_max": 0.0,
    "learning_rate": 8.550178566873408e-05
  },
  "val": {
    "epoch": 11,
    "phase": "val",
    "timestamp_start": 1775610506.3338392,
    "timestamp_end": 1775610513.0617514,
    "duration_sec": 6.727912187576294,
    "loss_mean": 0.10590309862579618,
    "loss_std": 0.001052427469302963,
    "loss_min": 0.10375895351171494,
    "loss_max": 0.1076047420501709,
    "accuracy_mean": 0.996454404933112,
    "iou_mean": 0.9645312002726963,
    "dice_mean": 0.9819435392107282,
    "precision_mean": 0.5,
    "recall_mean": 0.5,
    "f1_mean": 0.4999999403953552,
    "avg_batch_time_ms": 336.466806275504,
    "avg_forward_time_ms": 161.1377171107701,
    "avg_backward_time_ms": 0.0,
    "avg_data_load_time_ms": 133.46690790993827,
    "throughput_samples_per_sec": 66.14236149243048,
    "cpu_percent_mean": 58.23571428571428,
    "cpu_percent_max": 87.5,
    "ram_used_mb_mean": 3657.134207589286,
    "ram_used_mb_max": 3685.1015625,
    "gpu_memory_mb_mean": 438.1127232142857,
    "gpu_memory_mb_max": 439.3984375,
    "gpu_utilization_mean": 0.0,
    "gpu_utilization_max": 0.0,
    "learning_rate": 8.550178566873408e-05
  }
}