{
  "epoch": 6,
  "train": {
    "epoch": 6,
    "phase": "train",
    "timestamp_start": 1775610213.95085,
    "timestamp_end": 1775610257.8143702,
    "duration_sec": 43.86352014541626,
    "loss_mean": 0.1657587813679129,
    "loss_std": 0.004848574666741416,
    "loss_min": 0.15701286494731903,
    "loss_max": 0.17833605408668518,
    "accuracy_mean": 0.9953964129090309,
    "iou_mean": 0.9551344141364098,
    "dice_mean": 0.9770490676164627,
    "precision_mean": 0.5,
    "recall_mean": 0.5,
    "f1_mean": 0.4999999403953552,
    "avg_batch_time_ms": 581.5315656363964,
    "avg_forward_time_ms": 169.60565373301506,
    "avg_backward_time_ms": 228.55043038725853,
    "avg_data_load_time_ms": 97.14262560009956,
    "throughput_samples_per_sec": 47.397016771743424,
    "cpu_percent_mean": 34.8828125,
    "cpu_percent_max": 68.2,
    "ram_used_mb_mean": 3152.0001220703125,
    "ram_used_mb_max": 3235.16796875,
    "gpu_memory_mb_mean": 439.652099609375,
    "gpu_memory_mb_max": 439.90576171875,
    "gpu_utilization_mean": 0.0,
    "gpu_utilization_max": 0.0,
    "learning_rate": 9.623203685930868e-05
  },
  "val": {
    "epoch": 6,
    "phase": "val",
    "timestamp_start": 1775610257.8229508,
    "timestamp_end": 1775610264.4017813,
    "duration_sec": 6.5788304805755615,
    "loss_mean": 0.1606048196554184,
    "loss_std": 0.0014599061493215972,
    "loss_min": 0.157624289393425,
    "loss_max": 0.1631588637828827,
    "accuracy_mean": 0.9950380963938577,
    "iou_mean": 0.9510361424514225,
    "dice_mean": 0.9749018762792859,
    "precision_mean": 0.5,
    "recall_mean": 0.5,
    "f1_mean": 0.4999999403953552,
    "avg_batch_time_ms": 332.67533779144287,
    "avg_forward_time_ms": 159.7555705479213,
    "avg_backward_time_ms": 0.0,
    "avg_data_load_time_ms": 127.56706987108502,
    "throughput_samples_per_sec": 67.64120177802002,
    "cpu_percent_mean": 56.64285714285713,
    "cpu_percent_max": 85.6,
    "ram_used_mb_mean": 3163.0731026785716,
    "ram_used_mb_max": 3205.4375,
    "gpu_memory_mb_mean": 438.1127232142857,
    "gpu_memory_mb_max": 439.3984375,
    "gpu_utilization_mean": 0.0,
    "gpu_utilization_max": 0.0,
    "learning_rate": 9.623203685930868e-05
  }
}