{
  "epoch": 16,
  "train": {
    "epoch": 16,
    "phase": "train",
    "timestamp_start": 1775610710.6074517,
    "timestamp_end": 1775610752.9565756,
    "duration_sec": 42.34912395477295,
    "loss_mean": 0.07575884170364588,
    "loss_std": 0.0023023849569407404,
    "loss_min": 0.0710897147655487,
    "loss_max": 0.08045686036348343,
    "accuracy_mean": 0.9972761999815702,
    "iou_mean": 0.9730089884251356,
    "dice_mean": 0.986318645067513,
    "precision_mean": 0.5,
    "recall_mean": 0.5,
    "f1_mean": 0.4999999403953552,
    "avg_batch_time_ms": 577.7787901461124,
    "avg_forward_time_ms": 168.56343671679497,
    "avg_backward_time_ms": 228.54194790124893,
    "avg_data_load_time_ms": 76.91604271531105,
    "throughput_samples_per_sec": 49.091924598494245,
    "cpu_percent_mean": 34.290625000000006,
    "cpu_percent_max": 71.0,
    "ram_used_mb_mean": 4185.232971191406,
    "ram_used_mb_max": 4250.30078125,
    "gpu_memory_mb_mean": 439.652099609375,
    "gpu_memory_mb_max": 439.90576171875,
    "gpu_utilization_mean": 0.0,
    "gpu_utilization_max": 0.0,
    "learning_rate": 6.944282990207194e-05
  },
  "val": {
    "epoch": 16,
    "phase": "val",
    "timestamp_start": 1775610752.9657867,
    "timestamp_end": 1775610759.6848602,
    "duration_sec": 6.719073534011841,
    "loss_mean": 0.07538459662880216,
    "loss_std": 0.0009135327569397749,
    "loss_min": 0.0732487365603447,
    "loss_max": 0.07698923349380493,
    "accuracy_mean": 0.9966108458382743,
    "iou_mean": 0.9661858124392373,
    "dice_mean": 0.9828007434095655,
    "precision_mean": 0.5,
    "recall_mean": 0.5,
    "f1_mean": 0.4999999403953552,
    "avg_batch_time_ms": 335.1523535592215,
    "avg_forward_time_ms": 160.3539500917707,
    "avg_backward_time_ms": 0.0,
    "avg_data_load_time_ms": 132.00908047812325,
    "throughput_samples_per_sec": 66.22936893716333,
    "cpu_percent_mean": 58.892857142857146,
    "cpu_percent_max": 90.3,
    "ram_used_mb_mean": 4162.04296875,
    "ram_used_mb_max": 4194.60546875,
    "gpu_memory_mb_mean": 438.1127232142857,
    "gpu_memory_mb_max": 439.3984375,
    "gpu_utilization_mean": 0.0,
    "gpu_utilization_max": 0.0,
    "learning_rate": 6.944282990207194e-05
  }
}