{
  "epoch": 15,
  "train": {
    "epoch": 15,
    "phase": "train",
    "timestamp_start": 1775610661.773514,
    "timestamp_end": 1775610703.985572,
    "duration_sec": 42.21205806732178,
    "loss_mean": 0.0809932320844382,
    "loss_std": 0.002358065786757213,
    "loss_min": 0.07552435249090195,
    "loss_max": 0.08759436011314392,
    "accuracy_mean": 0.9970887452363968,
    "iou_mean": 0.9711810667067766,
    "dice_mean": 0.9853781796991825,
    "precision_mean": 0.5,
    "recall_mean": 0.5,
    "f1_mean": 0.4999999403953552,
    "avg_batch_time_ms": 582.2646170854568,
    "avg_forward_time_ms": 172.12356254458427,
    "avg_backward_time_ms": 227.99183055758476,
    "avg_data_load_time_ms": 70.3454278409481,
    "throughput_samples_per_sec": 49.25132995610669,
    "cpu_percent_mean": 36.428124999999994,
    "cpu_percent_max": 62.7,
    "ram_used_mb_mean": 4094.8508911132812,
    "ram_used_mb_max": 4243.39453125,
    "gpu_memory_mb_mean": 439.652099609375,
    "gpu_memory_mb_max": 439.90576171875,
    "gpu_utilization_mean": 0.0,
    "gpu_utilization_max": 0.0,
    "learning_rate": 7.297252973710755e-05
  },
  "val": {
    "epoch": 15,
    "phase": "val",
    "timestamp_start": 1775610703.987326,
    "timestamp_end": 1775610710.4425602,
    "duration_sec": 6.4552342891693115,
    "loss_mean": 0.07959961944392749,
    "loss_std": 0.0009919753187253265,
    "loss_min": 0.07730698585510254,
    "loss_max": 0.08142577856779099,
    "accuracy_mean": 0.9970003025872367,
    "iou_mean": 0.9697633045060294,
    "dice_mean": 0.9846478232315609,
    "precision_mean": 0.5,
    "recall_mean": 0.5,
    "f1_mean": 0.4999999403953552,
    "avg_batch_time_ms": 334.5399413790022,
    "avg_forward_time_ms": 161.06161049434118,
    "avg_backward_time_ms": 0.0,
    "avg_data_load_time_ms": 115.2463299887521,
    "throughput_samples_per_sec": 68.93630503026476,
    "cpu_percent_mean": 54.17857142857142,
    "cpu_percent_max": 91.9,
    "ram_used_mb_mean": 4081.311104910714,
    "ram_used_mb_max": 4116.66015625,
    "gpu_memory_mb_mean": 438.1127232142857,
    "gpu_memory_mb_max": 439.3984375,
    "gpu_utilization_mean": 0.0,
    "gpu_utilization_max": 0.0,
    "learning_rate": 7.297252973710755e-05
  }
}