{
  "epoch": 35,
  "train": {
    "epoch": 35,
    "phase": "train",
    "timestamp_start": 1775611652.256336,
    "timestamp_end": 1775611694.7746742,
    "duration_sec": 42.518338203430176,
    "loss_mean": 0.040607279690448195,
    "loss_std": 0.000854796745032775,
    "loss_min": 0.03884977474808693,
    "loss_max": 0.042528409510850906,
    "accuracy_mean": 0.9985353387892246,
    "iou_mean": 0.9853831557556987,
    "dice_mean": 0.9926377031952143,
    "precision_mean": 0.5,
    "recall_mean": 0.5,
    "f1_mean": 0.4999999403953552,
    "avg_batch_time_ms": 578.0726931989193,
    "avg_forward_time_ms": 168.5478277504444,
    "avg_backward_time_ms": 228.97028923034668,
    "avg_data_load_time_ms": 78.72296869754791,
    "throughput_samples_per_sec": 48.896548826837176,
    "cpu_percent_mean": 35.053124999999994,
    "cpu_percent_max": 56.8,
    "ram_used_mb_mean": 6085.583923339844,
    "ram_used_mb_max": 6144.78125,
    "gpu_memory_mb_mean": 439.652099609375,
    "gpu_memory_mb_max": 439.90576171875,
    "gpu_utilization_mean": 0.0,
    "gpu_utilization_max": 0.0,
    "learning_rate": 6.395177052675791e-06
  },
  "val": {
    "epoch": 35,
    "phase": "val",
    "timestamp_start": 1775611694.7843528,
    "timestamp_end": 1775611701.6187937,
    "duration_sec": 6.8344409465789795,
    "loss_mean": 0.041853848312582285,
    "loss_std": 0.0006415848175679316,
    "loss_min": 0.0406111516058445,
    "loss_max": 0.043164484202861786,
    "accuracy_mean": 0.9981524390833718,
    "iou_mean": 0.9812516953263964,
    "dice_mean": 0.990536596093859,
    "precision_mean": 0.5,
    "recall_mean": 0.5,
    "f1_mean": 0.4999999403953552,
    "avg_batch_time_ms": 336.84216226850236,
    "avg_forward_time_ms": 162.61063303266252,
    "avg_backward_time_ms": 0.0,
    "avg_data_load_time_ms": 135.0802523749215,
    "throughput_samples_per_sec": 65.11139732983536,
    "cpu_percent_mean": 57.32142857142856,
    "cpu_percent_max": 80.8,
    "ram_used_mb_mean": 6051.040736607143,
    "ram_used_mb_max": 6088.62890625,
    "gpu_memory_mb_mean": 438.1127232142857,
    "gpu_memory_mb_max": 439.3984375,
    "gpu_utilization_mean": 0.0,
    "gpu_utilization_max": 0.0,
    "learning_rate": 6.395177052675791e-06
  }
}