{
  "epoch": 3,
  "train": {
    "epoch": 3,
    "phase": "train",
    "timestamp_start": 1775610066.5841222,
    "timestamp_end": 1775610108.6728358,
    "duration_sec": 42.08871364593506,
    "loss_mean": 0.21976604382507503,
    "loss_std": 0.006890120851438174,
    "loss_min": 0.20617476105690002,
    "loss_max": 0.23238927125930786,
    "accuracy_mean": 0.9928112700581551,
    "iou_mean": 0.9312454536557198,
    "dice_mean": 0.9643842941150069,
    "precision_mean": 0.5,
    "recall_mean": 0.5,
    "f1_mean": 0.4999999403953552,
    "avg_batch_time_ms": 574.373584240675,
    "avg_forward_time_ms": 167.6265113055706,
    "avg_backward_time_ms": 224.75962340831757,
    "avg_data_load_time_ms": 76.79900899529457,
    "throughput_samples_per_sec": 49.39566501103534,
    "cpu_percent_mean": 35.1296875,
    "cpu_percent_max": 100.0,
    "ram_used_mb_mean": 2888.2566528320312,
    "ram_used_mb_max": 2941.53515625,
    "gpu_memory_mb_mean": 439.652099609375,
    "gpu_memory_mb_max": 439.90576171875,
    "gpu_utilization_mean": 0.0,
    "gpu_utilization_max": 0.0,
    "learning_rate": 9.939057285945931e-05
  },
  "val": {
    "epoch": 3,
    "phase": "val",
    "timestamp_start": 1775610108.6826563,
    "timestamp_end": 1775610115.3290198,
    "duration_sec": 6.6463634967803955,
    "loss_mean": 0.2105005042893546,
    "loss_std": 0.0015767931822271047,
    "loss_min": 0.20747417211532593,
    "loss_max": 0.21385431289672852,
    "accuracy_mean": 0.9933715462684631,
    "iou_mean": 0.9354559651442936,
    "dice_mean": 0.9666490469660077,
    "precision_mean": 0.5,
    "recall_mean": 0.5,
    "f1_mean": 0.4999999403953552,
    "avg_batch_time_ms": 336.9653735842024,
    "avg_forward_time_ms": 163.49387168884277,
    "avg_backward_time_ms": 0.0,
    "avg_data_load_time_ms": 128.76149586268835,
    "throughput_samples_per_sec": 66.953906480674,
    "cpu_percent_mean": 54.0642857142857,
    "cpu_percent_max": 76.3,
    "ram_used_mb_mean": 2864.3713727678573,
    "ram_used_mb_max": 2908.5625,
    "gpu_memory_mb_mean": 438.1127232142857,
    "gpu_memory_mb_max": 439.3984375,
    "gpu_utilization_mean": 0.0,
    "gpu_utilization_max": 0.0,
    "learning_rate": 9.939057285945931e-05
  }
}