{
  "epoch": 28,
  "train": {
    "epoch": 28,
    "phase": "train",
    "timestamp_start": 1775611305.5447903,
    "timestamp_end": 1775611347.9879243,
    "duration_sec": 42.44313406944275,
    "loss_mean": 0.045001707156188786,
    "loss_std": 0.0009254902193748666,
    "loss_min": 0.042689237743616104,
    "loss_max": 0.04805496335029602,
    "accuracy_mean": 0.9983569290488958,
    "iou_mean": 0.9835999775677919,
    "dice_mean": 0.9917320841923356,
    "precision_mean": 0.5,
    "recall_mean": 0.5,
    "f1_mean": 0.4999999403953552,
    "avg_batch_time_ms": 577.8624713420868,
    "avg_forward_time_ms": 168.68025436997414,
    "avg_backward_time_ms": 227.73753479123116,
    "avg_data_load_time_ms": 77.9930092394352,
    "throughput_samples_per_sec": 48.983187636390674,
    "cpu_percent_mean": 34.0265625,
    "cpu_percent_max": 78.2,
    "ram_used_mb_mean": 5381.765319824219,
    "ram_used_mb_max": 5435.12109375,
    "gpu_memory_mb_mean": 439.652099609375,
    "gpu_memory_mb_max": 439.90576171875,
    "gpu_utilization_mean": 0.0,
    "gpu_utilization_max": 0.0,
    "learning_rate": 2.463632104656053e-05
  },
  "val": {
    "epoch": 28,
    "phase": "val",
    "timestamp_start": 1775611347.998334,
    "timestamp_end": 1775611354.707598,
    "duration_sec": 6.709264039993286,
    "loss_mean": 0.04579330954168524,
    "loss_std": 0.0006696835360317081,
    "loss_min": 0.04437358304858208,
    "loss_max": 0.04718109220266342,
    "accuracy_mean": 0.9980443886348179,
    "iou_mean": 0.980163459266935,
    "dice_mean": 0.9899818258626121,
    "precision_mean": 0.5,
    "recall_mean": 0.5,
    "f1_mean": 0.4999999403953552,
    "avg_batch_time_ms": 333.0216407775879,
    "avg_forward_time_ms": 160.04630497523718,
    "avg_backward_time_ms": 0.0,
    "avg_data_load_time_ms": 133.14698423658098,
    "throughput_samples_per_sec": 66.3262017037036,
    "cpu_percent_mean": 56.42142857142857,
    "cpu_percent_max": 88.7,
    "ram_used_mb_mean": 5364.611049107143,
    "ram_used_mb_max": 5410.6015625,
    "gpu_memory_mb_mean": 438.1127232142857,
    "gpu_memory_mb_max": 439.3984375,
    "gpu_utilization_mean": 0.0,
    "gpu_utilization_max": 0.0,
    "learning_rate": 2.463632104656053e-05
  }
}