{
  "epoch": 4,
  "train": {
    "epoch": 4,
    "phase": "train",
    "timestamp_start": 1775610115.500438,
    "timestamp_end": 1775610158.1588693,
    "duration_sec": 42.6584312915802,
    "loss_mean": 0.19966454966925085,
    "loss_std": 0.005633666529138857,
    "loss_min": 0.18995194137096405,
    "loss_max": 0.20997020602226257,
    "accuracy_mean": 0.9940072055906057,
    "iou_mean": 0.9422274809330702,
    "dice_mean": 0.9702450893819332,
    "precision_mean": 0.5,
    "recall_mean": 0.5,
    "f1_mean": 0.4999999403953552,
    "avg_batch_time_ms": 583.353191614151,
    "avg_forward_time_ms": 169.33267563581467,
    "avg_backward_time_ms": 232.36357048153877,
    "avg_data_load_time_ms": 76.68565958738327,
    "throughput_samples_per_sec": 48.7359693512768,
    "cpu_percent_mean": 34.690625,
    "cpu_percent_max": 70.0,
    "ram_used_mb_mean": 2991.732177734375,
    "ram_used_mb_max": 3045.63671875,
    "gpu_memory_mb_mean": 439.652099609375,
    "gpu_memory_mb_max": 439.90576171875,
    "gpu_utilization_mean": 0.0,
    "gpu_utilization_max": 0.0,
    "learning_rate": 9.863231105968498e-05
  },
  "val": {
    "epoch": 4,
    "phase": "val",
    "timestamp_start": 1775610158.1678894,
    "timestamp_end": 1775610164.7147822,
    "duration_sec": 6.546892881393433,
    "loss_mean": 0.19250729892935073,
    "loss_std": 0.0014884693293393096,
    "loss_min": 0.18963408470153809,
    "loss_max": 0.1954098343849182,
    "accuracy_mean": 0.9947818219661713,
    "iou_mean": 0.9480072430201939,
    "dice_mean": 0.9733079714434487,
    "precision_mean": 0.5,
    "recall_mean": 0.5,
    "f1_mean": 0.4999999403953552,
    "avg_batch_time_ms": 334.38256808689664,
    "avg_forward_time_ms": 159.76239953722273,
    "avg_backward_time_ms": 0.0,
    "avg_data_load_time_ms": 123.93428598131452,
    "throughput_samples_per_sec": 67.97117473308755,
    "cpu_percent_mean": 56.707142857142856,
    "cpu_percent_max": 84.8,
    "ram_used_mb_mean": 2973.7901785714284,
    "ram_used_mb_max": 3010.28125,
    "gpu_memory_mb_mean": 438.1127232142857,
    "gpu_memory_mb_max": 439.3984375,
    "gpu_utilization_mean": 0.0,
    "gpu_utilization_max": 0.0,
    "learning_rate": 9.863231105968498e-05
  }
}