{
  "epoch": 22,
  "train": {
    "epoch": 22,
    "phase": "train",
    "timestamp_start": 1775611007.309695,
    "timestamp_end": 1775611049.869791,
    "duration_sec": 42.56009602546692,
    "loss_mean": 0.054848004423547536,
    "loss_std": 0.0012417077092596945,
    "loss_min": 0.051984746009111404,
    "loss_max": 0.057189665734767914,
    "accuracy_mean": 0.9979841858148575,
    "iou_mean": 0.9799364432692528,
    "dice_mean": 0.9898662874475121,
    "precision_mean": 0.5,
    "recall_mean": 0.5,
    "f1_mean": 0.4999999403953552,
    "avg_batch_time_ms": 579.2237855494022,
    "avg_forward_time_ms": 168.93140971660614,
    "avg_backward_time_ms": 228.26334089040756,
    "avg_data_load_time_ms": 78.36606726050377,
    "throughput_samples_per_sec": 48.84857399654308,
    "cpu_percent_mean": 34.868750000000006,
    "cpu_percent_max": 50.8,
    "ram_used_mb_mean": 4784.299499511719,
    "ram_used_mb_max": 4843.99609375,
    "gpu_memory_mb_mean": 439.652099609375,
    "gpu_memory_mb_max": 439.90576171875,
    "gpu_utilization_mean": 0.0,
    "gpu_utilization_max": 0.0,
    "learning_rate": 4.6616274761471674e-05
  },
  "val": {
    "epoch": 22,
    "phase": "val",
    "timestamp_start": 1775611049.8808901,
    "timestamp_end": 1775611056.6075335,
    "duration_sec": 6.726643323898315,
    "loss_mean": 0.055209181404539516,
    "loss_std": 0.0007449682259607461,
    "loss_min": 0.05354492366313934,
    "loss_max": 0.056738320738077164,
    "accuracy_mean": 0.9977314089025769,
    "iou_mean": 0.9769420368330819,
    "dice_mean": 0.9883358691419873,
    "precision_mean": 0.5,
    "recall_mean": 0.5,
    "f1_mean": 0.4999999403953552,
    "avg_batch_time_ms": 332.5806515557425,
    "avg_forward_time_ms": 160.37351744515556,
    "avg_backward_time_ms": 0.0,
    "avg_data_load_time_ms": 135.6292792728969,
    "throughput_samples_per_sec": 66.15483809272462,
    "cpu_percent_mean": 54.278571428571425,
    "cpu_percent_max": 67.5,
    "ram_used_mb_mean": 4768.270647321428,
    "ram_used_mb_max": 4803.94140625,
    "gpu_memory_mb_mean": 438.1127232142857,
    "gpu_memory_mb_max": 439.3984375,
    "gpu_utilization_mean": 0.0,
    "gpu_utilization_max": 0.0,
    "learning_rate": 4.6616274761471674e-05
  }
}