{
  "epoch": 38,
  "train": {
    "epoch": 38,
    "phase": "train",
    "timestamp_start": 1775611801.1160073,
    "timestamp_end": 1775611843.6638863,
    "duration_sec": 42.5478789806366,
    "loss_mean": 0.040029264986515045,
    "loss_std": 0.0007671494625636419,
    "loss_min": 0.03826579451560974,
    "loss_max": 0.042258888483047485,
    "accuracy_mean": 0.9985643718391657,
    "iou_mean": 0.9856684850528836,
    "dice_mean": 0.9927824204787612,
    "precision_mean": 0.5,
    "recall_mean": 0.5,
    "f1_mean": 0.4999999403953552,
    "avg_batch_time_ms": 577.4403251707554,
    "avg_forward_time_ms": 168.400127440691,
    "avg_backward_time_ms": 228.98748889565468,
    "avg_data_load_time_ms": 79.4718824326992,
    "throughput_samples_per_sec": 48.86260020026254,
    "cpu_percent_mean": 35.1921875,
    "cpu_percent_max": 66.0,
    "ram_used_mb_mean": 6385.8963623046875,
    "ram_used_mb_max": 6443.0703125,
    "gpu_memory_mb_mean": 439.652099609375,
    "gpu_memory_mb_max": 439.90576171875,
    "gpu_utilization_mean": 0.0,
    "gpu_utilization_max": 0.0,
    "learning_rate": 2.3676889403150093e-06
  },
  "val": {
    "epoch": 38,
    "phase": "val",
    "timestamp_start": 1775611843.6737673,
    "timestamp_end": 1775611850.5224445,
    "duration_sec": 6.848677158355713,
    "loss_mean": 0.04133973589965275,
    "loss_std": 0.0006388134973310404,
    "loss_min": 0.040078647434711456,
    "loss_max": 0.04262935370206833,
    "accuracy_mean": 0.9981764597552163,
    "iou_mean": 0.9814703421933311,
    "dice_mean": 0.9906479929174695,
    "precision_mean": 0.5,
    "recall_mean": 0.5,
    "f1_mean": 0.4999999403953552,
    "avg_batch_time_ms": 337.36545698983326,
    "avg_forward_time_ms": 163.0077532359532,
    "avg_backward_time_ms": 0.0,
    "avg_data_load_time_ms": 137.10100310189384,
    "throughput_samples_per_sec": 64.97605153676703,
    "cpu_percent_mean": 58.60714285714287,
    "cpu_percent_max": 88.2,
    "ram_used_mb_mean": 6369.739118303572,
    "ram_used_mb_max": 6423.203125,
    "gpu_memory_mb_mean": 438.1127232142857,
    "gpu_memory_mb_max": 439.3984375,
    "gpu_utilization_mean": 0.0,
    "gpu_utilization_max": 0.0,
    "learning_rate": 2.3676889403150093e-06
  }
}