{
  "epoch": 29,
  "train": {
    "epoch": 29,
    "phase": "train",
    "timestamp_start": 1775611354.8701994,
    "timestamp_end": 1775611397.3939514,
    "duration_sec": 42.523751974105835,
    "loss_mean": 0.04401407792465761,
    "loss_std": 0.0011945227592898644,
    "loss_min": 0.04148360714316368,
    "loss_max": 0.04714379832148552,
    "accuracy_mean": 0.9983804058283567,
    "iou_mean": 0.9838485475629568,
    "dice_mean": 0.9918583882972598,
    "precision_mean": 0.5,
    "recall_mean": 0.5,
    "f1_mean": 0.4999999403953552,
    "avg_batch_time_ms": 578.4497484564781,
    "avg_forward_time_ms": 169.4921851158142,
    "avg_backward_time_ms": 228.29385846853256,
    "avg_data_load_time_ms": 78.3703476190567,
    "throughput_samples_per_sec": 48.890323724632154,
    "cpu_percent_mean": 35.4484375,
    "cpu_percent_max": 67.5,
    "ram_used_mb_mean": 5482.251708984375,
    "ram_used_mb_max": 5541.6796875,
    "gpu_memory_mb_mean": 439.652099609375,
    "gpu_memory_mb_max": 439.90576171875,
    "gpu_utilization_mean": 0.0,
    "gpu_utilization_max": 0.0,
    "learning_rate": 2.1404630011522583e-05
  },
  "val": {
    "epoch": 29,
    "phase": "val",
    "timestamp_start": 1775611397.4047701,
    "timestamp_end": 1775611404.076824,
    "duration_sec": 6.672053813934326,
    "loss_mean": 0.044773811740534644,
    "loss_std": 0.0006528726655928282,
    "loss_min": 0.043443866074085236,
    "loss_max": 0.0461236871778965,
    "accuracy_mean": 0.9980585745402745,
    "iou_mean": 0.9802533047539848,
    "dice_mean": 0.9900277214390891,
    "precision_mean": 0.5,
    "recall_mean": 0.5,
    "f1_mean": 0.4999999403953552,
    "avg_batch_time_ms": 333.5962636130197,
    "avg_forward_time_ms": 161.65896824428015,
    "avg_backward_time_ms": 0.0,
    "avg_data_load_time_ms": 129.41837310791016,
    "throughput_samples_per_sec": 66.69610473923858,
    "cpu_percent_mean": 53.58571428571428,
    "cpu_percent_max": 82.1,
    "ram_used_mb_mean": 5467.563616071428,
    "ram_used_mb_max": 5509.84375,
    "gpu_memory_mb_mean": 438.1127232142857,
    "gpu_memory_mb_max": 439.3984375,
    "gpu_utilization_mean": 0.0,
    "gpu_utilization_max": 0.0,
    "learning_rate": 2.1404630011522583e-05
  }
}