{
  "epoch": 12,
  "train": {
    "epoch": 12,
    "phase": "train",
    "timestamp_start": 1775610513.2314918,
    "timestamp_end": 1775610555.8552864,
    "duration_sec": 42.62379455566406,
    "loss_mean": 0.10015687521081418,
    "loss_std": 0.0031039031800202733,
    "loss_min": 0.09359683096408844,
    "loss_max": 0.10830530524253845,
    "accuracy_mean": 0.996764924377203,
    "iou_mean": 0.9680770458653569,
    "dice_mean": 0.9837778238579631,
    "precision_mean": 0.5,
    "recall_mean": 0.5,
    "f1_mean": 0.4999999403953552,
    "avg_batch_time_ms": 581.6207826137543,
    "avg_forward_time_ms": 169.43008825182915,
    "avg_backward_time_ms": 228.7195734679699,
    "avg_data_load_time_ms": 77.62974873185158,
    "throughput_samples_per_sec": 48.77557293227269,
    "cpu_percent_mean": 34.5328125,
    "cpu_percent_max": 70.6,
    "ram_used_mb_mean": 3781.928466796875,
    "ram_used_mb_max": 3846.19140625,
    "gpu_memory_mb_mean": 439.652099609375,
    "gpu_memory_mb_max": 439.90576171875,
    "gpu_utilization_mean": 0.0,
    "gpu_utilization_max": 0.0,
    "learning_rate": 8.264767839234409e-05
  },
  "val": {
    "epoch": 12,
    "phase": "val",
    "timestamp_start": 1775610555.8647106,
    "timestamp_end": 1775610562.539642,
    "duration_sec": 6.674931526184082,
    "loss_mean": 0.09701471775770187,
    "loss_std": 0.00115146020412759,
    "loss_min": 0.09482243657112122,
    "loss_max": 0.0992574691772461,
    "accuracy_mean": 0.9967561875070844,
    "iou_mean": 0.9674264192581177,
    "dice_mean": 0.9834426215716771,
    "precision_mean": 0.5,
    "recall_mean": 0.5,
    "f1_mean": 0.4999999403953552,
    "avg_batch_time_ms": 337.42971079690113,
    "avg_forward_time_ms": 161.99042115892684,
    "avg_backward_time_ms": 0.0,
    "avg_data_load_time_ms": 127.75601659502301,
    "throughput_samples_per_sec": 66.66735055698723,
    "cpu_percent_mean": 56.85714285714285,
    "cpu_percent_max": 79.6,
    "ram_used_mb_mean": 3755.074776785714,
    "ram_used_mb_max": 3787.19921875,
    "gpu_memory_mb_mean": 438.1127232142857,
    "gpu_memory_mb_max": 439.3984375,
    "gpu_utilization_mean": 0.0,
    "gpu_utilization_max": 0.0,
    "learning_rate": 8.264767839234409e-05
  }
}