{
  "epoch": 25,
  "train": {
    "epoch": 25,
    "phase": "train",
    "timestamp_start": 1775611156.1094716,
    "timestamp_end": 1775611198.9771109,
    "duration_sec": 42.8676393032074,
    "loss_mean": 0.049013432406354696,
    "loss_std": 0.0014258942401041085,
    "loss_min": 0.04666858911514282,
    "loss_max": 0.053091712296009064,
    "accuracy_mean": 0.9981843624264002,
    "iou_mean": 0.9818966928869486,
    "dice_mean": 0.9908654810860753,
    "precision_mean": 0.5,
    "recall_mean": 0.5,
    "f1_mean": 0.4999999403953552,
    "avg_batch_time_ms": 581.4067050814629,
    "avg_forward_time_ms": 169.57378387451172,
    "avg_backward_time_ms": 228.0692458152771,
    "avg_data_load_time_ms": 81.07444271445274,
    "throughput_samples_per_sec": 48.498121981829016,
    "cpu_percent_mean": 34.928125,
    "cpu_percent_max": 52.3,
    "ram_used_mb_mean": 5082.994079589844,
    "ram_used_mb_max": 5131.28515625,
    "gpu_memory_mb_mean": 439.652099609375,
    "gpu_memory_mb_max": 439.90576171875,
    "gpu_utilization_mean": 0.0,
    "gpu_utilization_max": 0.0,
    "learning_rate": 3.52036587784401e-05
  },
  "val": {
    "epoch": 25,
    "phase": "val",
    "timestamp_start": 1775611198.9876297,
    "timestamp_end": 1775611205.7529657,
    "duration_sec": 6.765336036682129,
    "loss_mean": 0.04947827011346817,
    "loss_std": 0.0006946915078422733,
    "loss_min": 0.048103515058755875,
    "loss_max": 0.05093969404697418,
    "accuracy_mean": 0.9979264140129089,
    "iou_mean": 0.9789327425616128,
    "dice_mean": 0.9893536652837481,
    "precision_mean": 0.5,
    "recall_mean": 0.5,
    "f1_mean": 0.4999999403953552,
    "avg_batch_time_ms": 333.7882246289934,
    "avg_forward_time_ms": 161.3142830984933,
    "avg_backward_time_ms": 0.0,
    "avg_data_load_time_ms": 136.49322305406844,
    "throughput_samples_per_sec": 65.77648140272392,
    "cpu_percent_mean": 54.47857142857142,
    "cpu_percent_max": 65.7,
    "ram_used_mb_mean": 5057.247488839285,
    "ram_used_mb_max": 5120.203125,
    "gpu_memory_mb_mean": 438.1127232142857,
    "gpu_memory_mb_max": 439.3984375,
    "gpu_utilization_mean": 0.0,
    "gpu_utilization_max": 0.0,
    "learning_rate": 3.52036587784401e-05
  }
}