{
  "epoch": 20,
  "train": {
    "epoch": 20,
    "phase": "train",
    "timestamp_start": 1775610908.1370392,
    "timestamp_end": 1775610950.6376455,
    "duration_sec": 42.500606298446655,
    "loss_mean": 0.06021495442837477,
    "loss_std": 0.0017318471900376303,
    "loss_min": 0.05706911161541939,
    "loss_max": 0.06653031706809998,
    "accuracy_mean": 0.997798029333353,
    "iou_mean": 0.9781017154455185,
    "dice_mean": 0.9889284586533904,
    "precision_mean": 0.5,
    "recall_mean": 0.5,
    "f1_mean": 0.4999999403953552,
    "avg_batch_time_ms": 579.2255140841007,
    "avg_forward_time_ms": 169.35941204428673,
    "avg_backward_time_ms": 228.2213307917118,
    "avg_data_load_time_ms": 77.80149579048157,
    "throughput_samples_per_sec": 48.91694921716881,
    "cpu_percent_mean": 36.545312499999994,
    "cpu_percent_max": 100.0,
    "ram_used_mb_mean": 4579.396484375,
    "ram_used_mb_max": 4630.9609375,
    "gpu_memory_mb_mean": 439.652099609375,
    "gpu_memory_mb_max": 439.90576171875,
    "gpu_utilization_mean": 0.0,
    "gpu_utilization_max": 0.0,
    "learning_rate": 5.438372523852832e-05
  },
  "val": {
    "epoch": 20,
    "phase": "val",
    "timestamp_start": 1775610950.6474485,
    "timestamp_end": 1775610957.4824383,
    "duration_sec": 6.834989786148071,
    "loss_mean": 0.060124387964606285,
    "loss_std": 0.0007770656238447809,
    "loss_min": 0.058436986058950424,
    "loss_max": 0.06163451075553894,
    "accuracy_mean": 0.9975638943059104,
    "iou_mean": 0.9753938487597874,
    "dice_mean": 0.987542952810015,
    "precision_mean": 0.5,
    "recall_mean": 0.5,
    "f1_mean": 0.4999999403953552,
    "avg_batch_time_ms": 343.0824279785156,
    "avg_forward_time_ms": 164.93621894291468,
    "avg_backward_time_ms": 0.0,
    "avg_data_load_time_ms": 133.30810410635812,
    "throughput_samples_per_sec": 65.10616898094655,
    "cpu_percent_mean": 56.892857142857146,
    "cpu_percent_max": 72.7,
    "ram_used_mb_mean": 4555.836774553572,
    "ram_used_mb_max": 4592.625,
    "gpu_memory_mb_mean": 438.1127232142857,
    "gpu_memory_mb_max": 439.3984375,
    "gpu_utilization_mean": 0.0,
    "gpu_utilization_max": 0.0,
    "learning_rate": 5.438372523852832e-05
  }
}