{
  "epoch": 19,
  "train": {
    "epoch": 19,
    "phase": "train",
    "timestamp_start": 1775610858.8612533,
    "timestamp_end": 1775610901.464702,
    "duration_sec": 42.60344862937927,
    "loss_mean": 0.06327614461770281,
    "loss_std": 0.0016315835614139917,
    "loss_min": 0.05877259373664856,
    "loss_max": 0.0671374499797821,
    "accuracy_mean": 0.9977693278342485,
    "iou_mean": 0.9778253436088562,
    "dice_mean": 0.9887879975140095,
    "precision_mean": 0.5,
    "recall_mean": 0.5,
    "f1_mean": 0.4999999403953552,
    "avg_batch_time_ms": 580.6860402226448,
    "avg_forward_time_ms": 169.6266569197178,
    "avg_backward_time_ms": 228.4165546298027,
    "avg_data_load_time_ms": 77.73716747760773,
    "throughput_samples_per_sec": 48.7988664505982,
    "cpu_percent_mean": 35.1484375,
    "cpu_percent_max": 100.0,
    "ram_used_mb_mean": 4481.329895019531,
    "ram_used_mb_max": 4529.8203125,
    "gpu_memory_mb_mean": 439.652099609375,
    "gpu_memory_mb_max": 439.90576171875,
    "gpu_utilization_mean": 0.0,
    "gpu_utilization_max": 0.0,
    "learning_rate": 5.824350601949142e-05
  },
  "val": {
    "epoch": 19,
    "phase": "val",
    "timestamp_start": 1775610901.475735,
    "timestamp_end": 1775610908.0001457,
    "duration_sec": 6.524410724639893,
    "loss_mean": 0.06271690130233765,
    "loss_std": 0.0007695929410204687,
    "loss_min": 0.061093080788850784,
    "loss_max": 0.06417146325111389,
    "accuracy_mean": 0.9975308563028064,
    "iou_mean": 0.9750635198184422,
    "dice_mean": 0.987373696906226,
    "precision_mean": 0.5,
    "recall_mean": 0.5,
    "f1_mean": 0.4999999403953552,
    "avg_batch_time_ms": 335.3210517338344,
    "avg_forward_time_ms": 162.46673039027624,
    "avg_backward_time_ms": 0.0,
    "avg_data_load_time_ms": 118.87717247009277,
    "throughput_samples_per_sec": 68.20539337283388,
    "cpu_percent_mean": 60.17857142857143,
    "cpu_percent_max": 92.0,
    "ram_used_mb_mean": 4469.40625,
    "ram_used_mb_max": 4534.578125,
    "gpu_memory_mb_mean": 438.1127232142857,
    "gpu_memory_mb_max": 439.3984375,
    "gpu_utilization_mean": 0.0,
    "gpu_utilization_max": 0.0,
    "learning_rate": 5.824350601949142e-05
  }
}