{
  "epoch": 30,
  "train": {
    "epoch": 30,
    "phase": "train",
    "timestamp_start": 1775611404.2230117,
    "timestamp_end": 1775611446.8330734,
    "duration_sec": 42.61006164550781,
    "loss_mean": 0.04317419900326058,
    "loss_std": 0.0011297787840976912,
    "loss_min": 0.040195249021053314,
    "loss_max": 0.04657154530286789,
    "accuracy_mean": 0.9984166994690895,
    "iou_mean": 0.9842015327885747,
    "dice_mean": 0.9920377563685179,
    "precision_mean": 0.5,
    "recall_mean": 0.5,
    "f1_mean": 0.4999999403953552,
    "avg_batch_time_ms": 576.832015067339,
    "avg_forward_time_ms": 168.92109811306,
    "avg_backward_time_ms": 227.70560532808304,
    "avg_data_load_time_ms": 81.27564936876297,
    "throughput_samples_per_sec": 48.79129294146843,
    "cpu_percent_mean": 34.70625,
    "cpu_percent_max": 100.0,
    "ram_used_mb_mean": 5555.611877441406,
    "ram_used_mb_max": 5640.390625,
    "gpu_memory_mb_mean": 439.652099609375,
    "gpu_memory_mb_max": 439.90576171875,
    "gpu_utilization_mean": 0.0,
    "gpu_utilization_max": 0.0,
    "learning_rate": 1.835232160765591e-05
  },
  "val": {
    "epoch": 30,
    "phase": "val",
    "timestamp_start": 1775611446.8445427,
    "timestamp_end": 1775611453.5524793,
    "duration_sec": 6.707936525344849,
    "loss_mean": 0.04424018519265311,
    "loss_std": 0.0006543947569663861,
    "loss_min": 0.042870014905929565,
    "loss_max": 0.04556883126497269,
    "accuracy_mean": 0.9980803855827877,
    "iou_mean": 0.9805058496338981,
    "dice_mean": 0.9901564078671592,
    "precision_mean": 0.5,
    "recall_mean": 0.5,
    "f1_mean": 0.4999999403953552,
    "avg_batch_time_ms": 332.60769503457203,
    "avg_forward_time_ms": 159.5193658556257,
    "avg_backward_time_ms": 0.0,
    "avg_data_load_time_ms": 132.91398116520472,
    "throughput_samples_per_sec": 66.33932779754844,
    "cpu_percent_mean": 53.58571428571429,
    "cpu_percent_max": 65.5,
    "ram_used_mb_mean": 5565.840122767857,
    "ram_used_mb_max": 5615.2421875,
    "gpu_memory_mb_mean": 438.1127232142857,
    "gpu_memory_mb_max": 439.3984375,
    "gpu_utilization_mean": 0.0,
    "gpu_utilization_max": 0.0,
    "learning_rate": 1.835232160765591e-05
  }
}