{
  "epoch": 32,
  "train": {
    "epoch": 32,
    "phase": "train",
    "timestamp_start": 1775611503.5290582,
    "timestamp_end": 1775611546.3896537,
    "duration_sec": 42.86059546470642,
    "loss_mean": 0.04189897852484137,
    "loss_std": 0.0009582078484016732,
    "loss_min": 0.03991953656077385,
    "loss_max": 0.04413212463259697,
    "accuracy_mean": 0.9984643775969744,
    "iou_mean": 0.9846639521420002,
    "dice_mean": 0.9922726172953844,
    "precision_mean": 0.5,
    "recall_mean": 0.5,
    "f1_mean": 0.4999999403953552,
    "avg_batch_time_ms": 582.7592499554157,
    "avg_forward_time_ms": 172.01195657253265,
    "avg_backward_time_ms": 229.17501255869865,
    "avg_data_load_time_ms": 79.45840805768967,
    "throughput_samples_per_sec": 48.50609230830574,
    "cpu_percent_mean": 33.56875000000001,
    "cpu_percent_max": 52.3,
    "ram_used_mb_mean": 5870.261657714844,
    "ram_used_mb_max": 5933.578125,
    "gpu_memory_mb_mean": 439.652099609375,
    "gpu_memory_mb_max": 439.90576171875,
    "gpu_utilization_mean": 0.0,
    "gpu_utilization_max": 0.0,
    "learning_rate": 1.2859904702798466e-05
  },
  "val": {
    "epoch": 32,
    "phase": "val",
    "timestamp_start": 1775611546.3996756,
    "timestamp_end": 1775611553.33141,
    "duration_sec": 6.931734323501587,
    "loss_mean": 0.04284201775278364,
    "loss_std": 0.0006515525286334799,
    "loss_min": 0.04156453534960747,
    "loss_max": 0.044161997735500336,
    "accuracy_mean": 0.9981260938303811,
    "iou_mean": 0.9809809497424534,
    "dice_mean": 0.9903986624308995,
    "precision_mean": 0.5,
    "recall_mean": 0.5,
    "f1_mean": 0.4999999403953552,
    "avg_batch_time_ms": 336.74585819244385,
    "avg_forward_time_ms": 161.5940843309675,
    "avg_backward_time_ms": 0.0,
    "avg_data_load_time_ms": 144.17503561292375,
    "throughput_samples_per_sec": 64.1974979466909,
    "cpu_percent_mean": 57.5,
    "cpu_percent_max": 84.7,
    "ram_used_mb_mean": 5747.849888392857,
    "ram_used_mb_max": 5782.82421875,
    "gpu_memory_mb_mean": 438.1127232142857,
    "gpu_memory_mb_max": 439.3984375,
    "gpu_utilization_mean": 0.0,
    "gpu_utilization_max": 0.0,
    "learning_rate": 1.2859904702798466e-05
  }
}