{
  "epoch": 13,
  "train": {
    "epoch": 13,
    "phase": "train",
    "timestamp_start": 1775610562.7047951,
    "timestamp_end": 1775610605.3499908,
    "duration_sec": 42.645195722579956,
    "loss_mean": 0.09280534414574504,
    "loss_std": 0.003018157229716047,
    "loss_min": 0.08600199222564697,
    "loss_max": 0.10080556571483612,
    "accuracy_mean": 0.9970220532268286,
    "iou_mean": 0.9705171547830105,
    "dice_mean": 0.9850368984043598,
    "precision_mean": 0.5,
    "recall_mean": 0.5,
    "f1_mean": 0.4999999403953552,
    "avg_batch_time_ms": 581.4960636198521,
    "avg_forward_time_ms": 170.3026480972767,
    "avg_backward_time_ms": 228.4579463303089,
    "avg_data_load_time_ms": 77.83321291208267,
    "throughput_samples_per_sec": 48.75109528221024,
    "cpu_percent_mean": 35.296875,
    "cpu_percent_max": 55.7,
    "ram_used_mb_mean": 3882.1522216796875,
    "ram_used_mb_max": 3942.703125,
    "gpu_memory_mb_mean": 439.652099609375,
    "gpu_memory_mb_max": 439.90576171875,
    "gpu_utilization_mean": 0.0,
    "gpu_utilization_max": 0.0,
    "learning_rate": 7.959536998847741e-05
  },
  "val": {
    "epoch": 13,
    "phase": "val",
    "timestamp_start": 1775610605.359927,
    "timestamp_end": 1775610612.0886168,
    "duration_sec": 6.728689908981323,
    "loss_mean": 0.09059686000858035,
    "loss_std": 0.001121480669333277,
    "loss_min": 0.0880909413099289,
    "loss_max": 0.09254974871873856,
    "accuracy_mean": 0.9969041815825871,
    "iou_mean": 0.9687965512275696,
    "dice_mean": 0.9841494687965938,
    "precision_mean": 0.5,
    "recall_mean": 0.5,
    "f1_mean": 0.4999999403953552,
    "avg_batch_time_ms": 338.77275671277727,
    "avg_forward_time_ms": 160.64296449933732,
    "avg_backward_time_ms": 0.0,
    "avg_data_load_time_ms": 130.71112973349435,
    "throughput_samples_per_sec": 66.13471656733991,
    "cpu_percent_mean": 57.550000000000004,
    "cpu_percent_max": 88.0,
    "ram_used_mb_mean": 3861.233816964286,
    "ram_used_mb_max": 3900.98046875,
    "gpu_memory_mb_mean": 438.1127232142857,
    "gpu_memory_mb_max": 439.3984375,
    "gpu_utilization_mean": 0.0,
    "gpu_utilization_max": 0.0,
    "learning_rate": 7.959536998847741e-05
  }
}