{
  "epoch": 27,
  "train": {
    "epoch": 27,
    "phase": "train",
    "timestamp_start": 1775611255.571149,
    "timestamp_end": 1775611298.612815,
    "duration_sec": 43.04166579246521,
    "loss_mean": 0.04616158228600398,
    "loss_std": 0.001177573313231685,
    "loss_min": 0.04388544708490372,
    "loss_max": 0.04956183582544327,
    "accuracy_mean": 0.9982949309051037,
    "iou_mean": 0.982997739687562,
    "dice_mean": 0.9914258355274796,
    "precision_mean": 0.5,
    "recall_mean": 0.5,
    "f1_mean": 0.4999999403953552,
    "avg_batch_time_ms": 584.4165422022343,
    "avg_forward_time_ms": 171.78818583488464,
    "avg_backward_time_ms": 227.86588594317436,
    "avg_data_load_time_ms": 80.52194863557816,
    "throughput_samples_per_sec": 48.302033894885774,
    "cpu_percent_mean": 35.1359375,
    "cpu_percent_max": 79.1,
    "ram_used_mb_mean": 5280.393249511719,
    "ram_used_mb_max": 5328.5546875,
    "gpu_memory_mb_mean": 439.652099609375,
    "gpu_memory_mb_max": 439.90576171875,
    "gpu_utilization_mean": 0.0,
    "gpu_utilization_max": 0.0,
    "learning_rate": 2.802747026289243e-05
  },
  "val": {
    "epoch": 27,
    "phase": "val",
    "timestamp_start": 1775611298.6223423,
    "timestamp_end": 1775611305.3805606,
    "duration_sec": 6.758218288421631,
    "loss_mean": 0.04693999141454697,
    "loss_std": 0.0006832012816032782,
    "loss_min": 0.045525722205638885,
    "loss_max": 0.048366349190473557,
    "accuracy_mean": 0.9980155783040183,
    "iou_mean": 0.9798662066459656,
    "dice_mean": 0.9898301575865064,
    "precision_mean": 0.5,
    "recall_mean": 0.5,
    "f1_mean": 0.4999999403953552,
    "avg_batch_time_ms": 334.94002478463307,
    "avg_forward_time_ms": 161.58815792628698,
    "avg_backward_time_ms": 0.0,
    "avg_data_load_time_ms": 134.39549718584334,
    "throughput_samples_per_sec": 65.84575712246325,
    "cpu_percent_mean": 57.33571428571429,
    "cpu_percent_max": 89.0,
    "ram_used_mb_mean": 5262.128069196428,
    "ram_used_mb_max": 5307.55078125,
    "gpu_memory_mb_mean": 438.1127232142857,
    "gpu_memory_mb_max": 439.3984375,
    "gpu_utilization_mean": 0.0,
    "gpu_utilization_max": 0.0,
    "learning_rate": 2.802747026289243e-05
  }
}