{
  "epoch": 31,
  "train": {
    "epoch": 31,
    "phase": "train",
    "timestamp_start": 1775611453.714305,
    "timestamp_end": 1775611496.4553628,
    "duration_sec": 42.74105787277222,
    "loss_mean": 0.04248548042960465,
    "loss_std": 0.001207659433551356,
    "loss_min": 0.040430426597595215,
    "loss_max": 0.0462806299328804,
    "accuracy_mean": 0.9984354674816132,
    "iou_mean": 0.9843823360279202,
    "dice_mean": 0.9921295484527946,
    "precision_mean": 0.5,
    "recall_mean": 0.5,
    "f1_mean": 0.4999999403953552,
    "avg_batch_time_ms": 581.3965797424316,
    "avg_forward_time_ms": 170.0044721364975,
    "avg_backward_time_ms": 227.99141705036163,
    "avg_data_load_time_ms": 78.64603027701378,
    "throughput_samples_per_sec": 48.64175346779162,
    "cpu_percent_mean": 35.634375000000006,
    "cpu_percent_max": 100.0,
    "ram_used_mb_mean": 5683.9036865234375,
    "ram_used_mb_max": 5734.55859375,
    "gpu_memory_mb_mean": 439.652099609375,
    "gpu_memory_mb_max": 439.90576171875,
    "gpu_utilization_mean": 0.0,
    "gpu_utilization_max": 0.0,
    "learning_rate": 1.5498214331265897e-05
  },
  "val": {
    "epoch": 31,
    "phase": "val",
    "timestamp_start": 1775611496.4656804,
    "timestamp_end": 1775611503.360942,
    "duration_sec": 6.895261526107788,
    "loss_mean": 0.04348547038223062,
    "loss_std": 0.0006739734428859348,
    "loss_min": 0.042147256433963776,
    "loss_max": 0.04482003673911095,
    "accuracy_mean": 0.9981086679867336,
    "iou_mean": 0.9807699365275246,
    "dice_mean": 0.9902910547597068,
    "precision_mean": 0.5,
    "recall_mean": 0.5,
    "f1_mean": 0.4999999403953552,
    "avg_batch_time_ms": 340.34723894936695,
    "avg_forward_time_ms": 163.337162562779,
    "avg_backward_time_ms": 0.0,
    "avg_data_load_time_ms": 137.62588160378593,
    "throughput_samples_per_sec": 64.53707351274201,
    "cpu_percent_mean": 58.23571428571428,
    "cpu_percent_max": 91.9,
    "ram_used_mb_mean": 5662.437220982143,
    "ram_used_mb_max": 5711.6953125,
    "gpu_memory_mb_mean": 438.1127232142857,
    "gpu_memory_mb_max": 439.3984375,
    "gpu_utilization_mean": 0.0,
    "gpu_utilization_max": 0.0,
    "learning_rate": 1.5498214331265897e-05
  }
}