{
  "epoch": 36,
  "train": {
    "epoch": 36,
    "phase": "train",
    "timestamp_start": 1775611701.7783024,
    "timestamp_end": 1775611744.5318346,
    "duration_sec": 42.75353217124939,
    "loss_mean": 0.04042143723927438,
    "loss_std": 0.0010119725033625804,
    "loss_min": 0.038071390241384506,
    "loss_max": 0.0426085889339447,
    "accuracy_mean": 0.998537065461278,
    "iou_mean": 0.9853873308748007,
    "dice_mean": 0.9926397614181042,
    "precision_mean": 0.5,
    "recall_mean": 0.5,
    "f1_mean": 0.4999999403953552,
    "avg_batch_time_ms": 580.41125908494,
    "avg_forward_time_ms": 169.32052746415138,
    "avg_backward_time_ms": 228.61377149820328,
    "avg_data_load_time_ms": 79.72244173288345,
    "throughput_samples_per_sec": 48.62756114915979,
    "cpu_percent_mean": 33.628125,
    "cpu_percent_max": 60.0,
    "ram_used_mb_mean": 6181.442138671875,
    "ram_used_mb_max": 6238.9375,
    "gpu_memory_mb_mean": 439.652099609375,
    "gpu_memory_mb_max": 439.90576171875,
    "gpu_utilization_mean": 0.0,
    "gpu_utilization_max": 0.0,
    "learning_rate": 4.767963140691304e-06
  },
  "val": {
    "epoch": 36,
    "phase": "val",
    "timestamp_start": 1775611744.5422347,
    "timestamp_end": 1775611751.1132095,
    "duration_sec": 6.570974826812744,
    "loss_mean": 0.04168889245816639,
    "loss_std": 0.0006375624862402145,
    "loss_min": 0.040433119982481,
    "loss_max": 0.042980097234249115,
    "accuracy_mean": 0.9981609966073718,
    "iou_mean": 0.9813375089849744,
    "dice_mean": 0.9905803331307003,
    "precision_mean": 0.5,
    "recall_mean": 0.5,
    "f1_mean": 0.4999999403953552,
    "avg_batch_time_ms": 331.60156863076344,
    "avg_forward_time_ms": 162.28415284837996,
    "avg_backward_time_ms": 0.0,
    "avg_data_load_time_ms": 122.79575211661202,
    "throughput_samples_per_sec": 67.72206738400298,
    "cpu_percent_mean": 56.49285714285714,
    "cpu_percent_max": 74.5,
    "ram_used_mb_mean": 6180.340122767857,
    "ram_used_mb_max": 6240.7265625,
    "gpu_memory_mb_mean": 438.1127232142857,
    "gpu_memory_mb_max": 439.3984375,
    "gpu_utilization_mean": 0.0,
    "gpu_utilization_max": 0.0,
    "learning_rate": 4.767963140691304e-06
  }
}