{
  "epoch": 37,
  "train": {
    "epoch": 37,
    "phase": "train",
    "timestamp_start": 1775611751.2671204,
    "timestamp_end": 1775611794.2592592,
    "duration_sec": 42.99213886260986,
    "loss_mean": 0.040171556815039366,
    "loss_std": 0.0008816789324361375,
    "loss_min": 0.03860090672969818,
    "loss_max": 0.04262284189462662,
    "accuracy_mean": 0.9985562413930893,
    "iou_mean": 0.9855904215946794,
    "dice_mean": 0.9927428429946303,
    "precision_mean": 0.5,
    "recall_mean": 0.5,
    "f1_mean": 0.4999999403953552,
    "avg_batch_time_ms": 579.5392543077469,
    "avg_forward_time_ms": 170.35457119345665,
    "avg_backward_time_ms": 229.3190322816372,
    "avg_data_load_time_ms": 84.04198288917542,
    "throughput_samples_per_sec": 48.357677822075054,
    "cpu_percent_mean": 34.496875,
    "cpu_percent_max": 54.1,
    "ram_used_mb_mean": 6261.412902832031,
    "ram_used_mb_max": 6351.21484375,
    "gpu_memory_mb_mean": 439.652099609375,
    "gpu_memory_mb_max": 439.90576171875,
    "gpu_utilization_mean": 0.0,
    "gpu_utilization_max": 0.0,
    "learning_rate": 3.4227024433898985e-06
  },
  "val": {
    "epoch": 37,
    "phase": "val",
    "timestamp_start": 1775611794.2617223,
    "timestamp_end": 1775611800.9416504,
    "duration_sec": 6.6799280643463135,
    "loss_mean": 0.041479848591344695,
    "loss_std": 0.0006444194710860635,
    "loss_min": 0.04019007831811905,
    "loss_max": 0.0427737683057785,
    "accuracy_mean": 0.9981830801282611,
    "iou_mean": 0.9815334166799273,
    "dice_mean": 0.9906801070485797,
    "precision_mean": 0.5,
    "recall_mean": 0.5,
    "f1_mean": 0.4999999403953552,
    "avg_batch_time_ms": 338.3631706237793,
    "avg_forward_time_ms": 162.1310029711042,
    "avg_backward_time_ms": 0.0,
    "avg_data_load_time_ms": 123.76466819218227,
    "throughput_samples_per_sec": 66.617483858121,
    "cpu_percent_mean": 58.03571428571428,
    "cpu_percent_max": 90.1,
    "ram_used_mb_mean": 6291.913504464285,
    "ram_used_mb_max": 6346.0390625,
    "gpu_memory_mb_mean": 438.1127232142857,
    "gpu_memory_mb_max": 439.3984375,
    "gpu_utilization_mean": 0.0,
    "gpu_utilization_max": 0.0,
    "learning_rate": 3.4227024433898985e-06
  }
}