{
  "epoch": 1,
  "train": {
    "epoch": 1,
    "phase": "train",
    "timestamp_start": 1775609966.6231542,
    "timestamp_end": 1775610011.8500247,
    "duration_sec": 45.2268705368042,
    "loss_mean": 0.330198114272207,
    "loss_std": 0.08345537710553282,
    "loss_min": 0.2613205313682556,
    "loss_max": 0.6338496208190918,
    "accuracy_mean": 0.9570811707526445,
    "iou_mean": 0.7486677202396095,
    "dice_mean": 0.8419667237903923,
    "precision_mean": 0.5,
    "recall_mean": 0.5,
    "f1_mean": 0.4999999403953552,
    "avg_batch_time_ms": 592.0840613543987,
    "avg_forward_time_ms": 195.20797207951546,
    "avg_backward_time_ms": 207.67075568437576,
    "avg_data_load_time_ms": 106.90432041883469,
    "throughput_samples_per_sec": 45.96824797568462,
    "cpu_percent_mean": 37.78125,
    "cpu_percent_max": 81.8,
    "ram_used_mb_mean": 2583.18310546875,
    "ram_used_mb_max": 2648.4296875,
    "gpu_memory_mb_mean": 439.6733932495117,
    "gpu_memory_mb_max": 440.89013671875,
    "gpu_utilization_mean": 0.0,
    "gpu_utilization_max": 0.0,
    "learning_rate": 0.0001
  },
  "val": {
    "epoch": 1,
    "phase": "val",
    "timestamp_start": 1775610011.8560908,
    "timestamp_end": 1775610018.729147,
    "duration_sec": 6.873056173324585,
    "loss_mean": 0.2652611349310194,
    "loss_std": 0.0016618125725051133,
    "loss_min": 0.2623877227306366,
    "loss_max": 0.26779428124427795,
    "accuracy_mean": 0.9876460901328495,
    "iou_mean": 0.8838991522789001,
    "dice_mean": 0.9383629475321088,
    "precision_mean": 0.5,
    "recall_mean": 0.5,
    "f1_mean": 0.4999999403953552,
    "avg_batch_time_ms": 340.23000512804305,
    "avg_forward_time_ms": 157.7354839869908,
    "avg_backward_time_ms": 0.0,
    "avg_data_load_time_ms": 142.15975148337228,
    "throughput_samples_per_sec": 64.74557879027894,
    "cpu_percent_mean": 59.564285714285724,
    "cpu_percent_max": 79.9,
    "ram_used_mb_mean": 2537.325613839286,
    "ram_used_mb_max": 2594.37109375,
    "gpu_memory_mb_mean": 438.1127232142857,
    "gpu_memory_mb_max": 439.3984375,
    "gpu_utilization_mean": 0.0,
    "gpu_utilization_max": 0.0,
    "learning_rate": 0.0001
  }
}