{
  "epoch": 33,
  "train": {
    "epoch": 33,
    "phase": "train",
    "timestamp_start": 1775611553.4955354,
    "timestamp_end": 1775611596.1152072,
    "duration_sec": 42.61967182159424,
    "loss_mean": 0.041344690311234444,
    "loss_std": 0.0010808425349734495,
    "loss_min": 0.03915843740105629,
    "loss_max": 0.0438341423869133,
    "accuracy_mean": 0.9984967801719904,
    "iou_mean": 0.9850044446066022,
    "dice_mean": 0.9924454651772976,
    "precision_mean": 0.5,
    "recall_mean": 0.5,
    "f1_mean": 0.4999999403953552,
    "avg_batch_time_ms": 579.2482271790504,
    "avg_forward_time_ms": 168.34013164043427,
    "avg_backward_time_ms": 228.84834930300713,
    "avg_data_load_time_ms": 79.218290746212,
    "throughput_samples_per_sec": 48.78029114589819,
    "cpu_percent_mean": 34.665625,
    "cpu_percent_max": 100.0,
    "ram_used_mb_mean": 5883.257080078125,
    "ram_used_mb_max": 5950.1171875,
    "gpu_memory_mb_mean": 439.652099609375,
    "gpu_memory_mb_max": 439.90576171875,
    "gpu_utilization_mean": 0.0,
    "gpu_utilization_max": 0.0,
    "learning_rate": 1.0453658778440104e-05
  },
  "val": {
    "epoch": 33,
    "phase": "val",
    "timestamp_start": 1775611596.125446,
    "timestamp_end": 1775611602.9547772,
    "duration_sec": 6.829331159591675,
    "loss_mean": 0.04226625231759889,
    "loss_std": 0.0006537045221778733,
    "loss_min": 0.040995314717292786,
    "loss_max": 0.04358691722154617,
    "accuracy_mean": 0.9981542229652405,
    "iou_mean": 0.9812528661319188,
    "dice_mean": 0.990537200655256,
    "precision_mean": 0.5,
    "recall_mean": 0.5,
    "f1_mean": 0.4999999403953552,
    "avg_batch_time_ms": 340.9247738974435,
    "avg_forward_time_ms": 163.2235390799386,
    "avg_backward_time_ms": 0.0,
    "avg_data_load_time_ms": 132.57357052394323,
    "throughput_samples_per_sec": 65.16011445352234,
    "cpu_percent_mean": 55.964285714285715,
    "cpu_percent_max": 83.3,
    "ram_used_mb_mean": 5858.7890625,
    "ram_used_mb_max": 5888.84765625,
    "gpu_memory_mb_mean": 438.1127232142857,
    "gpu_memory_mb_max": 439.3984375,
    "gpu_utilization_mean": 0.0,
    "gpu_utilization_max": 0.0,
    "learning_rate": 1.0453658778440104e-05
  }
}