{
  "epoch": 23,
  "train": {
    "epoch": 23,
    "phase": "train",
    "timestamp_start": 1775611056.7782218,
    "timestamp_end": 1775611099.5332866,
    "duration_sec": 42.755064725875854,
    "loss_mean": 0.05268587946193293,
    "loss_std": 0.001214211142233384,
    "loss_min": 0.05029325559735298,
    "loss_max": 0.05498713254928589,
    "accuracy_mean": 0.9980391599237919,
    "iou_mean": 0.980483272112906,
    "dice_mean": 0.9901452204212546,
    "precision_mean": 0.5,
    "recall_mean": 0.5,
    "f1_mean": 0.4999999403953552,
    "avg_batch_time_ms": 580.8157883584499,
    "avg_forward_time_ms": 169.63470727205276,
    "avg_backward_time_ms": 228.12100127339363,
    "avg_data_load_time_ms": 79.75972816348076,
    "throughput_samples_per_sec": 48.62581809499087,
    "cpu_percent_mean": 33.5375,
    "cpu_percent_max": 50.7,
    "ram_used_mb_mean": 4881.79052734375,
    "ram_used_mb_max": 4954.19140625,
    "gpu_memory_mb_mean": 439.652099609375,
    "gpu_memory_mb_max": 439.90576171875,
    "gpu_utilization_mean": 0.0,
    "gpu_utilization_max": 0.0,
    "learning_rate": 4.275649398050858e-05
  },
  "val": {
    "epoch": 23,
    "phase": "val",
    "timestamp_start": 1775611099.5434318,
    "timestamp_end": 1775611106.4840868,
    "duration_sec": 6.940654993057251,
    "loss_mean": 0.05299544733549867,
    "loss_std": 0.0007016142760564282,
    "loss_min": 0.05161093547940254,
    "loss_max": 0.054408103227615356,
    "accuracy_mean": 0.9977425038814545,
    "iou_mean": 0.9771829971245357,
    "dice_mean": 0.9884593273912158,
    "precision_mean": 0.5,
    "recall_mean": 0.5,
    "f1_mean": 0.4999999403953552,
    "avg_batch_time_ms": 349.8131377356393,
    "avg_forward_time_ms": 175.2711193902152,
    "avg_backward_time_ms": 0.0,
    "avg_data_load_time_ms": 131.1126947402954,
    "throughput_samples_per_sec": 64.1149863298398,
    "cpu_percent_mean": 55.16428571428571,
    "cpu_percent_max": 90.1,
    "ram_used_mb_mean": 4903.566127232143,
    "ram_used_mb_max": 5025.95703125,
    "gpu_memory_mb_mean": 438.1127232142857,
    "gpu_memory_mb_max": 439.3984375,
    "gpu_utilization_mean": 0.0,
    "gpu_utilization_max": 0.0,
    "learning_rate": 4.275649398050858e-05
  }
}