{
  "epoch": 34,
  "train": {
    "epoch": 34,
    "phase": "train",
    "timestamp_start": 1775611603.1220918,
    "timestamp_end": 1775611645.5193958,
    "duration_sec": 42.39730405807495,
    "loss_mean": 0.0409503206028603,
    "loss_std": 0.0009052087507000872,
    "loss_min": 0.03926302492618561,
    "loss_max": 0.043003566563129425,
    "accuracy_mean": 0.998511366546154,
    "iou_mean": 0.9851429862901568,
    "dice_mean": 0.9925158219411969,
    "precision_mean": 0.5,
    "recall_mean": 0.5,
    "f1_mean": 0.4999999403953552,
    "avg_batch_time_ms": 572.5784189999104,
    "avg_forward_time_ms": 168.22251677513123,
    "avg_backward_time_ms": 229.02977839112282,
    "avg_data_load_time_ms": 81.57415688037872,
    "throughput_samples_per_sec": 49.036136758889874,
    "cpu_percent_mean": 35.265625,
    "cpu_percent_max": 100.0,
    "ram_used_mb_mean": 5963.7266845703125,
    "ram_used_mb_max": 6039.95703125,
    "gpu_memory_mb_mean": 439.652099609375,
    "gpu_memory_mb_max": 439.90576171875,
    "gpu_utilization_mean": 0.0,
    "gpu_utilization_max": 0.0,
    "learning_rate": 8.294311864472434e-06
  },
  "val": {
    "epoch": 34,
    "phase": "val",
    "timestamp_start": 1775611645.5217671,
    "timestamp_end": 1775611652.0900595,
    "duration_sec": 6.5682923793792725,
    "loss_mean": 0.042211832744734626,
    "loss_std": 0.0006457213465225133,
    "loss_min": 0.040890466421842575,
    "loss_max": 0.043500881642103195,
    "accuracy_mean": 0.9981587784630912,
    "iou_mean": 0.9812951215675899,
    "dice_mean": 0.9905587136745453,
    "precision_mean": 0.5,
    "recall_mean": 0.5,
    "f1_mean": 0.4999999403953552,
    "avg_batch_time_ms": 335.49252578190396,
    "avg_forward_time_ms": 162.7563578741891,
    "avg_backward_time_ms": 0.0,
    "avg_data_load_time_ms": 119.77442673274449,
    "throughput_samples_per_sec": 67.74972463117638,
    "cpu_percent_mean": 56.800000000000004,
    "cpu_percent_max": 89.2,
    "ram_used_mb_mean": 5990.789620535715,
    "ram_used_mb_max": 6025.16015625,
    "gpu_memory_mb_mean": 438.1127232142857,
    "gpu_memory_mb_max": 439.3984375,
    "gpu_utilization_mean": 0.0,
    "gpu_utilization_max": 0.0,
    "learning_rate": 8.294311864472434e-06
  }
}