{
  "epoch": 8,
  "train": {
    "epoch": 8,
    "phase": "train",
    "timestamp_start": 1775610313.7863219,
    "timestamp_end": 1775610356.8849936,
    "duration_sec": 43.098671674728394,
    "loss_mean": 0.13913948857225478,
    "loss_std": 0.004070068421385362,
    "loss_min": 0.13167108595371246,
    "loss_max": 0.15203939378261566,
    "accuracy_mean": 0.9959035404026508,
    "iou_mean": 0.959830860607326,
    "dice_mean": 0.9794996455311775,
    "precision_mean": 0.5,
    "recall_mean": 0.5,
    "f1_mean": 0.4999999403953552,
    "avg_batch_time_ms": 587.5569768249989,
    "avg_forward_time_ms": 171.820517629385,
    "avg_backward_time_ms": 228.858582675457,
    "avg_data_load_time_ms": 79.07122746109962,
    "throughput_samples_per_sec": 48.238145613639766,
    "cpu_percent_mean": 34.796875,
    "cpu_percent_max": 66.9,
    "ram_used_mb_mean": 3384.8438720703125,
    "ram_used_mb_max": 3435.4609375,
    "gpu_memory_mb_mean": 439.652099609375,
    "gpu_memory_mb_max": 439.90576171875,
    "gpu_utilization_mean": 0.0,
    "gpu_utilization_max": 0.0,
    "learning_rate": 9.270568813552755e-05
  },
  "val": {
    "epoch": 8,
    "phase": "val",
    "timestamp_start": 1775610356.9003186,
    "timestamp_end": 1775610363.6184702,
    "duration_sec": 6.718151569366455,
    "loss_mean": 0.13453593530825206,
    "loss_std": 0.00138929399611857,
    "loss_min": 0.13182321190834045,
    "loss_max": 0.13675764203071594,
    "accuracy_mean": 0.9958094826766423,
    "iou_mean": 0.9583897335188729,
    "dice_mean": 0.9787506248269763,
    "precision_mean": 0.5,
    "recall_mean": 0.5,
    "f1_mean": 0.4999999403953552,
    "avg_batch_time_ms": 337.36119951520647,
    "avg_forward_time_ms": 161.85789448874337,
    "avg_backward_time_ms": 0.0,
    "avg_data_load_time_ms": 132.43263108389718,
    "throughput_samples_per_sec": 66.23845791588252,
    "cpu_percent_mean": 57.185714285714276,
    "cpu_percent_max": 85.0,
    "ram_used_mb_mean": 3369.648995535714,
    "ram_used_mb_max": 3404.77734375,
    "gpu_memory_mb_mean": 438.1127232142857,
    "gpu_memory_mb_max": 439.3984375,
    "gpu_utilization_mean": 0.0,
    "gpu_utilization_max": 0.0,
    "learning_rate": 9.270568813552755e-05
  }
}