{
  "epoch": 7,
  "train": {
    "epoch": 7,
    "phase": "train",
    "timestamp_start": 1775610264.5669005,
    "timestamp_end": 1775610307.1588533,
    "duration_sec": 42.59195280075073,
    "loss_mean": 0.15170417702756822,
    "loss_std": 0.004545895715397667,
    "loss_min": 0.1430671066045761,
    "loss_max": 0.16277039051055908,
    "accuracy_mean": 0.9957207683473825,
    "iou_mean": 0.958124321885407,
    "dice_mean": 0.9786111246794462,
    "precision_mean": 0.5,
    "recall_mean": 0.5,
    "f1_mean": 0.4999999403953552,
    "avg_batch_time_ms": 581.8765759468079,
    "avg_forward_time_ms": 171.2418869137764,
    "avg_backward_time_ms": 229.16609793901443,
    "avg_data_load_time_ms": 76.92447304725647,
    "throughput_samples_per_sec": 48.81203756319328,
    "cpu_percent_mean": 33.823437500000004,
    "cpu_percent_max": 57.4,
    "ram_used_mb_mean": 3380.7724609375,
    "ram_used_mb_max": 3432.59765625,
    "gpu_memory_mb_mean": 439.652099609375,
    "gpu_memory_mb_max": 439.90576171875,
    "gpu_utilization_mean": 0.0,
    "gpu_utilization_max": 0.0,
    "learning_rate": 9.46048229473242e-05
  },
  "val": {
    "epoch": 7,
    "phase": "val",
    "timestamp_start": 1775610307.168259,
    "timestamp_end": 1775610313.645016,
    "duration_sec": 6.476757049560547,
    "loss_mean": 0.1465513493333544,
    "loss_std": 0.001317578637893804,
    "loss_min": 0.14412176609039307,
    "loss_max": 0.1491241157054901,
    "accuracy_mean": 0.995940944978169,
    "iou_mean": 0.9592661729880742,
    "dice_mean": 0.9792084268161229,
    "precision_mean": 0.5,
    "recall_mean": 0.5,
    "f1_mean": 0.4999999403953552,
    "avg_batch_time_ms": 334.4933816364833,
    "avg_forward_time_ms": 162.66320432935441,
    "avg_backward_time_ms": 0.0,
    "avg_data_load_time_ms": 117.87293638501849,
    "throughput_samples_per_sec": 68.70722440178508,
    "cpu_percent_mean": 57.48571428571429,
    "cpu_percent_max": 79.5,
    "ram_used_mb_mean": 3273.964285714286,
    "ram_used_mb_max": 3339.62890625,
    "gpu_memory_mb_mean": 438.1127232142857,
    "gpu_memory_mb_max": 439.3984375,
    "gpu_utilization_mean": 0.0,
    "gpu_utilization_max": 0.0,
    "learning_rate": 9.46048229473242e-05
  }
}