{
  "epoch": 9,
  "train": {
    "epoch": 9,
    "phase": "train",
    "timestamp_start": 1775610363.7905672,
    "timestamp_end": 1775610406.8558035,
    "duration_sec": 43.06523633003235,
    "loss_mean": 0.12762245384510607,
    "loss_std": 0.003425667837577941,
    "loss_min": 0.12120801210403442,
    "loss_max": 0.135065495967865,
    "accuracy_mean": 0.9962219595909119,
    "iou_mean": 0.9628735585138202,
    "dice_mean": 0.9810835085809231,
    "precision_mean": 0.5,
    "recall_mean": 0.5,
    "f1_mean": 0.4999999403953552,
    "avg_batch_time_ms": 586.7237523198128,
    "avg_forward_time_ms": 171.05575650930405,
    "avg_backward_time_ms": 229.3713539838791,
    "avg_data_load_time_ms": 79.46772128343582,
    "throughput_samples_per_sec": 48.27559714446918,
    "cpu_percent_mean": 34.6015625,
    "cpu_percent_max": 53.7,
    "ram_used_mb_mean": 3483.6947631835938,
    "ram_used_mb_max": 3534.390625,
    "gpu_memory_mb_mean": 439.652099609375,
    "gpu_memory_mb_max": 439.90576171875,
    "gpu_utilization_mean": 0.0,
    "gpu_utilization_max": 0.0,
    "learning_rate": 9.054634122155989e-05
  },
  "val": {
    "epoch": 9,
    "phase": "val",
    "timestamp_start": 1775610406.865682,
    "timestamp_end": 1775610413.5006745,
    "duration_sec": 6.634992599487305,
    "loss_mean": 0.12519392850143568,
    "loss_std": 0.002240278139271162,
    "loss_min": 0.12191638350486755,
    "loss_max": 0.13034038245677948,
    "accuracy_mean": 0.9954931054796491,
    "iou_mean": 0.9553682037762233,
    "dice_mean": 0.9771687090396881,
    "precision_mean": 0.5,
    "recall_mean": 0.5,
    "f1_mean": 0.4999999403953552,
    "avg_batch_time_ms": 342.71228313446045,
    "avg_forward_time_ms": 165.89178357805525,
    "avg_backward_time_ms": 0.0,
    "avg_data_load_time_ms": 121.03411129542759,
    "throughput_samples_per_sec": 67.06865054143177,
    "cpu_percent_mean": 55.707142857142856,
    "cpu_percent_max": 81.3,
    "ram_used_mb_mean": 3475.7938058035716,
    "ram_used_mb_max": 3541.87109375,
    "gpu_memory_mb_mean": 438.1127232142857,
    "gpu_memory_mb_max": 439.3984375,
    "gpu_utilization_mean": 0.0,
    "gpu_utilization_max": 0.0,
    "learning_rate": 9.054634122155989e-05
  }
}