{
  "epoch": 21,
  "train": {
    "epoch": 21,
    "phase": "train",
    "timestamp_start": 1775610957.6509316,
    "timestamp_end": 1775611000.3724792,
    "duration_sec": 42.72154760360718,
    "loss_mean": 0.05733771389350295,
    "loss_std": 0.0013371411287190522,
    "loss_min": 0.05461239814758301,
    "loss_max": 0.06088508665561676,
    "accuracy_mean": 0.9979169126600027,
    "iou_mean": 0.9792725667357445,
    "dice_mean": 0.9895275169983506,
    "precision_mean": 0.5,
    "recall_mean": 0.5,
    "f1_mean": 0.4999999403953552,
    "avg_batch_time_ms": 582.422997802496,
    "avg_forward_time_ms": 170.23294419050217,
    "avg_backward_time_ms": 229.08631712198257,
    "avg_data_load_time_ms": 77.8389535844326,
    "throughput_samples_per_sec": 48.66396740328902,
    "cpu_percent_mean": 35.223437499999996,
    "cpu_percent_max": 59.7,
    "ram_used_mb_mean": 4679.954650878906,
    "ram_used_mb_max": 4728.09375,
    "gpu_memory_mb_mean": 439.652099609375,
    "gpu_memory_mb_max": 439.90576171875,
    "gpu_utilization_mean": 0.0,
    "gpu_utilization_max": 0.0,
    "learning_rate": 5.0499999999999994e-05
  },
  "val": {
    "epoch": 21,
    "phase": "val",
    "timestamp_start": 1775611000.3824804,
    "timestamp_end": 1775611007.1482217,
    "duration_sec": 6.765741348266602,
    "loss_mean": 0.057238208396094184,
    "loss_std": 0.0007409558295097248,
    "loss_min": 0.055725015699863434,
    "loss_max": 0.05871250480413437,
    "accuracy_mean": 0.9976910310132163,
    "iou_mean": 0.9765596474920001,
    "dice_mean": 0.9881402552127838,
    "precision_mean": 0.5,
    "recall_mean": 0.5,
    "f1_mean": 0.4999999403953552,
    "avg_batch_time_ms": 339.5087548664638,
    "avg_forward_time_ms": 163.76134327479772,
    "avg_backward_time_ms": 0.0,
    "avg_data_load_time_ms": 131.4429555620466,
    "throughput_samples_per_sec": 65.77254096685354,
    "cpu_percent_mean": 58.15714285714285,
    "cpu_percent_max": 88.3,
    "ram_used_mb_mean": 4662.858258928572,
    "ram_used_mb_max": 4687.99609375,
    "gpu_memory_mb_mean": 438.1127232142857,
    "gpu_memory_mb_max": 439.3984375,
    "gpu_utilization_mean": 0.0,
    "gpu_utilization_max": 0.0,
    "learning_rate": 5.0499999999999994e-05
  }
}