{
  "epoch": 39,
  "train": {
    "epoch": 39,
    "phase": "train",
    "timestamp_start": 1775611850.6889248,
    "timestamp_end": 1775611893.5373735,
    "duration_sec": 42.848448753356934,
    "loss_mean": 0.03997088369214907,
    "loss_std": 0.000997629658073551,
    "loss_min": 0.03737757354974747,
    "loss_max": 0.0423252135515213,
    "accuracy_mean": 0.9985792189836502,
    "iou_mean": 0.985800008289516,
    "dice_mean": 0.9928491516038775,
    "precision_mean": 0.5,
    "recall_mean": 0.5,
    "f1_mean": 0.4999999403953552,
    "avg_batch_time_ms": 581.2141671776772,
    "avg_forward_time_ms": 170.24200409650803,
    "avg_backward_time_ms": 228.67243364453316,
    "avg_data_load_time_ms": 80.16915991902351,
    "throughput_samples_per_sec": 48.51984285282025,
    "cpu_percent_mean": 34.44375000000001,
    "cpu_percent_max": 50.9,
    "ram_used_mb_mean": 6482.556640625,
    "ram_used_mb_max": 6541.19140625,
    "gpu_memory_mb_mean": 439.652099609375,
    "gpu_memory_mb_max": 439.90576171875,
    "gpu_utilization_mean": 0.0,
    "gpu_utilization_max": 0.0,
    "learning_rate": 1.6094271405406855e-06
  },
  "val": {
    "epoch": 39,
    "phase": "val",
    "timestamp_start": 1775611893.5474565,
    "timestamp_end": 1775611900.6743343,
    "duration_sec": 7.126877784729004,
    "loss_mean": 0.041136358731559346,
    "loss_std": 0.0006376282834880248,
    "loss_min": 0.039890702813863754,
    "loss_max": 0.042423926293849945,
    "accuracy_mean": 0.9981847149985177,
    "iou_mean": 0.9815650880336761,
    "dice_mean": 0.9906962599073138,
    "precision_mean": 0.5,
    "recall_mean": 0.5,
    "f1_mean": 0.4999999403953552,
    "avg_batch_time_ms": 356.6333396094186,
    "avg_forward_time_ms": 179.748501096453,
    "avg_backward_time_ms": 0.0,
    "avg_data_load_time_ms": 135.44092859540666,
    "throughput_samples_per_sec": 62.43968445109529,
    "cpu_percent_mean": 52.85714285714287,
    "cpu_percent_max": 87.7,
    "ram_used_mb_mean": 6477.977957589285,
    "ram_used_mb_max": 6532.5,
    "gpu_memory_mb_mean": 438.1127232142857,
    "gpu_memory_mb_max": 439.3984375,
    "gpu_utilization_mean": 0.0,
    "gpu_utilization_max": 0.0,
    "learning_rate": 1.6094271405406855e-06
  }
}