{
  "epoch": 10,
  "train": {
    "epoch": 10,
    "phase": "train",
    "timestamp_start": 1775610413.6540627,
    "timestamp_end": 1775610456.6922896,
    "duration_sec": 43.03822684288025,
    "loss_mean": 0.11792502808384597,
    "loss_std": 0.0038931182336378735,
    "loss_min": 0.10892370343208313,
    "loss_max": 0.12631916999816895,
    "accuracy_mean": 0.9961699936538935,
    "iou_mean": 0.962325937114656,
    "dice_mean": 0.9807987166568637,
    "precision_mean": 0.5,
    "recall_mean": 0.5,
    "f1_mean": 0.4999999403953552,
    "avg_batch_time_ms": 584.5372416079044,
    "avg_forward_time_ms": 170.590091496706,
    "avg_backward_time_ms": 229.01150956749916,
    "avg_data_load_time_ms": 81.08131214976311,
    "throughput_samples_per_sec": 48.30589344653556,
    "cpu_percent_mean": 35.3,
    "cpu_percent_max": 50.9,
    "ram_used_mb_mean": 3580.4257202148438,
    "ram_used_mb_max": 3633.796875,
    "gpu_memory_mb_mean": 439.652099609375,
    "gpu_memory_mb_max": 439.90576171875,
    "gpu_utilization_mean": 0.0,
    "gpu_utilization_max": 0.0,
    "learning_rate": 8.814009529720152e-05
  },
  "val": {
    "epoch": 10,
    "phase": "val",
    "timestamp_start": 1775610456.7019677,
    "timestamp_end": 1775610463.4379141,
    "duration_sec": 6.735946416854858,
    "loss_mean": 0.1142290218600205,
    "loss_std": 0.001589625358198855,
    "loss_min": 0.1114279106259346,
    "loss_max": 0.11815626919269562,
    "accuracy_mean": 0.9958458457674298,
    "iou_mean": 0.9586412140301296,
    "dice_mean": 0.9788800776004791,
    "precision_mean": 0.5,
    "recall_mean": 0.5,
    "f1_mean": 0.4999999403953552,
    "avg_batch_time_ms": 339.13801397596086,
    "avg_forward_time_ms": 163.10759953090124,
    "avg_backward_time_ms": 0.0,
    "avg_data_load_time_ms": 131.32352488381522,
    "throughput_samples_per_sec": 66.06347088606725,
    "cpu_percent_mean": 56.942857142857136,
    "cpu_percent_max": 88.1,
    "ram_used_mb_mean": 3557.392020089286,
    "ram_used_mb_max": 3608.27734375,
    "gpu_memory_mb_mean": 438.1127232142857,
    "gpu_memory_mb_max": 439.3984375,
    "gpu_utilization_mean": 0.0,
    "gpu_utilization_max": 0.0,
    "learning_rate": 8.814009529720152e-05
  }
}