{
  "epoch": 5,
  "train": {
    "epoch": 5,
    "phase": "train",
    "timestamp_start": 1775610164.8867576,
    "timestamp_end": 1775610207.1724117,
    "duration_sec": 42.285654067993164,
    "loss_mean": 0.18161840387620032,
    "loss_std": 0.0049665236927844535,
    "loss_min": 0.17168028652668,
    "loss_max": 0.1927790641784668,
    "accuracy_mean": 0.994916308671236,
    "iou_mean": 0.9506093794479966,
    "dice_mean": 0.9746738970279694,
    "precision_mean": 0.5,
    "recall_mean": 0.5,
    "f1_mean": 0.4999999403953552,
    "avg_batch_time_ms": 578.1430341303349,
    "avg_forward_time_ms": 168.60447451472282,
    "avg_backward_time_ms": 228.94922643899918,
    "avg_data_load_time_ms": 75.98450034856796,
    "throughput_samples_per_sec": 49.16561055569992,
    "cpu_percent_mean": 34.8140625,
    "cpu_percent_max": 53.0,
    "ram_used_mb_mean": 3090.8598022460938,
    "ram_used_mb_max": 3143.8515625,
    "gpu_memory_mb_mean": 439.652099609375,
    "gpu_memory_mb_max": 439.90576171875,
    "gpu_utilization_mean": 0.0,
    "gpu_utilization_max": 0.0,
    "learning_rate": 9.75772975566101e-05
  },
  "val": {
    "epoch": 5,
    "phase": "val",
    "timestamp_start": 1775610207.1821532,
    "timestamp_end": 1775610213.7784958,
    "duration_sec": 6.59634256362915,
    "loss_mean": 0.17556332158190863,
    "loss_std": 0.0014605303632828825,
    "loss_min": 0.172702357172966,
    "loss_max": 0.17824216187000275,
    "accuracy_mean": 0.9955526803221021,
    "iou_mean": 0.9555140904017857,
    "dice_mean": 0.9772490092686245,
    "precision_mean": 0.5,
    "recall_mean": 0.5,
    "f1_mean": 0.4999999403953552,
    "avg_batch_time_ms": 334.21572617122104,
    "avg_forward_time_ms": 161.02700574057442,
    "avg_backward_time_ms": 0.0,
    "avg_data_load_time_ms": 126.91761766161237,
    "throughput_samples_per_sec": 67.46162675868847,
    "cpu_percent_mean": 58.4,
    "cpu_percent_max": 87.3,
    "ram_used_mb_mean": 3057.177734375,
    "ram_used_mb_max": 3101.8359375,
    "gpu_memory_mb_mean": 438.1127232142857,
    "gpu_memory_mb_max": 439.3984375,
    "gpu_utilization_mean": 0.0,
    "gpu_utilization_max": 0.0,
    "learning_rate": 9.75772975566101e-05
  }
}