{
  "epoch": 40,
  "train": {
    "epoch": 40,
    "phase": "train",
    "timestamp_start": 1775611900.8331423,
    "timestamp_end": 1775611943.627001,
    "duration_sec": 42.793858766555786,
    "loss_mean": 0.039945135242305696,
    "loss_std": 0.0011083462981140485,
    "loss_min": 0.038130052387714386,
    "loss_max": 0.043537918478250504,
    "accuracy_mean": 0.998565586283803,
    "iou_mean": 0.9856653390452266,
    "dice_mean": 0.99278081394732,
    "precision_mean": 0.5,
    "recall_mean": 0.5,
    "f1_mean": 0.4999999403953552,
    "avg_batch_time_ms": 579.8623710870743,
    "avg_forward_time_ms": 168.70836168527603,
    "avg_backward_time_ms": 229.07279059290886,
    "avg_data_load_time_ms": 80.51818981766701,
    "throughput_samples_per_sec": 48.581737191336856,
    "cpu_percent_mean": 33.51875,
    "cpu_percent_max": 100.0,
    "ram_used_mb_mean": 6585.3687744140625,
    "ram_used_mb_max": 6625.8828125,
    "gpu_memory_mb_mean": 439.652099609375,
    "gpu_memory_mb_max": 439.90576171875,
    "gpu_utilization_mean": 0.0,
    "gpu_utilization_max": 0.0,
    "learning_rate": 1.1525919802101657e-06
  },
  "val": {
    "epoch": 40,
    "phase": "val",
    "timestamp_start": 1775611943.6374054,
    "timestamp_end": 1775611950.6769347,
    "duration_sec": 7.039529323577881,
    "loss_mean": 0.04125492248151984,
    "loss_std": 0.0006374881375603193,
    "loss_min": 0.03996353596448898,
    "loss_max": 0.04253297671675682,
    "accuracy_mean": 0.9981915099280221,
    "iou_mean": 0.9816222361155919,
    "dice_mean": 0.9907253938061851,
    "precision_mean": 0.5,
    "recall_mean": 0.5,
    "f1_mean": 0.4999999403953552,
    "avg_batch_time_ms": 344.01207310812816,
    "avg_forward_time_ms": 163.82692541394914,
    "avg_backward_time_ms": 0.0,
    "avg_data_load_time_ms": 141.1095687321254,
    "throughput_samples_per_sec": 63.2144536296677,
    "cpu_percent_mean": 57.907142857142844,
    "cpu_percent_max": 85.9,
    "ram_used_mb_mean": 6550.744140625,
    "ram_used_mb_max": 6603.20703125,
    "gpu_memory_mb_mean": 438.1127232142857,
    "gpu_memory_mb_max": 439.3984375,
    "gpu_utilization_mean": 0.0,
    "gpu_utilization_max": 0.0,
    "learning_rate": 1.1525919802101657e-06
  }
}