{
  "epoch": 14,
  "train": {
    "epoch": 14,
    "phase": "train",
    "timestamp_start": 1775610612.2592905,
    "timestamp_end": 1775610654.949015,
    "duration_sec": 42.68972444534302,
    "loss_mean": 0.0864807793404907,
    "loss_std": 0.00233483113415033,
    "loss_min": 0.08174009621143341,
    "loss_max": 0.09265875071287155,
    "accuracy_mean": 0.997059715911746,
    "iou_mean": 0.9709332650527358,
    "dice_mean": 0.9852509386837482,
    "precision_mean": 0.5,
    "recall_mean": 0.5,
    "f1_mean": 0.4999999403953552,
    "avg_batch_time_ms": 577.7905769646168,
    "avg_forward_time_ms": 170.34650593996048,
    "avg_backward_time_ms": 228.89159247279167,
    "avg_data_load_time_ms": 82.26791769266129,
    "throughput_samples_per_sec": 48.70024407540527,
    "cpu_percent_mean": 35.378125,
    "cpu_percent_max": 62.6,
    "ram_used_mb_mean": 3954.0300903320312,
    "ram_used_mb_max": 4033.16015625,
    "gpu_memory_mb_mean": 439.652099609375,
    "gpu_memory_mb_max": 439.90576171875,
    "gpu_utilization_mean": 0.0,
    "gpu_utilization_max": 0.0,
    "learning_rate": 7.636367895343945e-05
  },
  "val": {
    "epoch": 14,
    "phase": "val",
    "timestamp_start": 1775610654.9600694,
    "timestamp_end": 1775610661.6093864,
    "duration_sec": 6.649317026138306,
    "loss_mean": 0.08558896769370351,
    "loss_std": 0.0008591095732202346,
    "loss_min": 0.08379185944795609,
    "loss_max": 0.08723745495080948,
    "accuracy_mean": 0.996623022215707,
    "iou_mean": 0.9657740635531289,
    "dice_mean": 0.9825882187911442,
    "precision_mean": 0.5,
    "recall_mean": 0.5,
    "f1_mean": 0.4999999403953552,
    "avg_batch_time_ms": 335.29274804251537,
    "avg_forward_time_ms": 160.52288668496269,
    "avg_backward_time_ms": 0.0,
    "avg_data_load_time_ms": 128.34404196058,
    "throughput_samples_per_sec": 66.92416653480586,
    "cpu_percent_mean": 58.47142857142857,
    "cpu_percent_max": 89.6,
    "ram_used_mb_mean": 3957.0881696428573,
    "ram_used_mb_max": 3996.625,
    "gpu_memory_mb_mean": 438.1127232142857,
    "gpu_memory_mb_max": 439.3984375,
    "gpu_utilization_mean": 0.0,
    "gpu_utilization_max": 0.0,
    "learning_rate": 7.636367895343945e-05
  }
}