{
  "epoch": 17,
  "train": {
    "epoch": 17,
    "phase": "train",
    "timestamp_start": 1775610759.8657687,
    "timestamp_end": 1775610802.46998,
    "duration_sec": 42.60421133041382,
    "loss_mean": 0.07116839999798685,
    "loss_std": 0.002158615621069888,
    "loss_min": 0.06666383147239685,
    "loss_max": 0.0769239217042923,
    "accuracy_mean": 0.9974464811384678,
    "iou_mean": 0.9746495662257075,
    "dice_mean": 0.9871613681316376,
    "precision_mean": 0.5,
    "recall_mean": 0.5,
    "f1_mean": 0.4999999403953552,
    "avg_batch_time_ms": 579.3265961110592,
    "avg_forward_time_ms": 168.8195839524269,
    "avg_backward_time_ms": 228.1557321548462,
    "avg_data_load_time_ms": 79.4605053961277,
    "throughput_samples_per_sec": 48.79799285278323,
    "cpu_percent_mean": 34.734375,
    "cpu_percent_max": 71.0,
    "ram_used_mb_mean": 4280.459533691406,
    "ram_used_mb_max": 4327.16796875,
    "gpu_memory_mb_mean": 439.652099609375,
    "gpu_memory_mb_max": 439.90576171875,
    "gpu_utilization_mean": 0.0,
    "gpu_utilization_max": 0.0,
    "learning_rate": 6.57963412215599e-05
  },
  "val": {
    "epoch": 17,
    "phase": "val",
    "timestamp_start": 1775610802.479784,
    "timestamp_end": 1775610809.152521,
    "duration_sec": 6.672736883163452,
    "loss_mean": 0.0708486805004733,
    "loss_std": 0.0009246214180784262,
    "loss_min": 0.0687171071767807,
    "loss_max": 0.07246524840593338,
    "accuracy_mean": 0.9972166121006012,
    "iou_mean": 0.9716850391456059,
    "dice_mean": 0.9856378648962293,
    "precision_mean": 0.5,
    "recall_mean": 0.5,
    "f1_mean": 0.4999999403953552,
    "avg_batch_time_ms": 334.2244965689523,
    "avg_forward_time_ms": 160.85750716073173,
    "avg_backward_time_ms": 0.0,
    "avg_data_load_time_ms": 131.01245675768172,
    "throughput_samples_per_sec": 66.68927724736415,
    "cpu_percent_mean": 59.45,
    "cpu_percent_max": 89.9,
    "ram_used_mb_mean": 4257.048828125,
    "ram_used_mb_max": 4291.6015625,
    "gpu_memory_mb_mean": 438.1127232142857,
    "gpu_memory_mb_max": 439.3984375,
    "gpu_utilization_mean": 0.0,
    "gpu_utilization_max": 0.0,
    "learning_rate": 6.57963412215599e-05
  }
}