{
  "epoch": 2,
  "train": {
    "epoch": 2,
    "phase": "train",
    "timestamp_start": 1775610018.8518398,
    "timestamp_end": 1775610059.8687372,
    "duration_sec": 41.016897439956665,
    "loss_mean": 0.24484215234406292,
    "loss_std": 0.008827796204979898,
    "loss_min": 0.22766247391700745,
    "loss_max": 0.26284897327423096,
    "accuracy_mean": 0.9898828640580177,
    "iou_mean": 0.9049849323928356,
    "dice_mean": 0.9500838238745928,
    "precision_mean": 0.5,
    "recall_mean": 0.5,
    "f1_mean": 0.4999999403953552,
    "avg_batch_time_ms": 558.064229786396,
    "avg_forward_time_ms": 165.42678326368332,
    "avg_backward_time_ms": 209.35368910431862,
    "avg_data_load_time_ms": 76.39225944876671,
    "throughput_samples_per_sec": 50.68642753985433,
    "cpu_percent_mean": 35.7609375,
    "cpu_percent_max": 50.8,
    "ram_used_mb_mean": 2791.83203125,
    "ram_used_mb_max": 2854.0078125,
    "gpu_memory_mb_mean": 439.652099609375,
    "gpu_memory_mb_max": 439.90576171875,
    "gpu_utilization_mean": 0.0,
    "gpu_utilization_max": 0.0,
    "learning_rate": 9.984740801978984e-05
  },
  "val": {
    "epoch": 2,
    "phase": "val",
    "timestamp_start": 1775610059.8777387,
    "timestamp_end": 1775610066.4093812,
    "duration_sec": 6.531642436981201,
    "loss_mean": 0.2326504279460226,
    "loss_std": 0.001545606837337794,
    "loss_min": 0.22954842448234558,
    "loss_max": 0.23566152155399323,
    "accuracy_mean": 0.9914487642901284,
    "iou_mean": 0.9173954938139234,
    "dice_mean": 0.9569137224129268,
    "precision_mean": 0.5,
    "recall_mean": 0.5,
    "f1_mean": 0.4999999403953552,
    "avg_batch_time_ms": 330.5932113102504,
    "avg_forward_time_ms": 158.7379319327218,
    "avg_backward_time_ms": 0.0,
    "avg_data_load_time_ms": 126.85399396078927,
    "throughput_samples_per_sec": 68.12987763697463,
    "cpu_percent_mean": 55.55000000000001,
    "cpu_percent_max": 74.4,
    "ram_used_mb_mean": 2777.0731026785716,
    "ram_used_mb_max": 2813.28515625,
    "gpu_memory_mb_mean": 438.1127232142857,
    "gpu_memory_mb_max": 439.3984375,
    "gpu_utilization_mean": 0.0,
    "gpu_utilization_max": 0.0,
    "learning_rate": 9.984740801978984e-05
  }
}