{
  "epoch": 18,
  "train": {
    "epoch": 18,
    "phase": "train",
    "timestamp_start": 1775610809.3319783,
    "timestamp_end": 1775610851.9970083,
    "duration_sec": 42.665030002593994,
    "loss_mean": 0.06698620255338028,
    "loss_std": 0.0019075881964944843,
    "loss_min": 0.06206711754202843,
    "loss_max": 0.07326561957597733,
    "accuracy_mean": 0.9975950494408607,
    "iou_mean": 0.9761140178889036,
    "dice_mean": 0.9879120010882616,
    "precision_mean": 0.5,
    "recall_mean": 0.5,
    "f1_mean": 0.4999999403953552,
    "avg_batch_time_ms": 580.7063803076744,
    "avg_forward_time_ms": 169.63571310043335,
    "avg_backward_time_ms": 228.52271050214767,
    "avg_data_load_time_ms": 78.74933257699013,
    "throughput_samples_per_sec": 48.7284316892218,
    "cpu_percent_mean": 34.671875,
    "cpu_percent_max": 71.1,
    "ram_used_mb_mean": 4381.357421875,
    "ram_used_mb_max": 4434.875,
    "gpu_memory_mb_mean": 439.652099609375,
    "gpu_memory_mb_max": 439.90576171875,
    "gpu_utilization_mean": 0.0,
    "gpu_utilization_max": 0.0,
    "learning_rate": 6.205554551086731e-05
  },
  "val": {
    "epoch": 18,
    "phase": "val",
    "timestamp_start": 1775610852.0069084,
    "timestamp_end": 1775610858.6924982,
    "duration_sec": 6.685589790344238,
    "loss_mean": 0.06620721093245915,
    "loss_std": 0.0008295477834983174,
    "loss_min": 0.06432859599590302,
    "loss_max": 0.06786933541297913,
    "accuracy_mean": 0.9975106801305499,
    "iou_mean": 0.9747568539210728,
    "dice_mean": 0.987216374703816,
    "precision_mean": 0.5,
    "recall_mean": 0.5,
    "f1_mean": 0.4999999403953552,
    "avg_batch_time_ms": 335.57845864977156,
    "avg_forward_time_ms": 161.66906697409493,
    "avg_backward_time_ms": 0.0,
    "avg_data_load_time_ms": 130.18013749803816,
    "throughput_samples_per_sec": 66.56106850029863,
    "cpu_percent_mean": 55.214285714285715,
    "cpu_percent_max": 82.7,
    "ram_used_mb_mean": 4352.029017857143,
    "ram_used_mb_max": 4395.515625,
    "gpu_memory_mb_mean": 438.1127232142857,
    "gpu_memory_mb_max": 439.3984375,
    "gpu_utilization_mean": 0.0,
    "gpu_utilization_max": 0.0,
    "learning_rate": 6.205554551086731e-05
  }
}