{
  "epoch": 26,
  "train": {
    "epoch": 26,
    "phase": "train",
    "timestamp_start": 1775611205.931615,
    "timestamp_end": 1775611248.5918245,
    "duration_sec": 42.66020941734314,
    "loss_mean": 0.04750893515301868,
    "loss_std": 0.0013149356838378307,
    "loss_min": 0.044998787343502045,
    "loss_max": 0.051378823816776276,
    "accuracy_mean": 0.9982423037290573,
    "iou_mean": 0.9824663810431957,
    "dice_mean": 0.9911555042490363,
    "precision_mean": 0.5,
    "recall_mean": 0.5,
    "f1_mean": 0.4999999403953552,
    "avg_batch_time_ms": 580.9624753892422,
    "avg_forward_time_ms": 170.51148042082787,
    "avg_backward_time_ms": 228.72165590524673,
    "avg_data_load_time_ms": 78.10178399085999,
    "throughput_samples_per_sec": 48.73393798097017,
    "cpu_percent_mean": 34.2234375,
    "cpu_percent_max": 54.9,
    "ram_used_mb_mean": 5180.9781494140625,
    "ram_used_mb_max": 5244.67578125,
    "gpu_memory_mb_mean": 439.652099609375,
    "gpu_memory_mb_max": 439.90576171875,
    "gpu_utilization_mean": 0.0,
    "gpu_utilization_max": 0.0,
    "learning_rate": 3.155717009792805e-05
  },
  "val": {
    "epoch": 26,
    "phase": "val",
    "timestamp_start": 1775611248.6022553,
    "timestamp_end": 1775611255.3894289,
    "duration_sec": 6.787173509597778,
    "loss_mean": 0.04790623113512993,
    "loss_std": 0.0006851998858742268,
    "loss_min": 0.0465385764837265,
    "loss_max": 0.049280133098363876,
    "accuracy_mean": 0.9979356740202222,
    "iou_mean": 0.9789962555680957,
    "dice_mean": 0.9893860604081836,
    "precision_mean": 0.5,
    "recall_mean": 0.5,
    "f1_mean": 0.4999999403953552,
    "avg_batch_time_ms": 336.6760015487671,
    "avg_forward_time_ms": 162.42453030177526,
    "avg_backward_time_ms": 0.0,
    "avg_data_load_time_ms": 134.75942611694336,
    "throughput_samples_per_sec": 65.5648480727247,
    "cpu_percent_mean": 55.050000000000004,
    "cpu_percent_max": 85.0,
    "ram_used_mb_mean": 5151.512276785715,
    "ram_used_mb_max": 5184.19921875,
    "gpu_memory_mb_mean": 438.1127232142857,
    "gpu_memory_mb_max": 439.3984375,
    "gpu_utilization_mean": 0.0,
    "gpu_utilization_max": 0.0,
    "learning_rate": 3.155717009792805e-05
  }
}