{
  "epoch": 24,
  "train": {
    "epoch": 24,
    "phase": "train",
    "timestamp_start": 1775611106.658748,
    "timestamp_end": 1775611149.42011,
    "duration_sec": 42.761362075805664,
    "loss_mean": 0.05073163524502888,
    "loss_std": 0.0016830905380165711,
    "loss_min": 0.04776766896247864,
    "loss_max": 0.05630216747522354,
    "accuracy_mean": 0.9981220848858356,
    "iou_mean": 0.981295202858746,
    "dice_mean": 0.9905592119321227,
    "precision_mean": 0.5,
    "recall_mean": 0.5,
    "f1_mean": 0.4999999403953552,
    "avg_batch_time_ms": 581.6512368619442,
    "avg_forward_time_ms": 169.2366860806942,
    "avg_backward_time_ms": 228.23502495884895,
    "avg_data_load_time_ms": 79.13627475500107,
    "throughput_samples_per_sec": 48.61865710251302,
    "cpu_percent_mean": 34.912499999999994,
    "cpu_percent_max": 50.9,
    "ram_used_mb_mean": 4981.2916259765625,
    "ram_used_mb_max": 5022.5859375,
    "gpu_memory_mb_mean": 439.652099609375,
    "gpu_memory_mb_max": 439.90576171875,
    "gpu_utilization_mean": 0.0,
    "gpu_utilization_max": 0.0,
    "learning_rate": 3.894445448913268e-05
  },
  "val": {
    "epoch": 24,
    "phase": "val",
    "timestamp_start": 1775611149.4298475,
    "timestamp_end": 1775611155.9702866,
    "duration_sec": 6.540439128875732,
    "loss_mean": 0.050908287987113,
    "loss_std": 0.0007223036238293619,
    "loss_min": 0.04936312884092331,
    "loss_max": 0.0523514449596405,
    "accuracy_mean": 0.9978916559900556,
    "iou_mean": 0.9786048914705004,
    "dice_mean": 0.9891861804894039,
    "precision_mean": 0.5,
    "recall_mean": 0.5,
    "f1_mean": 0.4999999403953552,
    "avg_batch_time_ms": 332.03903266361783,
    "avg_forward_time_ms": 160.93856947762626,
    "avg_backward_time_ms": 0.0,
    "avg_data_load_time_ms": 122.19536304473877,
    "throughput_samples_per_sec": 68.03824502170593,
    "cpu_percent_mean": 59.38571428571429,
    "cpu_percent_max": 90.8,
    "ram_used_mb_mean": 4974.168526785715,
    "ram_used_mb_max": 5049.07421875,
    "gpu_memory_mb_mean": 438.1127232142857,
    "gpu_memory_mb_max": 439.3984375,
    "gpu_utilization_mean": 0.0,
    "gpu_utilization_max": 0.0,
    "learning_rate": 3.894445448913268e-05
  }
}