{
  "epoch": 14,
  "train": {
    "epoch": 14,
    "phase": "train",
    "timestamp_start": 1778193016.814406,
    "timestamp_end": 1778193312.928783,
    "duration_sec": 296.11437702178955,
    "loss_mean": 0.01792442661412668,
    "loss_std": 0.0006729094698108101,
    "loss_min": 0.015904804691672325,
    "loss_max": 0.020063605159521103,
    "accuracy_mean": 0.9951010948016649,
    "iou_mean": 0.9575004081626038,
    "dice_mean": 0.9781654081144533,
    "precision_mean": 0.5,
    "recall_mean": 0.5,
    "f1_mean": 0.4999999403953552,
    "avg_batch_time_ms": 608.5140410558882,
    "avg_forward_time_ms": 178.99192629994212,
    "avg_backward_time_ms": 244.2575795945032,
    "avg_data_load_time_ms": 67.4241945182249,
    "throughput_samples_per_sec": 46.38072672502958,
    "cpu_percent_mean": 32.482284382284384,
    "cpu_percent_max": 100.0,
    "ram_used_mb_mean": 11657.774038461539,
    "ram_used_mb_max": 11964.2578125,
    "gpu_memory_mb_mean": 471.33460013293995,
    "gpu_memory_mb_max": 471.90966796875,
    "gpu_utilization_mean": 0.0,
    "gpu_utilization_max": 0.0,
    "learning_rate": 6.079162869547907e-05
  },
  "val": {
    "epoch": 14,
    "phase": "val",
    "timestamp_start": 1778193312.9397228,
    "timestamp_end": 1778193354.9379086,
    "duration_sec": 41.998185873031616,
    "loss_mean": 0.020030941166307614,
    "loss_std": 0.0009870202804010827,
    "loss_min": 0.017786459997296333,
    "loss_max": 0.023501839488744736,
    "accuracy_mean": 0.994549604213756,
    "iou_mean": 0.9514237143423246,
    "dice_mean": 0.9749349031759345,
    "precision_mean": 0.5,
    "recall_mean": 0.5,
    "f1_mean": 0.4999999403953552,
    "avg_batch_time_ms": 357.66599230144334,
    "avg_forward_time_ms": 174.21017781547877,
    "avg_backward_time_ms": 0.0,
    "avg_data_load_time_ms": 82.69879869792773,
    "throughput_samples_per_sec": 70.07445533236222,
    "cpu_percent_mean": 57.877173913043485,
    "cpu_percent_max": 87.3,
    "ram_used_mb_mean": 11997.82319972826,
    "ram_used_mb_max": 12075.42578125,
    "gpu_memory_mb_mean": 470.68612007472825,
    "gpu_memory_mb_max": 470.76220703125,
    "gpu_utilization_mean": 0.0,
    "gpu_utilization_max": 0.0,
    "learning_rate": 6.079162869547907e-05
  }
}