{
  "epoch": 9,
  "train": {
    "epoch": 9,
    "phase": "train",
    "timestamp_start": 1773365260.8613775,
    "timestamp_end": 1773365613.2152333,
    "duration_sec": 352.3538558483124,
    "loss_mean": 0.03254115046117424,
    "loss_std": 0.023200668032163096,
    "loss_min": 0.022690538316965103,
    "loss_max": 0.2694108188152313,
    "accuracy_mean": 0.991241626897134,
    "iou_mean": 0.9289465915073049,
    "dice_mean": 0.9623413287903652,
    "precision_mean": 0.9785147532943852,
    "recall_mean": 0.9810522867628365,
    "f1_mean": 0.9796851362078643,
    "avg_batch_time_ms": 552.0902692779036,
    "avg_forward_time_ms": 155.69771695728144,
    "avg_backward_time_ms": 377.688431542767,
    "avg_data_load_time_ms": 25.392838549022834,
    "throughput_samples_per_sec": 6.873771805814057,
    "cpu_percent_mean": 16.998512396694217,
    "cpu_percent_max": 38.7,
    "ram_used_mb_mean": 11558.58261234504,
    "ram_used_mb_max": 11614.73046875,
    "gpu_memory_mb_mean": 3215.7350206611573,
    "gpu_memory_mb_max": 3227.8125,
    "gpu_utilization_mean": 94.59834710743802,
    "gpu_utilization_max": 97.0,
    "learning_rate": 6.579634122155991e-05
  },
  "val": {
    "epoch": 9,
    "phase": "val",
    "timestamp_start": 1773365613.2166135,
    "timestamp_end": 1773365638.1480763,
    "duration_sec": 24.93146276473999,
    "loss_mean": 0.03870568414433644,
    "loss_std": 0.041519883606410325,
    "loss_min": 0.02412686124444008,
    "loss_max": 0.30547308921813965,
    "accuracy_mean": 0.9894254785317641,
    "iou_mean": 0.9202823826899895,
    "dice_mean": 0.9568683523398179,
    "precision_mean": 0.9727735184706174,
    "recall_mean": 0.9771413179544303,
    "f1_mean": 0.9744492842600896,
    "avg_batch_time_ms": 161.87081520374005,
    "avg_forward_time_ms": 154.20373403109036,
    "avg_backward_time_ms": 0.0,
    "avg_data_load_time_ms": 25.058520757235012,
    "throughput_samples_per_sec": 20.817069776347424,
    "cpu_percent_mean": 22.107692307692307,
    "cpu_percent_max": 55.6,
    "ram_used_mb_mean": 11579.559585336538,
    "ram_used_mb_max": 11650.0546875,
    "gpu_memory_mb_mean": 3201.8125,
    "gpu_memory_mb_max": 3201.8125,
    "gpu_utilization_mean": 84.82307692307693,
    "gpu_utilization_max": 94.0,
    "learning_rate": 6.579634122155991e-05
  }
}