{
  "epoch": 14,
  "train": {
    "epoch": 14,
    "phase": "train",
    "timestamp_start": 1775608472.820828,
    "timestamp_end": 1775608762.7914772,
    "duration_sec": 289.9706492424011,
    "loss_mean": 0.017955812866558563,
    "loss_std": 0.0006682413506937862,
    "loss_min": 0.01606968604028225,
    "loss_max": 0.01970028318464756,
    "accuracy_mean": 0.9951051245758306,
    "iou_mean": 0.9574378627441424,
    "dice_mean": 0.9781315828258896,
    "precision_mean": 0.5,
    "recall_mean": 0.5,
    "f1_mean": 0.4999999403953552,
    "avg_batch_time_ms": 596.954061156942,
    "avg_forward_time_ms": 176.4643859196376,
    "avg_backward_time_ms": 238.44082261021043,
    "avg_data_load_time_ms": 64.75681247133197,
    "throughput_samples_per_sec": 47.363414317561,
    "cpu_percent_mean": 32.582750582750585,
    "cpu_percent_max": 100.0,
    "ram_used_mb_mean": 11657.632375437062,
    "ram_used_mb_max": 11954.22265625,
    "gpu_memory_mb_mean": 471.40234375,
    "gpu_memory_mb_max": 471.40234375,
    "gpu_utilization_mean": 0.0,
    "gpu_utilization_max": 0.0,
    "learning_rate": 6.079162869547907e-05
  },
  "val": {
    "epoch": 14,
    "phase": "val",
    "timestamp_start": 1775608762.8023663,
    "timestamp_end": 1775608804.2701929,
    "duration_sec": 41.46782660484314,
    "loss_mean": 0.02015813075653885,
    "loss_std": 0.0009120178872596535,
    "loss_min": 0.018377147614955902,
    "loss_max": 0.022874072194099426,
    "accuracy_mean": 0.9945330840090046,
    "iou_mean": 0.9511027038097382,
    "dice_mean": 0.9747615482496179,
    "precision_mean": 0.5,
    "recall_mean": 0.5,
    "f1_mean": 0.4999999403953552,
    "avg_batch_time_ms": 353.18976381550664,
    "avg_forward_time_ms": 171.6809013615484,
    "avg_backward_time_ms": 0.0,
    "avg_data_load_time_ms": 81.90657263216765,
    "throughput_samples_per_sec": 70.97068356257377,
    "cpu_percent_mean": 59.0,
    "cpu_percent_max": 100.0,
    "ram_used_mb_mean": 11995.767365828804,
    "ram_used_mb_max": 12060.4765625,
    "gpu_memory_mb_mean": 471.32625679347825,
    "gpu_memory_mb_max": 471.40234375,
    "gpu_utilization_mean": 0.0,
    "gpu_utilization_max": 0.0,
    "learning_rate": 6.079162869547907e-05
  }
}