{
  "epoch": 18,
  "train": {
    "epoch": 18,
    "phase": "train",
    "timestamp_start": 1773757877.6689138,
    "timestamp_end": 1773759438.5465078,
    "duration_sec": 1560.8775939941406,
    "loss_mean": 0.011916450893221952,
    "loss_std": 0.000974264132674432,
    "loss_min": 0.00876898318529129,
    "loss_max": 0.016217544674873352,
    "accuracy_mean": 0.9962440160227592,
    "iou_mean": 0.9697383159057684,
    "dice_mean": 0.9845726977754795,
    "precision_mean": 0.9917339798112272,
    "recall_mean": 0.9915074132787673,
    "f1_mean": 0.9916197579468925,
    "avg_batch_time_ms": 544.5466827541021,
    "avg_forward_time_ms": 153.09704365359178,
    "avg_backward_time_ms": 373.3141891406671,
    "avg_data_load_time_ms": 23.656293071489152,
    "throughput_samples_per_sec": 6.982610322511244,
    "cpu_percent_mean": 14.550073421439057,
    "cpu_percent_max": 22.0,
    "ram_used_mb_mean": 3595.8414584480543,
    "ram_used_mb_max": 3706.5703125,
    "gpu_memory_mb_mean": 3058.779781571219,
    "gpu_memory_mb_max": 3083.625,
    "gpu_utilization_mean": 94.84140969162996,
    "gpu_utilization_max": 98.0,
    "learning_rate": 7.434680686803489e-05
  },
  "val": {
    "epoch": 18,
    "phase": "val",
    "timestamp_start": 1773759438.5500975,
    "timestamp_end": 1773759547.666806,
    "duration_sec": 109.11670851707458,
    "loss_mean": 0.013800420284858101,
    "loss_std": 0.001865212326014662,
    "loss_min": 0.009307436645030975,
    "loss_max": 0.020536521449685097,
    "accuracy_mean": 0.9957667889252101,
    "iou_mean": 0.965000511950826,
    "dice_mean": 0.9820929650370389,
    "precision_mean": 0.9912791479736158,
    "recall_mean": 0.9897637066163428,
    "f1_mean": 0.9905201313022065,
    "avg_batch_time_ms": 158.4368339956623,
    "avg_forward_time_ms": 150.96682432579667,
    "avg_backward_time_ms": 0.0,
    "avg_data_load_time_ms": 23.591649042416925,
    "throughput_samples_per_sec": 21.39910589068602,
    "cpu_percent_mean": 17.314212328767123,
    "cpu_percent_max": 20.0,
    "ram_used_mb_mean": 3624.382511504709,
    "ram_used_mb_max": 3753.2421875,
    "gpu_memory_mb_mean": 3041.3839897260273,
    "gpu_memory_mb_max": 3041.5,
    "gpu_utilization_mean": 84.26369863013699,
    "gpu_utilization_max": 97.0,
    "learning_rate": 7.434680686803489e-05
  }
}