{
  "epoch": 6,
  "train": {
    "epoch": 6,
    "phase": "train",
    "timestamp_start": 1778190313.3435597,
    "timestamp_end": 1778190609.5838091,
    "duration_sec": 296.2402493953705,
    "loss_mean": 0.05110486869489674,
    "loss_std": 0.009469603824778143,
    "loss_min": 0.03891681879758835,
    "loss_max": 0.10333365947008133,
    "accuracy_mean": 0.9911509265988578,
    "iou_mean": 0.9186512472190501,
    "dice_mean": 0.9568165158614134,
    "precision_mean": 0.5,
    "recall_mean": 0.5,
    "f1_mean": 0.4999999403953552,
    "avg_batch_time_ms": 601.8844612272748,
    "avg_forward_time_ms": 178.51581273379026,
    "avg_backward_time_ms": 243.45604689804824,
    "avg_data_load_time_ms": 74.63971607057087,
    "throughput_samples_per_sec": 46.3610195712137,
    "cpu_percent_mean": 32.58997668997669,
    "cpu_percent_max": 60.0,
    "ram_used_mb_mean": 6319.198781687063,
    "ram_used_mb_max": 6619.69140625,
    "gpu_memory_mb_mean": 471.33460013293995,
    "gpu_memory_mb_max": 471.90966796875,
    "gpu_utilization_mean": 0.0,
    "gpu_utilization_max": 0.0,
    "learning_rate": 9.336825748732972e-05
  },
  "val": {
    "epoch": 6,
    "phase": "val",
    "timestamp_start": 1778190609.5865734,
    "timestamp_end": 1778190651.241752,
    "duration_sec": 41.65517854690552,
    "loss_mean": 0.04863939636751362,
    "loss_std": 0.009571584352698531,
    "loss_min": 0.039909977465867996,
    "loss_max": 0.07922424376010895,
    "accuracy_mean": 0.9908278124487918,
    "iou_mean": 0.9172131218340086,
    "dice_mean": 0.956020009258519,
    "precision_mean": 0.5,
    "recall_mean": 0.5,
    "f1_mean": 0.4999999403953552,
    "avg_batch_time_ms": 359.8112489866174,
    "avg_forward_time_ms": 174.97442079626995,
    "avg_backward_time_ms": 0.0,
    "avg_data_load_time_ms": 78.3889449161032,
    "throughput_samples_per_sec": 70.65147966383233,
    "cpu_percent_mean": 58.529347826086955,
    "cpu_percent_max": 87.0,
    "ram_used_mb_mean": 6653.468028192935,
    "ram_used_mb_max": 6723.09765625,
    "gpu_memory_mb_mean": 470.68612007472825,
    "gpu_memory_mb_max": 470.76220703125,
    "gpu_utilization_mean": 0.0,
    "gpu_utilization_max": 0.0,
    "learning_rate": 9.336825748732972e-05
  }
}