{
  "epoch": 12,
  "train": {
    "epoch": 12,
    "phase": "train",
    "timestamp_start": 1773282957.1810162,
    "timestamp_end": 1773282994.3035626,
    "duration_sec": 37.122546434402466,
    "loss_mean": 0.3536965996026993,
    "loss_std": 0.011720110351161439,
    "loss_min": 0.33544468879699707,
    "loss_max": 0.4249330759048462,
    "accuracy_mean": 0.9866294384002685,
    "iou_mean": 0.8881450901428859,
    "dice_mean": 0.938839762409528,
    "precision_mean": 0.9505663096904755,
    "recall_mean": 0.9879388451576233,
    "f1_mean": 0.9688706934452057,
    "avg_batch_time_ms": 601.1339664459229,
    "avg_forward_time_ms": 169.83182430267334,
    "avg_backward_time_ms": 410.7227524121602,
    "avg_data_load_time_ms": 12.04435427983602,
    "throughput_samples_per_sec": 6.518949351376716,
    "cpu_percent_mean": 21.96,
    "cpu_percent_max": 50.5,
    "ram_used_mb_mean": 10193.062174479166,
    "ram_used_mb_max": 10318.1328125,
    "gpu_memory_mb_mean": 3319.4322916666665,
    "gpu_memory_mb_max": 3353.8125,
    "gpu_utilization_mean": 96.43333333333334,
    "gpu_utilization_max": 98.0,
    "learning_rate": 4.275649398050859e-05
  },
  "val": {
    "epoch": 12,
    "phase": "val",
    "timestamp_start": 1773282994.3043168,
    "timestamp_end": 1773282996.7724016,
    "duration_sec": 2.4680848121643066,
    "loss_mean": 0.35192108842042774,
    "loss_std": 0.005934888763799432,
    "loss_min": 0.33737713098526,
    "loss_max": 0.3596985340118408,
    "accuracy_mean": 0.9853047590989333,
    "iou_mean": 0.8692975823695843,
    "dice_mean": 0.9282562365898719,
    "precision_mean": 0.9478300993259137,
    "recall_mean": 0.9858773625813998,
    "f1_mean": 0.9664727678665748,
    "avg_batch_time_ms": 172.81541457543005,
    "avg_forward_time_ms": 163.58360877403845,
    "avg_backward_time_ms": 0.0,
    "avg_data_load_time_ms": 11.836803876436674,
    "throughput_samples_per_sec": 20.663795566764666,
    "cpu_percent_mean": 24.40769230769231,
    "cpu_percent_max": 27.0,
    "ram_used_mb_mean": 10123.517127403846,
    "ram_used_mb_max": 10131.8359375,
    "gpu_memory_mb_mean": 3302.4903846153848,
    "gpu_memory_mb_max": 3302.5625,
    "gpu_utilization_mean": 93.84615384615384,
    "gpu_utilization_max": 98.0,
    "learning_rate": 4.275649398050859e-05
  }
}