{
  "epoch": 5,
  "train": {
    "epoch": 5,
    "phase": "train",
    "timestamp_start": 1774107448.6912496,
    "timestamp_end": 1774107676.425696,
    "duration_sec": 227.73444628715515,
    "loss_mean": 0.09653444412876577,
    "loss_std": 0.012539600749670692,
    "loss_min": 0.07450231909751892,
    "loss_max": 0.14059282839298248,
    "accuracy_mean": 0.9894368827342988,
    "iou_mean": 0.9106443782063092,
    "dice_mean": 0.95235456245787,
    "precision_mean": 0.5,
    "recall_mean": 0.5,
    "f1_mean": 0.4999999403953552,
    "avg_batch_time_ms": 590.4249997699962,
    "avg_forward_time_ms": 175.44202103334314,
    "avg_backward_time_ms": 234.47415057350608,
    "avg_data_load_time_ms": 65.63094573862412,
    "throughput_samples_per_sec": 47.85837266909206,
    "cpu_percent_mean": 32.36470588235294,
    "cpu_percent_max": 100.0,
    "ram_used_mb_mean": 5070.503515625,
    "ram_used_mb_max": 5363.5546875,
    "gpu_memory_mb_mean": 471.40234375,
    "gpu_memory_mb_max": 471.40234375,
    "gpu_utilization_mean": 0.0,
    "gpu_utilization_max": 0.0,
    "learning_rate": 9.572050015330873e-05
  },
  "val": {
    "epoch": 5,
    "phase": "val",
    "timestamp_start": 1774107676.4361894,
    "timestamp_end": 1774107708.638595,
    "duration_sec": 32.20240569114685,
    "loss_mean": 0.08197868625595145,
    "loss_std": 0.009499652387007791,
    "loss_min": 0.07323158532381058,
    "loss_max": 0.10758090019226074,
    "accuracy_mean": 0.9891548793609828,
    "iou_mean": 0.9081759861070816,
    "dice_mean": 0.9508905116825888,
    "precision_mean": 0.5,
    "recall_mean": 0.5,
    "f1_mean": 0.4999999403953552,
    "avg_batch_time_ms": 345.1047237605265,
    "avg_forward_time_ms": 170.40817051717679,
    "avg_backward_time_ms": 0.0,
    "avg_data_load_time_ms": 81.86262274441654,
    "throughput_samples_per_sec": 72.51011065430875,
    "cpu_percent_mean": 58.61917808219178,
    "cpu_percent_max": 80.6,
    "ram_used_mb_mean": 5314.909781678082,
    "ram_used_mb_max": 5389.08984375,
    "gpu_memory_mb_mean": 471.30645333904107,
    "gpu_memory_mb_max": 471.40234375,
    "gpu_utilization_mean": 0.0,
    "gpu_utilization_max": 0.0,
    "learning_rate": 9.572050015330873e-05
  }
}