{
  "epoch": 8,
  "train": {
    "epoch": 8,
    "phase": "train",
    "timestamp_start": 1773741242.1819906,
    "timestamp_end": 1773742790.6375713,
    "duration_sec": 1548.4555807113647,
    "loss_mean": 0.02499441534045553,
    "loss_std": 0.005030600429108716,
    "loss_min": 0.017461398616433144,
    "loss_max": 0.1660323143005371,
    "accuracy_mean": 0.99242225022393,
    "iou_mean": 0.9370923742061145,
    "dice_mean": 0.9671892384819347,
    "precision_mean": 0.9828897469982002,
    "recall_mean": 0.9832386714071254,
    "f1_mean": 0.9830506340697649,
    "avg_batch_time_ms": 540.3231457641647,
    "avg_forward_time_ms": 151.7644520198021,
    "avg_backward_time_ms": 370.23492706679735,
    "avg_data_load_time_ms": 23.463438348448047,
    "throughput_samples_per_sec": 7.038626187128319,
    "cpu_percent_mean": 14.537518355359763,
    "cpu_percent_max": 16.0,
    "ram_used_mb_mean": 3535.3165768974854,
    "ram_used_mb_max": 3636.94140625,
    "gpu_memory_mb_mean": 3041.6133902349484,
    "gpu_memory_mb_max": 3042.0,
    "gpu_utilization_mean": 94.65491923641703,
    "gpu_utilization_max": 97.0,
    "learning_rate": 9.528893909706797e-05
  },
  "val": {
    "epoch": 8,
    "phase": "val",
    "timestamp_start": 1773742790.6409252,
    "timestamp_end": 1773742899.0360198,
    "duration_sec": 108.39509463310242,
    "loss_mean": 0.025923078391726497,
    "loss_std": 0.003887766124515171,
    "loss_min": 0.019278356805443764,
    "loss_max": 0.05149860680103302,
    "accuracy_mean": 0.9922216477459425,
    "iou_mean": 0.9345261062661262,
    "dice_mean": 0.9657703367610501,
    "precision_mean": 0.9817974096904062,
    "recall_mean": 0.9834029635746185,
    "f1_mean": 0.9825938561395423,
    "avg_batch_time_ms": 157.3596286447081,
    "avg_forward_time_ms": 149.68275656438854,
    "avg_backward_time_ms": 0.0,
    "avg_data_load_time_ms": 23.47580659879397,
    "throughput_samples_per_sec": 21.541565214768696,
    "cpu_percent_mean": 17.311986301369863,
    "cpu_percent_max": 19.6,
    "ram_used_mb_mean": 3556.494274400685,
    "ram_used_mb_max": 3688.65234375,
    "gpu_memory_mb_mean": 3041.4736729452056,
    "gpu_memory_mb_max": 3042.0,
    "gpu_utilization_mean": 84.125,
    "gpu_utilization_max": 94.0,
    "learning_rate": 9.528893909706797e-05
  }
}