{
  "epoch": 27,
  "train": {
    "epoch": 27,
    "phase": "train",
    "timestamp_start": 1775612811.1048367,
    "timestamp_end": 1775613104.5150518,
    "duration_sec": 293.41021513938904,
    "loss_mean": 0.009737401885916165,
    "loss_std": 0.0003144331949344508,
    "loss_min": 0.008764094673097134,
    "loss_max": 0.010575488209724426,
    "accuracy_mean": 0.9970674842665523,
    "iou_mean": 0.9761445890495549,
    "dice_mean": 0.9878957292416712,
    "precision_mean": 0.5,
    "recall_mean": 0.5,
    "f1_mean": 0.4999999403953552,
    "avg_batch_time_ms": 603.421962066686,
    "avg_forward_time_ms": 176.03879930811885,
    "avg_backward_time_ms": 240.5800647113151,
    "avg_data_load_time_ms": 65.68871733747719,
    "throughput_samples_per_sec": 46.80818625716713,
    "cpu_percent_mean": 32.50652680652681,
    "cpu_percent_max": 72.2,
    "ram_used_mb_mean": 20321.660338359557,
    "ram_used_mb_max": 20620.47265625,
    "gpu_memory_mb_mean": 471.40234375,
    "gpu_memory_mb_max": 471.40234375,
    "gpu_utilization_mean": 0.0,
    "gpu_utilization_max": 0.0,
    "learning_rate": 5.2794998466912506e-06
  },
  "val": {
    "epoch": 27,
    "phase": "val",
    "timestamp_start": 1775613104.5184233,
    "timestamp_end": 1775613147.0754833,
    "duration_sec": 42.55706000328064,
    "loss_mean": 0.01387717224576551,
    "loss_std": 0.0009243348054816887,
    "loss_min": 0.012170691974461079,
    "loss_max": 0.01732185110449791,
    "accuracy_mean": 0.9960826058750567,
    "iou_mean": 0.965925813369129,
    "dice_mean": 0.9825870653857356,
    "precision_mean": 0.5,
    "recall_mean": 0.5,
    "f1_mean": 0.4999999403953552,
    "avg_batch_time_ms": 360.8858585357666,
    "avg_forward_time_ms": 175.44031920640364,
    "avg_backward_time_ms": 0.0,
    "avg_data_load_time_ms": 83.27013772466908,
    "throughput_samples_per_sec": 69.1542131851479,
    "cpu_percent_mean": 58.54456521739131,
    "cpu_percent_max": 92.7,
    "ram_used_mb_mean": 20674.62601902174,
    "ram_used_mb_max": 20824.49609375,
    "gpu_memory_mb_mean": 471.32625679347825,
    "gpu_memory_mb_max": 471.40234375,
    "gpu_utilization_mean": 0.0,
    "gpu_utilization_max": 0.0,
    "learning_rate": 5.2794998466912506e-06
  }
}