{
  "epoch": 17,
  "train": {
    "epoch": 17,
    "phase": "train",
    "timestamp_start": 1773368378.6808035,
    "timestamp_end": 1773368745.8394907,
    "duration_sec": 367.1586871147156,
    "loss_mean": 0.01744862737457368,
    "loss_std": 0.003137887652847913,
    "loss_min": 0.0131627032533288,
    "loss_max": 0.07483355700969696,
    "accuracy_mean": 0.9946827533816504,
    "iou_mean": 0.9589333417987035,
    "dice_mean": 0.9789203866454196,
    "precision_mean": 0.9878884264260284,
    "recall_mean": 0.9882892423424839,
    "f1_mean": 0.9880761629293773,
    "avg_batch_time_ms": 576.6471768213697,
    "avg_forward_time_ms": 162.69186587373088,
    "avg_backward_time_ms": 394.22881386496806,
    "avg_data_load_time_ms": 25.150450399099302,
    "throughput_samples_per_sec": 6.596602736089605,
    "cpu_percent_mean": 18.454214876033056,
    "cpu_percent_max": 32.6,
    "ram_used_mb_mean": 10140.92245609504,
    "ram_used_mb_max": 10271.65625,
    "gpu_memory_mb_mean": 3274.575826446281,
    "gpu_memory_mb_max": 3290.5,
    "gpu_utilization_mean": 94.90413223140496,
    "gpu_utilization_max": 97.0,
    "learning_rate": 1.0453658778440109e-05
  },
  "val": {
    "epoch": 17,
    "phase": "val",
    "timestamp_start": 1773368745.8408828,
    "timestamp_end": 1773368771.8869984,
    "duration_sec": 26.04611563682556,
    "loss_mean": 0.02497096283791157,
    "loss_std": 0.01735364020567724,
    "loss_min": 0.01598690077662468,
    "loss_max": 0.21031434834003448,
    "accuracy_mean": 0.9924249603198125,
    "iou_mean": 0.9436924370435568,
    "dice_mean": 0.9706399220686692,
    "precision_mean": 0.9820258649495932,
    "recall_mean": 0.9839597238944127,
    "f1_mean": 0.9827141078618856,
    "avg_batch_time_ms": 169.89019467280463,
    "avg_forward_time_ms": 161.3860478767982,
    "avg_backward_time_ms": 0.0,
    "avg_data_load_time_ms": 25.347348359914925,
    "throughput_samples_per_sec": 19.92619579966107,
    "cpu_percent_mean": 24.12461538461538,
    "cpu_percent_max": 65.3,
    "ram_used_mb_mean": 10157.03506610577,
    "ram_used_mb_max": 10375.30078125,
    "gpu_memory_mb_mean": 3277.3442307692308,
    "gpu_memory_mb_max": 3290.1875,
    "gpu_utilization_mean": 84.88461538461539,
    "gpu_utilization_max": 97.0,
    "learning_rate": 1.0453658778440109e-05
  }
}