{
  "epoch": 14,
  "train": {
    "epoch": 14,
    "phase": "train",
    "timestamp_start": 1773751211.1478586,
    "timestamp_end": 1773752769.4612925,
    "duration_sec": 1558.3134338855743,
    "loss_mean": 0.015034436245849589,
    "loss_std": 0.0012728566577355704,
    "loss_min": 0.011032406240701675,
    "loss_max": 0.01938745006918907,
    "accuracy_mean": 0.9952948986171101,
    "iou_mean": 0.9618601614770735,
    "dice_mean": 0.9804542117619479,
    "precision_mean": 0.9896071754319378,
    "recall_mean": 0.9893934449697906,
    "f1_mean": 0.9894986021798788,
    "avg_batch_time_ms": 543.889344788858,
    "avg_forward_time_ms": 152.91339229031982,
    "avg_backward_time_ms": 372.89088220498286,
    "avg_data_load_time_ms": 23.38950215632345,
    "throughput_samples_per_sec": 6.994100007739717,
    "cpu_percent_mean": 14.524155653450809,
    "cpu_percent_max": 15.5,
    "ram_used_mb_mean": 3559.7649983365454,
    "ram_used_mb_max": 3748.62109375,
    "gpu_memory_mb_mean": 3041.5787903817914,
    "gpu_memory_mb_max": 3042.0,
    "gpu_utilization_mean": 94.69456681350954,
    "gpu_utilization_max": 97.0,
    "learning_rate": 8.438508174347008e-05
  },
  "val": {
    "epoch": 14,
    "phase": "val",
    "timestamp_start": 1773752769.4647326,
    "timestamp_end": 1773752878.5086696,
    "duration_sec": 109.04393696784973,
    "loss_mean": 0.01666120737344537,
    "loss_std": 0.002047845418602223,
    "loss_min": 0.011500980705022812,
    "loss_max": 0.024211805313825607,
    "accuracy_mean": 0.9948907938517936,
    "iou_mean": 0.9575314474840687,
    "dice_mean": 0.9781612013913181,
    "precision_mean": 0.9879527654345721,
    "recall_mean": 0.9891765210522364,
    "f1_mean": 0.9885632321238518,
    "avg_batch_time_ms": 158.44086629070648,
    "avg_forward_time_ms": 150.83197371600426,
    "avg_backward_time_ms": 0.0,
    "avg_data_load_time_ms": 23.461276129500508,
    "throughput_samples_per_sec": 21.413386795530375,
    "cpu_percent_mean": 17.287157534246578,
    "cpu_percent_max": 19.5,
    "ram_used_mb_mean": 3602.760467947346,
    "ram_used_mb_max": 3783.93359375,
    "gpu_memory_mb_mean": 3041.816994863014,
    "gpu_memory_mb_max": 3041.875,
    "gpu_utilization_mean": 84.2791095890411,
    "gpu_utilization_max": 94.0,
    "learning_rate": 8.438508174347008e-05
  }
}