{
  "epoch": 16,
  "train": {
    "epoch": 16,
    "phase": "train",
    "timestamp_start": 1775609136.4455981,
    "timestamp_end": 1775609427.6613886,
    "duration_sec": 291.2157905101776,
    "loss_mean": 0.015573034481968218,
    "loss_std": 0.0005188246429692349,
    "loss_min": 0.014217454008758068,
    "loss_max": 0.01756257563829422,
    "accuracy_mean": 0.9956270339605692,
    "iou_mean": 0.9624146259192264,
    "dice_mean": 0.9807538338752337,
    "precision_mean": 0.5,
    "recall_mean": 0.5,
    "f1_mean": 0.4999999403953552,
    "avg_batch_time_ms": 598.5886305917949,
    "avg_forward_time_ms": 176.28377745479415,
    "avg_backward_time_ms": 239.24254648613208,
    "avg_data_load_time_ms": 65.93727620887312,
    "throughput_samples_per_sec": 47.16090420763092,
    "cpu_percent_mean": 32.956643356643355,
    "cpu_percent_max": 100.0,
    "ram_used_mb_mean": 12981.703534746504,
    "ram_used_mb_max": 13291.30859375,
    "gpu_memory_mb_mean": 471.40234375,
    "gpu_memory_mb_max": 471.40234375,
    "gpu_utilization_mean": 0.0,
    "gpu_utilization_max": 0.0,
    "learning_rate": 5.05e-05
  },
  "val": {
    "epoch": 16,
    "phase": "val",
    "timestamp_start": 1775609427.6722488,
    "timestamp_end": 1775609469.468567,
    "duration_sec": 41.79631805419922,
    "loss_mean": 0.017996537235929914,
    "loss_std": 0.0009064957930689382,
    "loss_min": 0.016389556229114532,
    "loss_max": 0.02130574733018875,
    "accuracy_mean": 0.9950148819581323,
    "iou_mean": 0.9558751414651456,
    "dice_mean": 0.9772987300934999,
    "precision_mean": 0.5,
    "recall_mean": 0.5,
    "f1_mean": 0.4999999403953552,
    "avg_batch_time_ms": 356.38514290685237,
    "avg_forward_time_ms": 174.24094936122066,
    "avg_backward_time_ms": 0.0,
    "avg_data_load_time_ms": 82.0759301600249,
    "throughput_samples_per_sec": 70.41290087283946,
    "cpu_percent_mean": 57.17717391304349,
    "cpu_percent_max": 90.9,
    "ram_used_mb_mean": 13379.927352241848,
    "ram_used_mb_max": 13494.92578125,
    "gpu_memory_mb_mean": 471.32625679347825,
    "gpu_memory_mb_max": 471.40234375,
    "gpu_utilization_mean": 0.0,
    "gpu_utilization_max": 0.0,
    "learning_rate": 5.05e-05
  }
}