{
  "epoch": 10,
  "train": {
    "epoch": 10,
    "phase": "train",
    "timestamp_start": 1773282874.038537,
    "timestamp_end": 1773282912.4350893,
    "duration_sec": 38.396552324295044,
    "loss_mean": 0.3855430131157239,
    "loss_std": 0.013504146522100413,
    "loss_min": 0.3704671859741211,
    "loss_max": 0.4633883535861969,
    "accuracy_mean": 0.9854023456573486,
    "iou_mean": 0.8781852900981904,
    "dice_mean": 0.9328862498203914,
    "precision_mean": 0.9456619054079056,
    "recall_mean": 0.9875587920347849,
    "f1_mean": 0.9661296387513478,
    "avg_batch_time_ms": 622.0527211825053,
    "avg_forward_time_ms": 175.61463117599487,
    "avg_backward_time_ms": 424.9918619791667,
    "avg_data_load_time_ms": 12.163039048512777,
    "throughput_samples_per_sec": 6.30264920548288,
    "cpu_percent_mean": 23.27833333333333,
    "cpu_percent_max": 50.9,
    "ram_used_mb_mean": 10099.740885416666,
    "ram_used_mb_max": 10173.73046875,
    "gpu_memory_mb_mean": 3312.95625,
    "gpu_memory_mb_max": 3347.0625,
    "gpu_utilization_mean": 96.68333333333334,
    "gpu_utilization_max": 98.0,
    "learning_rate": 5.824350601949144e-05
  },
  "val": {
    "epoch": 10,
    "phase": "val",
    "timestamp_start": 1773282912.4358592,
    "timestamp_end": 1773282915.025465,
    "duration_sec": 2.5896058082580566,
    "loss_mean": 0.383575249176759,
    "loss_std": 0.00593577456654786,
    "loss_min": 0.3704289495944977,
    "loss_max": 0.39177632331848145,
    "accuracy_mean": 0.9844284561964182,
    "iou_mean": 0.8620237020345834,
    "dice_mean": 0.9238223937841562,
    "precision_mean": 0.9434385070433984,
    "recall_mean": 0.9860211977591882,
    "f1_mean": 0.9642532605391282,
    "avg_batch_time_ms": 182.10370724017804,
    "avg_forward_time_ms": 173.39332287128155,
    "avg_backward_time_ms": 0.0,
    "avg_data_load_time_ms": 11.711304004375751,
    "throughput_samples_per_sec": 19.694117088154833,
    "cpu_percent_mean": 24.76923076923077,
    "cpu_percent_max": 31.4,
    "ram_used_mb_mean": 10167.192307692309,
    "ram_used_mb_max": 10190.640625,
    "gpu_memory_mb_mean": 3335.644230769231,
    "gpu_memory_mb_max": 3341.5,
    "gpu_utilization_mean": 94.3076923076923,
    "gpu_utilization_max": 97.0,
    "learning_rate": 5.824350601949144e-05
  }
}