{
  "epoch": 26,
  "train": {
    "epoch": 26,
    "phase": "train",
    "timestamp_start": 1778197114.3841321,
    "timestamp_end": 1778197418.5597255,
    "duration_sec": 304.17559337615967,
    "loss_mean": 0.009957786860044325,
    "loss_std": 0.0003359162211249097,
    "loss_min": 0.009034975431859493,
    "loss_max": 0.011045332998037338,
    "accuracy_mean": 0.9970003644347468,
    "iou_mean": 0.9756114567632164,
    "dice_mean": 0.9876211612096756,
    "precision_mean": 0.5,
    "recall_mean": 0.5,
    "f1_mean": 0.4999999403953552,
    "avg_batch_time_ms": 616.3576510680583,
    "avg_forward_time_ms": 180.23341963619063,
    "avg_backward_time_ms": 247.1779265325942,
    "avg_data_load_time_ms": 77.74210365224273,
    "throughput_samples_per_sec": 45.151551600709155,
    "cpu_percent_mean": 32.59277389277389,
    "cpu_percent_max": 100.0,
    "ram_used_mb_mean": 19666.16949847028,
    "ram_used_mb_max": 19977.421875,
    "gpu_memory_mb_mean": 471.33460013293995,
    "gpu_memory_mb_max": 471.90966796875,
    "gpu_utilization_mean": 0.0,
    "gpu_utilization_max": 0.0,
    "learning_rate": 7.631742512670283e-06
  },
  "val": {
    "epoch": 26,
    "phase": "val",
    "timestamp_start": 1778197418.5633035,
    "timestamp_end": 1778197461.715619,
    "duration_sec": 43.152315616607666,
    "loss_mean": 0.014057547775218669,
    "loss_std": 0.0010400227175307052,
    "loss_min": 0.012340011075139046,
    "loss_max": 0.018376782536506653,
    "accuracy_mean": 0.9960204265687777,
    "iou_mean": 0.965522619045299,
    "dice_mean": 0.982377190304839,
    "precision_mean": 0.5,
    "recall_mean": 0.5,
    "f1_mean": 0.4999999403953552,
    "avg_batch_time_ms": 365.21602972694063,
    "avg_forward_time_ms": 178.22448326193768,
    "avg_backward_time_ms": 0.0,
    "avg_data_load_time_ms": 84.79250773139621,
    "throughput_samples_per_sec": 68.20027982153877,
    "cpu_percent_mean": 58.28913043478262,
    "cpu_percent_max": 94.8,
    "ram_used_mb_mean": 20068.868843410328,
    "ram_used_mb_max": 20157.78515625,
    "gpu_memory_mb_mean": 470.68612007472825,
    "gpu_memory_mb_max": 470.76220703125,
    "gpu_utilization_mean": 0.0,
    "gpu_utilization_max": 0.0,
    "learning_rate": 7.631742512670283e-06
  }
}