{
  "epoch": 10,
  "train": {
    "epoch": 10,
    "phase": "train",
    "timestamp_start": 1778191663.1943243,
    "timestamp_end": 1778191958.7583716,
    "duration_sec": 295.56404733657837,
    "loss_mean": 0.02709884601612608,
    "loss_std": 0.0033834857452267244,
    "loss_min": 0.023760098963975906,
    "loss_max": 0.04717417061328888,
    "accuracy_mean": 0.9932532085405363,
    "iou_mean": 0.9421175318164425,
    "dice_mean": 0.9699603567868124,
    "precision_mean": 0.5,
    "recall_mean": 0.5,
    "f1_mean": 0.4999999403953552,
    "avg_batch_time_ms": 607.5318009703309,
    "avg_forward_time_ms": 178.5741096887833,
    "avg_backward_time_ms": 244.29447056252363,
    "avg_data_load_time_ms": 67.23741718105502,
    "throughput_samples_per_sec": 46.46708597937213,
    "cpu_percent_mean": 32.451515151515146,
    "cpu_percent_max": 58.3,
    "ram_used_mb_mean": 8982.977673368297,
    "ram_used_mb_max": 9296.11328125,
    "gpu_memory_mb_mean": 471.33460013293995,
    "gpu_memory_mb_max": 471.90966796875,
    "gpu_utilization_mean": 0.0,
    "gpu_utilization_max": 0.0,
    "learning_rate": 7.959536998847741e-05
  },
  "val": {
    "epoch": 10,
    "phase": "val",
    "timestamp_start": 1778191958.7633576,
    "timestamp_end": 1778192000.3891299,
    "duration_sec": 41.62577223777771,
    "loss_mean": 0.027776373165619116,
    "loss_std": 0.0030607727791910812,
    "loss_min": 0.023859959095716476,
    "loss_max": 0.04038125276565552,
    "accuracy_mean": 0.9927505060382511,
    "iou_mean": 0.9382679812286211,
    "dice_mean": 0.9678811165301696,
    "precision_mean": 0.5,
    "recall_mean": 0.5,
    "f1_mean": 0.4999999403953552,
    "avg_batch_time_ms": 361.1280270244764,
    "avg_forward_time_ms": 178.54537393735802,
    "avg_backward_time_ms": 0.0,
    "avg_data_load_time_ms": 75.82217973211537,
    "throughput_samples_per_sec": 70.70139103218999,
    "cpu_percent_mean": 58.338043478260865,
    "cpu_percent_max": 82.0,
    "ram_used_mb_mean": 9387.309485394022,
    "ram_used_mb_max": 9499.29296875,
    "gpu_memory_mb_mean": 470.68612007472825,
    "gpu_memory_mb_max": 470.76220703125,
    "gpu_utilization_mean": 0.0,
    "gpu_utilization_max": 0.0,
    "learning_rate": 7.959536998847741e-05
  }
}