{
  "epoch": 1,
  "train": {
    "epoch": 1,
    "phase": "train",
    "timestamp_start": 1772086098.7012804,
    "timestamp_end": 1772086100.2832308,
    "duration_sec": 1.5819504261016846,
    "loss_mean": 0.7228085696697235,
    "loss_std": 0.07442131638526917,
    "loss_min": 0.6483872532844543,
    "loss_max": 0.7972298860549927,
    "accuracy_mean": 0.632716178894043,
    "iou_mean": 0.1381162330508232,
    "dice_mean": 0.2260002586990595,
    "precision_mean": 0.19998796749860048,
    "recall_mean": 0.3497357815504074,
    "f1_mean": 0.22600022330880165,
    "avg_batch_time_ms": 734.7553968429565,
    "avg_forward_time_ms": 269.761323928833,
    "avg_backward_time_ms": 429.3074607849121,
    "avg_data_load_time_ms": 34.8966121673584,
    "throughput_samples_per_sec": 987.3887159973481,
    "cpu_percent_mean": 30.7,
    "cpu_percent_max": 31.9,
    "ram_used_mb_mean": 11770.669921875,
    "ram_used_mb_max": 11770.83203125,
    "gpu_memory_mb_mean": 3492.9375,
    "gpu_memory_mb_max": 3492.9375,
    "gpu_utilization_mean": 55.5,
    "gpu_utilization_max": 86.0,
    "learning_rate": 0.0001
  },
  "val": {
    "epoch": 1,
    "phase": "val",
    "timestamp_start": 1772086100.284293,
    "timestamp_end": 1772086100.6953864,
    "duration_sec": 0.41109347343444824,
    "loss_mean": 0.7279195189476013,
    "loss_std": 0.014631927013397217,
    "loss_min": 0.7132875919342041,
    "loss_max": 0.7425514459609985,
    "accuracy_mean": 0.8486919403076172,
    "iou_mean": 0.0,
    "dice_mean": 0.0,
    "precision_mean": 0.0,
    "recall_mean": 0.0,
    "f1_mean": 0.0,
    "avg_batch_time_ms": 159.75046157836914,
    "avg_forward_time_ms": 152.15659141540527,
    "avg_backward_time_ms": 0.0,
    "avg_data_load_time_ms": 27.541518211364746,
    "throughput_samples_per_sec": 812.4672892751694,
    "cpu_percent_mean": 26.299999999999997,
    "cpu_percent_max": 26.9,
    "ram_used_mb_mean": 11775.01171875,
    "ram_used_mb_max": 11778.94921875,
    "gpu_memory_mb_mean": 3492.9375,
    "gpu_memory_mb_max": 3492.9375,
    "gpu_utilization_mean": 86.0,
    "gpu_utilization_max": 86.0,
    "learning_rate": 0.0001
  }
}