{
  "epoch": 9,
  "train": {
    "epoch": 9,
    "phase": "train",
    "timestamp_start": 1773282834.529028,
    "timestamp_end": 1773282871.129457,
    "duration_sec": 36.60042905807495,
    "loss_mean": 0.40604125062624613,
    "loss_std": 0.013652732915726665,
    "loss_min": 0.3845418691635132,
    "loss_max": 0.4817297160625458,
    "accuracy_mean": 0.9846578121185303,
    "iou_mean": 0.8721018970012665,
    "dice_mean": 0.9292084286610286,
    "precision_mean": 0.9425267249345779,
    "recall_mean": 0.9872934222221375,
    "f1_mean": 0.9643607974052429,
    "avg_batch_time_ms": 591.5892720222473,
    "avg_forward_time_ms": 167.0734683672587,
    "avg_backward_time_ms": 403.43265533447266,
    "avg_data_load_time_ms": 12.93637752532959,
    "throughput_samples_per_sec": 6.611944346772866,
    "cpu_percent_mean": 23.413333333333334,
    "cpu_percent_max": 57.5,
    "ram_used_mb_mean": 10163.030078125,
    "ram_used_mb_max": 10361.78515625,
    "gpu_memory_mb_mean": 3352.15,
    "gpu_memory_mb_max": 3383.3125,
    "gpu_utilization_mean": 96.26666666666667,
    "gpu_utilization_max": 99.0,
    "learning_rate": 6.579634122155991e-05
  },
  "val": {
    "epoch": 9,
    "phase": "val",
    "timestamp_start": 1773282871.1310318,
    "timestamp_end": 1773282873.6711922,
    "duration_sec": 2.5401604175567627,
    "loss_mean": 0.3994498871839963,
    "loss_std": 0.005855499372247628,
    "loss_min": 0.3859388828277588,
    "loss_max": 0.40670251846313477,
    "accuracy_mean": 0.983420715882228,
    "iou_mean": 0.8581373691558838,
    "dice_mean": 0.9215132502409128,
    "precision_mean": 0.9376736650100121,
    "recall_mean": 0.988381041930272,
    "f1_mean": 0.9623520282598642,
    "avg_batch_time_ms": 178.24686490572415,
    "avg_forward_time_ms": 169.7401266831618,
    "avg_backward_time_ms": 0.0,
    "avg_data_load_time_ms": 11.909686602078951,
    "throughput_samples_per_sec": 20.077472134241834,
    "cpu_percent_mean": 24.72307692307692,
    "cpu_percent_max": 26.7,
    "ram_used_mb_mean": 10094.380408653846,
    "ram_used_mb_max": 10104.05859375,
    "gpu_memory_mb_mean": 3318.9278846153848,
    "gpu_memory_mb_max": 3319.875,
    "gpu_utilization_mean": 94.76923076923077,
    "gpu_utilization_max": 97.0,
    "learning_rate": 6.579634122155991e-05
  }
}