{
  "epoch": 7,
  "train": {
    "epoch": 7,
    "phase": "train",
    "timestamp_start": 1773739583.2819622,
    "timestamp_end": 1773741133.1552253,
    "duration_sec": 1549.8732631206512,
    "loss_mean": 0.027996564247726126,
    "loss_std": 0.010959354296451127,
    "loss_min": 0.01906161569058895,
    "loss_max": 0.2679671049118042,
    "accuracy_mean": 0.9916059631258031,
    "iou_mean": 0.9305073675123781,
    "dice_mean": 0.963434751447777,
    "precision_mean": 0.9807515629894058,
    "recall_mean": 0.981462408945774,
    "f1_mean": 0.9810628904557613,
    "avg_batch_time_ms": 540.8474902749587,
    "avg_forward_time_ms": 151.88444789810853,
    "avg_backward_time_ms": 370.6444400347627,
    "avg_data_load_time_ms": 23.43526469453316,
    "throughput_samples_per_sec": 7.032187895192794,
    "cpu_percent_mean": 14.538289280469899,
    "cpu_percent_max": 15.9,
    "ram_used_mb_mean": 3528.0321964482378,
    "ram_used_mb_max": 3605.26953125,
    "gpu_memory_mb_mean": 3041.59218979442,
    "gpu_memory_mb_max": 3042.0,
    "gpu_utilization_mean": 94.65161527165932,
    "gpu_utilization_max": 97.0,
    "learning_rate": 9.652393605146844e-05
  },
  "val": {
    "epoch": 7,
    "phase": "val",
    "timestamp_start": 1773741133.1585631,
    "timestamp_end": 1773741241.7877512,
    "duration_sec": 108.6291880607605,
    "loss_mean": 0.027582311635990054,
    "loss_std": 0.004334133074789133,
    "loss_min": 0.019744781777262688,
    "loss_max": 0.06268297135829926,
    "accuracy_mean": 0.9917596601051827,
    "iou_mean": 0.9304028521866015,
    "dice_mean": 0.9635095731036304,
    "precision_mean": 0.979507408423783,
    "recall_mean": 0.9834646762233891,
    "f1_mean": 0.9814763934644934,
    "avg_batch_time_ms": 157.55825581615917,
    "avg_forward_time_ms": 149.91553923855088,
    "avg_backward_time_ms": 0.0,
    "avg_data_load_time_ms": 23.668692944801016,
    "throughput_samples_per_sec": 21.49514363205904,
    "cpu_percent_mean": 17.341780821917805,
    "cpu_percent_max": 19.7,
    "ram_used_mb_mean": 3537.7777985873286,
    "ram_used_mb_max": 3682.26171875,
    "gpu_memory_mb_mean": 3041.4308647260273,
    "gpu_memory_mb_max": 3041.5,
    "gpu_utilization_mean": 84.13527397260275,
    "gpu_utilization_max": 94.0,
    "learning_rate": 9.652393605146844e-05
  }
}