{
  "epoch": 11,
  "train": {
    "epoch": 11,
    "phase": "train",
    "timestamp_start": 1775607479.9061623,
    "timestamp_end": 1775607769.7910528,
    "duration_sec": 289.88489055633545,
    "loss_mean": 0.02450326620438299,
    "loss_std": 0.002838311568059509,
    "loss_min": 0.021345704793930054,
    "loss_max": 0.042771998792886734,
    "accuracy_mean": 0.9936305192800668,
    "iou_mean": 0.945832497173256,
    "dice_mean": 0.9719604721991888,
    "precision_mean": 0.5,
    "recall_mean": 0.5,
    "f1_mean": 0.4999999403953552,
    "avg_batch_time_ms": 596.6152939207349,
    "avg_forward_time_ms": 176.4098530882722,
    "avg_backward_time_ms": 238.52940372653774,
    "avg_data_load_time_ms": 64.964039898141,
    "throughput_samples_per_sec": 47.377426169547014,
    "cpu_percent_mean": 32.71655011655012,
    "cpu_percent_max": 57.1,
    "ram_used_mb_mean": 9649.507876238345,
    "ram_used_mb_max": 9958.5,
    "gpu_memory_mb_mean": 471.40234375,
    "gpu_memory_mb_max": 471.40234375,
    "gpu_utilization_mean": 0.0,
    "gpu_utilization_max": 0.0,
    "learning_rate": 7.524999999999999e-05
  },
  "val": {
    "epoch": 11,
    "phase": "val",
    "timestamp_start": 1775607769.8010485,
    "timestamp_end": 1775607811.3662398,
    "duration_sec": 41.5651912689209,
    "loss_mean": 0.025229532858761755,
    "loss_std": 0.0015953628101566652,
    "loss_min": 0.02262207865715027,
    "loss_max": 0.03280632942914963,
    "accuracy_mean": 0.9933976518071216,
    "iou_mean": 0.9416192614513895,
    "dice_mean": 0.9696788347285726,
    "precision_mean": 0.5,
    "recall_mean": 0.5,
    "f1_mean": 0.4999999403953552,
    "avg_batch_time_ms": 356.66686555613643,
    "avg_forward_time_ms": 175.0322295271832,
    "avg_backward_time_ms": 0.0,
    "avg_data_load_time_ms": 79.9276414124862,
    "throughput_samples_per_sec": 70.80443780371915,
    "cpu_percent_mean": 57.345652173913045,
    "cpu_percent_max": 90.2,
    "ram_used_mb_mean": 10008.078676970108,
    "ram_used_mb_max": 10146.390625,
    "gpu_memory_mb_mean": 471.32625679347825,
    "gpu_memory_mb_max": 471.40234375,
    "gpu_utilization_mean": 0.0,
    "gpu_utilization_max": 0.0,
    "learning_rate": 7.524999999999999e-05
  }
}