{
  "epoch": 5,
  "train": {
    "epoch": 5,
    "phase": "train",
    "timestamp_start": 1773736267.419001,
    "timestamp_end": 1773737817.6908736,
    "duration_sec": 1550.2718725204468,
    "loss_mean": 0.03476855502273783,
    "loss_std": 0.0213504158045933,
    "loss_min": 0.021534718573093414,
    "loss_max": 0.26570403575897217,
    "accuracy_mean": 0.9898265812015393,
    "iou_mean": 0.916933741447859,
    "dice_mean": 0.9555148431120465,
    "precision_mean": 0.9751312812344444,
    "recall_mean": 0.9777970258228579,
    "f1_mean": 0.9763350759615107,
    "avg_batch_time_ms": 540.8594664322998,
    "avg_forward_time_ms": 151.92029532181883,
    "avg_backward_time_ms": 370.59549831958947,
    "avg_data_load_time_ms": 23.553378956608483,
    "throughput_samples_per_sec": 7.030379763183281,
    "cpu_percent_mean": 14.544383259911895,
    "cpu_percent_max": 15.4,
    "ram_used_mb_mean": 3515.0563007640417,
    "ram_used_mb_max": 3607.21875,
    "gpu_memory_mb_mean": 3041.5680983847283,
    "gpu_memory_mb_max": 3041.875,
    "gpu_utilization_mean": 94.65014684287812,
    "gpu_utilization_max": 97.0,
    "learning_rate": 9.844486647586723e-05
  },
  "val": {
    "epoch": 5,
    "phase": "val",
    "timestamp_start": 1773737817.6947641,
    "timestamp_end": 1773737926.3570316,
    "duration_sec": 108.66226744651794,
    "loss_mean": 0.03292546055458282,
    "loss_std": 0.012824808680490523,
    "loss_min": 0.02346443384885788,
    "loss_max": 0.15157485008239746,
    "accuracy_mean": 0.9900679942475606,
    "iou_mean": 0.9201660587975423,
    "dice_mean": 0.9577858303099462,
    "precision_mean": 0.9747115512416787,
    "recall_mean": 0.9805545103672433,
    "f1_mean": 0.9774347338570307,
    "avg_batch_time_ms": 157.63051705817654,
    "avg_forward_time_ms": 149.90248092233318,
    "avg_backward_time_ms": 0.0,
    "avg_data_load_time_ms": 23.639382564858213,
    "throughput_samples_per_sec": 21.48859999768783,
    "cpu_percent_mean": 17.355650684931508,
    "cpu_percent_max": 19.7,
    "ram_used_mb_mean": 3544.842826947774,
    "ram_used_mb_max": 3716.6171875,
    "gpu_memory_mb_mean": 3041.3852739726026,
    "gpu_memory_mb_max": 3041.875,
    "gpu_utilization_mean": 84.03082191780823,
    "gpu_utilization_max": 94.0,
    "learning_rate": 9.844486647586723e-05
  }
}