{
  "epoch": 7,
  "train": {
    "epoch": 7,
    "phase": "train",
    "timestamp_start": 1773364499.227762,
    "timestamp_end": 1773364854.7986975,
    "duration_sec": 355.5709354877472,
    "loss_mean": 0.039713740906070084,
    "loss_std": 0.02344588658315534,
    "loss_min": 0.027968501672148705,
    "loss_max": 0.27078405022621155,
    "accuracy_mean": 0.9899332582457991,
    "iou_mean": 0.9180562446925266,
    "dice_mean": 0.9563020575145059,
    "precision_mean": 0.9750101246124456,
    "recall_mean": 0.9786084657858226,
    "f1_mean": 0.9766651946651049,
    "avg_batch_time_ms": 557.7918300943926,
    "avg_forward_time_ms": 156.5374792114762,
    "avg_backward_time_ms": 382.1988531380646,
    "avg_data_load_time_ms": 24.905410088783455,
    "throughput_samples_per_sec": 6.811580357876188,
    "cpu_percent_mean": 25.77074380165289,
    "cpu_percent_max": 61.6,
    "ram_used_mb_mean": 11535.469783057852,
    "ram_used_mb_max": 11753.66796875,
    "gpu_memory_mb_mean": 3239.8727272727274,
    "gpu_memory_mb_max": 3270.0,
    "gpu_utilization_mean": 94.5504132231405,
    "gpu_utilization_max": 97.0,
    "learning_rate": 7.959536998847744e-05
  },
  "val": {
    "epoch": 7,
    "phase": "val",
    "timestamp_start": 1773364854.8001246,
    "timestamp_end": 1773364880.1286557,
    "duration_sec": 25.32853102684021,
    "loss_mean": 0.044105210097936484,
    "loss_std": 0.04207706711574047,
    "loss_min": 0.028128251433372498,
    "loss_max": 0.3270999491214752,
    "accuracy_mean": 0.9886024598891918,
    "iou_mean": 0.9124369497482593,
    "dice_mean": 0.9524617525247427,
    "precision_mean": 0.968923937357389,
    "recall_mean": 0.9773396762517782,
    "f1_mean": 0.9725943890901713,
    "avg_batch_time_ms": 164.39436215620773,
    "avg_forward_time_ms": 155.71209283975455,
    "avg_backward_time_ms": 0.0,
    "avg_data_load_time_ms": 25.48817304464487,
    "throughput_samples_per_sec": 20.49072642428511,
    "cpu_percent_mean": 22.712307692307697,
    "cpu_percent_max": 58.9,
    "ram_used_mb_mean": 11598.382241586538,
    "ram_used_mb_max": 11691.26953125,
    "gpu_memory_mb_mean": 3239.5,
    "gpu_memory_mb_max": 3239.5,
    "gpu_utilization_mean": 85.93846153846154,
    "gpu_utilization_max": 94.0,
    "learning_rate": 7.959536998847744e-05
  }
}