{
  "epoch": 8,
  "train": {
    "epoch": 8,
    "phase": "train",
    "timestamp_start": 1778190987.8407736,
    "timestamp_end": 1778191282.851281,
    "duration_sec": 295.0105073451996,
    "loss_mean": 0.0369101109803765,
    "loss_std": 0.007363277858617996,
    "loss_min": 0.030238613486289978,
    "loss_max": 0.08384199440479279,
    "accuracy_mean": 0.9919253262606534,
    "iou_mean": 0.9273731825235006,
    "dice_mean": 0.9617567227714823,
    "precision_mean": 0.5,
    "recall_mean": 0.5,
    "f1_mean": 0.4999999403953552,
    "avg_batch_time_ms": 607.276349078803,
    "avg_forward_time_ms": 178.69116265179116,
    "avg_backward_time_ms": 243.62703247781678,
    "avg_data_load_time_ms": 66.34183307905575,
    "throughput_samples_per_sec": 46.554274027702625,
    "cpu_percent_mean": 32.90909090909091,
    "cpu_percent_max": 100.0,
    "ram_used_mb_mean": 7653.8188283071095,
    "ram_used_mb_max": 7945.328125,
    "gpu_memory_mb_mean": 471.33460013293995,
    "gpu_memory_mb_max": 471.90966796875,
    "gpu_utilization_mean": 0.0,
    "gpu_utilization_max": 0.0,
    "learning_rate": 8.728566886113101e-05
  },
  "val": {
    "epoch": 8,
    "phase": "val",
    "timestamp_start": 1778191282.8623047,
    "timestamp_end": 1778191324.9843528,
    "duration_sec": 42.122048139572144,
    "loss_mean": 0.03773988309599783,
    "loss_std": 0.005921638815063195,
    "loss_min": 0.03211000934243202,
    "loss_max": 0.055244188755750656,
    "accuracy_mean": 0.9912421593199605,
    "iou_mean": 0.9230337032805318,
    "dice_mean": 0.9595275087201077,
    "precision_mean": 0.5,
    "recall_mean": 0.5,
    "f1_mean": 0.4999999403953552,
    "avg_batch_time_ms": 360.6241474980893,
    "avg_forward_time_ms": 175.5120961562447,
    "avg_backward_time_ms": 0.0,
    "avg_data_load_time_ms": 82.37577780433323,
    "throughput_samples_per_sec": 69.86839743044588,
    "cpu_percent_mean": 58.80434782608695,
    "cpu_percent_max": 100.0,
    "ram_used_mb_mean": 7987.850670855978,
    "ram_used_mb_max": 8066.4609375,
    "gpu_memory_mb_mean": 470.68612007472825,
    "gpu_memory_mb_max": 470.76220703125,
    "gpu_utilization_mean": 0.0,
    "gpu_utilization_max": 0.0,
    "learning_rate": 8.728566886113101e-05
  }
}