{
  "epoch": 8,
  "train": {
    "epoch": 8,
    "phase": "train",
    "timestamp_start": 1773364880.479899,
    "timestamp_end": 1773365235.411485,
    "duration_sec": 354.9315860271454,
    "loss_mean": 0.035748696798258574,
    "loss_std": 0.0234893425173827,
    "loss_min": 0.02605481632053852,
    "loss_max": 0.2766116261482239,
    "accuracy_mean": 0.9906313699139051,
    "iou_mean": 0.9232752939886298,
    "dice_mean": 0.9592212896701718,
    "precision_mean": 0.9769826232894393,
    "recall_mean": 0.9798473885236693,
    "f1_mean": 0.9783014683684041,
    "avg_batch_time_ms": 556.1335374501126,
    "avg_forward_time_ms": 157.0810317993164,
    "avg_backward_time_ms": 380.0917408683083,
    "avg_data_load_time_ms": 25.515319493191303,
    "throughput_samples_per_sec": 6.823850272414933,
    "cpu_percent_mean": 17.207603305785128,
    "cpu_percent_max": 31.4,
    "ram_used_mb_mean": 11567.185272469009,
    "ram_used_mb_max": 11643.734375,
    "gpu_memory_mb_mean": 3235.5453512396693,
    "gpu_memory_mb_max": 3269.625,
    "gpu_utilization_mean": 94.7504132231405,
    "gpu_utilization_max": 97.0,
    "learning_rate": 7.297252973710758e-05
  },
  "val": {
    "epoch": 8,
    "phase": "val",
    "timestamp_start": 1773365235.412872,
    "timestamp_end": 1773365260.4880223,
    "duration_sec": 25.07515025138855,
    "loss_mean": 0.04167677262941232,
    "loss_std": 0.04382484756129636,
    "loss_min": 0.025768328458070755,
    "loss_max": 0.3355993628501892,
    "accuracy_mean": 0.9889070538374094,
    "iou_mean": 0.9157029275710766,
    "dice_mean": 0.9543115409520956,
    "precision_mean": 0.9689493486514458,
    "recall_mean": 0.9787443468203911,
    "f1_mean": 0.9733068539546086,
    "avg_batch_time_ms": 162.882949755742,
    "avg_forward_time_ms": 154.94886728433463,
    "avg_backward_time_ms": 0.0,
    "avg_data_load_time_ms": 25.08877790891207,
    "throughput_samples_per_sec": 20.69778225840382,
    "cpu_percent_mean": 22.15153846153846,
    "cpu_percent_max": 58.2,
    "ram_used_mb_mean": 11582.914332932693,
    "ram_used_mb_max": 11698.79296875,
    "gpu_memory_mb_mean": 3227.5625,
    "gpu_memory_mb_max": 3227.5625,
    "gpu_utilization_mean": 84.5,
    "gpu_utilization_max": 96.0,
    "learning_rate": 7.297252973710758e-05
  }
}