{
  "epoch": 2,
  "train": {
    "epoch": 2,
    "phase": "train",
    "timestamp_start": 1773731280.5014327,
    "timestamp_end": 1773732837.9854007,
    "duration_sec": 1557.4839680194855,
    "loss_mean": 0.0516629639818783,
    "loss_std": 0.03344689151942237,
    "loss_min": 0.03140662983059883,
    "loss_max": 0.2836904525756836,
    "accuracy_mean": 0.986786182756466,
    "iou_mean": 0.8912650936019229,
    "dice_mean": 0.9407084873506851,
    "precision_mean": 0.966004804892687,
    "recall_mean": 0.9730635864575354,
    "f1_mean": 0.9692048346637454,
    "avg_batch_time_ms": 543.4867709918869,
    "avg_forward_time_ms": 152.69453681338027,
    "avg_backward_time_ms": 372.4439195774375,
    "avg_data_load_time_ms": 23.48576208218254,
    "throughput_samples_per_sec": 6.997824840443972,
    "cpu_percent_mean": 14.792107195301027,
    "cpu_percent_max": 16.6,
    "ram_used_mb_mean": 3505.292691985591,
    "ram_used_mb_max": 3592.14453125,
    "gpu_memory_mb_mean": 3043.101780469897,
    "gpu_memory_mb_max": 3046.9375,
    "gpu_utilization_mean": 94.66740088105728,
    "gpu_utilization_max": 97.0,
    "learning_rate": 9.990232305719945e-05
  },
  "val": {
    "epoch": 2,
    "phase": "val",
    "timestamp_start": 1773732837.9887373,
    "timestamp_end": 1773732946.8047857,
    "duration_sec": 108.81604838371277,
    "loss_mean": 0.05021178282873884,
    "loss_std": 0.03590307858434475,
    "loss_min": 0.030544642359018326,
    "loss_max": 0.2859785258769989,
    "accuracy_mean": 0.9865190504144316,
    "iou_mean": 0.8886247642644464,
    "dice_mean": 0.9388378785081106,
    "precision_mean": 0.9641454453541808,
    "recall_mean": 0.9727979919885936,
    "f1_mean": 0.9681046481614244,
    "avg_batch_time_ms": 157.91935790075016,
    "avg_forward_time_ms": 150.21107417263397,
    "avg_backward_time_ms": 0.0,
    "avg_data_load_time_ms": 23.617563182360506,
    "throughput_samples_per_sec": 21.458231893940887,
    "cpu_percent_mean": 17.583219178082192,
    "cpu_percent_max": 20.8,
    "ram_used_mb_mean": 3524.699840806935,
    "ram_used_mb_max": 3630.58984375,
    "gpu_memory_mb_mean": 3041.6765839041095,
    "gpu_memory_mb_max": 3041.75,
    "gpu_utilization_mean": 84.1541095890411,
    "gpu_utilization_max": 94.0,
    "learning_rate": 9.990232305719945e-05
  }
}