{
  "epoch": 8,
  "train": {
    "epoch": 8,
    "phase": "train",
    "timestamp_start": 1773282794.5075018,
    "timestamp_end": 1773282831.6649325,
    "duration_sec": 37.15743064880371,
    "loss_mean": 0.4294554203748703,
    "loss_std": 0.012836673777209292,
    "loss_min": 0.40638238191604614,
    "loss_max": 0.4930322766304016,
    "accuracy_mean": 0.9840548833211263,
    "iou_mean": 0.8680209229389827,
    "dice_mean": 0.9268725017706553,
    "precision_mean": 0.9402831027905146,
    "recall_mean": 0.9871031175057093,
    "f1_mean": 0.9630950887997946,
    "avg_batch_time_ms": 601.8825173377991,
    "avg_forward_time_ms": 169.57173744837442,
    "avg_backward_time_ms": 411.25328540802,
    "avg_data_load_time_ms": 12.085028489430746,
    "throughput_samples_per_sec": 6.512829218125479,
    "cpu_percent_mean": 22.623333333333335,
    "cpu_percent_max": 48.9,
    "ram_used_mb_mean": 10189.1697265625,
    "ram_used_mb_max": 10376.48828125,
    "gpu_memory_mb_mean": 3351.8145833333333,
    "gpu_memory_mb_max": 3395.6875,
    "gpu_utilization_mean": 96.81666666666666,
    "gpu_utilization_max": 98.0,
    "learning_rate": 7.297252973710758e-05
  },
  "val": {
    "epoch": 8,
    "phase": "val",
    "timestamp_start": 1773282831.6656842,
    "timestamp_end": 1773282834.1711705,
    "duration_sec": 2.505486249923706,
    "loss_mean": 0.4219018335525806,
    "loss_std": 0.00589959895638318,
    "loss_min": 0.408344030380249,
    "loss_max": 0.4286620616912842,
    "accuracy_mean": 0.9826387029427749,
    "iou_mean": 0.8476144992388212,
    "dice_mean": 0.9148153112484858,
    "precision_mean": 0.9345899499379672,
    "recall_mean": 0.9872796489642217,
    "f1_mean": 0.9602041565454923,
    "avg_batch_time_ms": 175.57276212252103,
    "avg_forward_time_ms": 167.34700936537521,
    "avg_backward_time_ms": 0.0,
    "avg_data_load_time_ms": 11.879499141986553,
    "throughput_samples_per_sec": 20.355330228434894,
    "cpu_percent_mean": 24.89230769230769,
    "cpu_percent_max": 28.7,
    "ram_used_mb_mean": 10374.47265625,
    "ram_used_mb_max": 10386.57421875,
    "gpu_memory_mb_mean": 3365.326923076923,
    "gpu_memory_mb_max": 3372.9375,
    "gpu_utilization_mean": 93.46153846153847,
    "gpu_utilization_max": 98.0,
    "learning_rate": 7.297252973710758e-05
  }
}