{
  "epoch": 29,
  "train": {
    "epoch": 29,
    "phase": "train",
    "timestamp_start": 1778198149.1026108,
    "timestamp_end": 1778198450.9017577,
    "duration_sec": 301.79914689064026,
    "loss_mean": 0.009527912723781902,
    "loss_std": 0.00036163058074636413,
    "loss_min": 0.008628121577203274,
    "loss_max": 0.01096593588590622,
    "accuracy_mean": 0.9971144015972431,
    "iou_mean": 0.9767275105267416,
    "dice_mean": 0.9881963253299118,
    "precision_mean": 0.5,
    "recall_mean": 0.5,
    "f1_mean": 0.4999999403953552,
    "avg_batch_time_ms": 619.5514335498943,
    "avg_forward_time_ms": 180.21833757698397,
    "avg_backward_time_ms": 247.61204952960247,
    "avg_data_load_time_ms": 68.84912177399322,
    "throughput_samples_per_sec": 45.50708688708336,
    "cpu_percent_mean": 33.025407925407926,
    "cpu_percent_max": 72.7,
    "ram_used_mb_mean": 21696.363117351397,
    "ram_used_mb_max": 22034.359375,
    "gpu_memory_mb_mean": 471.33727486706005,
    "gpu_memory_mb_max": 471.90966796875,
    "gpu_utilization_mean": 0.0,
    "gpu_utilization_max": 0.0,
    "learning_rate": 2.0816937636766182e-06
  },
  "val": {
    "epoch": 29,
    "phase": "val",
    "timestamp_start": 1778198450.9051716,
    "timestamp_end": 1778198493.9101763,
    "duration_sec": 43.00500464439392,
    "loss_mean": 0.013870702945100873,
    "loss_std": 0.0011015544758602974,
    "loss_min": 0.012060418725013733,
    "loss_max": 0.018818801268935204,
    "accuracy_mean": 0.9960764795541763,
    "iou_mean": 0.9661063655563022,
    "dice_mean": 0.9826823375795198,
    "precision_mean": 0.5,
    "recall_mean": 0.5,
    "f1_mean": 0.4999999403953552,
    "avg_batch_time_ms": 366.07826792675513,
    "avg_forward_time_ms": 176.29648032395735,
    "avg_backward_time_ms": 0.0,
    "avg_data_load_time_ms": 81.84717271638954,
    "throughput_samples_per_sec": 68.43389564390259,
    "cpu_percent_mean": 59.07608695652175,
    "cpu_percent_max": 92.6,
    "ram_used_mb_mean": 21983.017960258152,
    "ram_used_mb_max": 22061.6640625,
    "gpu_memory_mb_mean": 471.83358101222825,
    "gpu_memory_mb_max": 471.90966796875,
    "gpu_utilization_mean": 0.0,
    "gpu_utilization_max": 0.0,
    "learning_rate": 2.0816937636766182e-06
  }
}