{
  "epoch": 7,
  "train": {
    "epoch": 7,
    "phase": "train",
    "timestamp_start": 1774107970.3724914,
    "timestamp_end": 1774108199.8649325,
    "duration_sec": 229.49244117736816,
    "loss_mean": 0.053613782104323895,
    "loss_std": 0.009635356142481163,
    "loss_min": 0.04391273856163025,
    "loss_max": 0.12177450954914093,
    "accuracy_mean": 0.9909754693508148,
    "iou_mean": 0.9243889377397649,
    "dice_mean": 0.9599984761546639,
    "precision_mean": 0.5,
    "recall_mean": 0.5,
    "f1_mean": 0.4999999403953552,
    "avg_batch_time_ms": 594.23047023661,
    "avg_forward_time_ms": 176.39734885271858,
    "avg_backward_time_ms": 235.33126676783843,
    "avg_data_load_time_ms": 66.85286479837754,
    "throughput_samples_per_sec": 47.491760269247706,
    "cpu_percent_mean": 32.65323529411765,
    "cpu_percent_max": 66.7,
    "ram_used_mb_mean": 6140.529113051471,
    "ram_used_mb_max": 6437.0078125,
    "gpu_memory_mb_mean": 471.40234375,
    "gpu_memory_mb_max": 471.40234375,
    "gpu_utilization_mean": 0.0,
    "gpu_utilization_max": 0.0,
    "learning_rate": 9.05463412215599e-05
  },
  "val": {
    "epoch": 7,
    "phase": "val",
    "timestamp_start": 1774108199.8754642,
    "timestamp_end": 1774108232.72706,
    "duration_sec": 32.851595878601074,
    "loss_mean": 0.05156211993873936,
    "loss_std": 0.009199422493812668,
    "loss_min": 0.04356139153242111,
    "loss_max": 0.07467113435268402,
    "accuracy_mean": 0.9903827848499769,
    "iou_mean": 0.9195988080272935,
    "dice_mean": 0.9573042874466883,
    "precision_mean": 0.5,
    "recall_mean": 0.5,
    "f1_mean": 0.4999999403953552,
    "avg_batch_time_ms": 353.90073959141563,
    "avg_forward_time_ms": 171.8501228175751,
    "avg_backward_time_ms": 0.0,
    "avg_data_load_time_ms": 81.543017740119,
    "throughput_samples_per_sec": 71.07721672422545,
    "cpu_percent_mean": 57.773972602739725,
    "cpu_percent_max": 100.0,
    "ram_used_mb_mean": 6376.243899828767,
    "ram_used_mb_max": 6430.2734375,
    "gpu_memory_mb_mean": 471.30645333904107,
    "gpu_memory_mb_max": 471.40234375,
    "gpu_utilization_mean": 0.0,
    "gpu_utilization_max": 0.0,
    "learning_rate": 9.05463412215599e-05
  }
}