{
  "epoch": 16,
  "train": {
    "epoch": 16,
    "phase": "train",
    "timestamp_start": 1773367984.2048483,
    "timestamp_end": 1773368352.4272287,
    "duration_sec": 368.222380399704,
    "loss_mean": 0.018626893244006418,
    "loss_std": 0.007075144789267719,
    "loss_min": 0.013755647465586662,
    "loss_max": 0.17615029215812683,
    "accuracy_mean": 0.9943814553505133,
    "iou_mean": 0.9564946000241051,
    "dice_mean": 0.9776137328344928,
    "precision_mean": 0.9871562325264797,
    "recall_mean": 0.9875930084669886,
    "f1_mean": 0.9873338814609307,
    "avg_batch_time_ms": 578.4683231479866,
    "avg_forward_time_ms": 162.98787968217835,
    "avg_backward_time_ms": 395.73180143498195,
    "avg_data_load_time_ms": 25.17437461979133,
    "throughput_samples_per_sec": 6.577546963253369,
    "cpu_percent_mean": 18.402314049586774,
    "cpu_percent_max": 35.1,
    "ram_used_mb_mean": 10129.930578512396,
    "ram_used_mb_max": 10308.7265625,
    "gpu_memory_mb_mean": 3274.8953512396693,
    "gpu_memory_mb_max": 3290.25,
    "gpu_utilization_mean": 94.91239669421488,
    "gpu_utilization_max": 97.0,
    "learning_rate": 1.5498214331265904e-05
  },
  "val": {
    "epoch": 16,
    "phase": "val",
    "timestamp_start": 1773368352.4287243,
    "timestamp_end": 1773368378.3210013,
    "duration_sec": 25.892277002334595,
    "loss_mean": 0.025284339673817158,
    "loss_std": 0.01895464957107985,
    "loss_min": 0.016620025038719177,
    "loss_max": 0.23267808556556702,
    "accuracy_mean": 0.9924028176527757,
    "iou_mean": 0.9425621546231784,
    "dice_mean": 0.96999839085799,
    "precision_mean": 0.9806703989322368,
    "recall_mean": 0.9852852193208841,
    "f1_mean": 0.9826520300828494,
    "avg_batch_time_ms": 168.7490463256836,
    "avg_forward_time_ms": 160.53968026087836,
    "avg_backward_time_ms": 0.0,
    "avg_data_load_time_ms": 25.243788499098557,
    "throughput_samples_per_sec": 20.044587038567677,
    "cpu_percent_mean": 23.66615384615385,
    "cpu_percent_max": 55.6,
    "ram_used_mb_mean": 10215.507301682692,
    "ram_used_mb_max": 10318.18359375,
    "gpu_memory_mb_mean": 3277.264423076923,
    "gpu_memory_mb_max": 3290.1875,
    "gpu_utilization_mean": 84.9,
    "gpu_utilization_max": 97.0,
    "learning_rate": 1.5498214331265904e-05
  }
}