{
  "epoch": 10,
  "train": {
    "epoch": 10,
    "phase": "train",
    "timestamp_start": 1775607151.0120327,
    "timestamp_end": 1775607438.7145998,
    "duration_sec": 287.7025671005249,
    "loss_mean": 0.026876184034285013,
    "loss_std": 0.0038638160630599617,
    "loss_min": 0.023255441337823868,
    "loss_max": 0.05896230787038803,
    "accuracy_mean": 0.9933446162230485,
    "iou_mean": 0.9429865337751963,
    "dice_mean": 0.9704274154487468,
    "precision_mean": 0.5,
    "recall_mean": 0.5,
    "f1_mean": 0.4999999403953552,
    "avg_batch_time_ms": 595.0354868437582,
    "avg_forward_time_ms": 175.61448481810953,
    "avg_backward_time_ms": 238.17869166394215,
    "avg_data_load_time_ms": 61.49769829703378,
    "throughput_samples_per_sec": 47.736800329630924,
    "cpu_percent_mean": 32.913752913752916,
    "cpu_percent_max": 66.7,
    "ram_used_mb_mean": 8978.927875509908,
    "ram_used_mb_max": 9281.28515625,
    "gpu_memory_mb_mean": 471.40234375,
    "gpu_memory_mb_max": 471.40234375,
    "gpu_utilization_mean": 0.0,
    "gpu_utilization_max": 0.0,
    "learning_rate": 7.959536998847741e-05
  },
  "val": {
    "epoch": 10,
    "phase": "val",
    "timestamp_start": 1775607438.7226,
    "timestamp_end": 1775607479.7485538,
    "duration_sec": 41.02595376968384,
    "loss_mean": 0.027968405280262232,
    "loss_std": 0.0039819005703097725,
    "loss_min": 0.02413683384656906,
    "loss_max": 0.04420037940144539,
    "accuracy_mean": 0.9927795594153197,
    "iou_mean": 0.9390592205783596,
    "dice_mean": 0.9683126813691595,
    "precision_mean": 0.5,
    "recall_mean": 0.5,
    "f1_mean": 0.4999999403953552,
    "avg_batch_time_ms": 351.8922743589982,
    "avg_forward_time_ms": 173.8577796065289,
    "avg_backward_time_ms": 0.0,
    "avg_data_load_time_ms": 79.07110193501349,
    "throughput_samples_per_sec": 71.73507815374013,
    "cpu_percent_mean": 56.72934782608697,
    "cpu_percent_max": 83.4,
    "ram_used_mb_mean": 9398.233525815218,
    "ram_used_mb_max": 9524.46484375,
    "gpu_memory_mb_mean": 471.32625679347825,
    "gpu_memory_mb_max": 471.40234375,
    "gpu_utilization_mean": 0.0,
    "gpu_utilization_max": 0.0,
    "learning_rate": 7.959536998847741e-05
  }
}