{
  "epoch": 30,
  "train": {
    "epoch": 30,
    "phase": "train",
    "timestamp_start": 1775613820.7964942,
    "timestamp_end": 1775614114.181479,
    "duration_sec": 293.3849847316742,
    "loss_mean": 0.009443918766241113,
    "loss_std": 0.00034298092760417864,
    "loss_min": 0.00837742816656828,
    "loss_max": 0.010559238493442535,
    "accuracy_mean": 0.9971466547959335,
    "iou_mean": 0.9769083108657446,
    "dice_mean": 0.9882891176741718,
    "precision_mean": 0.5,
    "recall_mean": 0.5,
    "f1_mean": 0.4999999403953552,
    "avg_batch_time_ms": 602.36904782293,
    "avg_forward_time_ms": 175.50683243847115,
    "avg_backward_time_ms": 241.2435247070028,
    "avg_data_load_time_ms": 66.52379536128544,
    "throughput_samples_per_sec": 46.81221164934846,
    "cpu_percent_mean": 35.439860139860144,
    "cpu_percent_max": 75.0,
    "ram_used_mb_mean": 22303.511445585664,
    "ram_used_mb_max": 22594.3125,
    "gpu_memory_mb_mean": 471.40234375,
    "gpu_memory_mb_max": 471.40234375,
    "gpu_utilization_mean": 0.0,
    "gpu_utilization_max": 0.0,
    "learning_rate": 1.2711661792704668e-06
  },
  "val": {
    "epoch": 30,
    "phase": "val",
    "timestamp_start": 1775614114.1918747,
    "timestamp_end": 1775614156.3051126,
    "duration_sec": 42.1132378578186,
    "loss_mean": 0.013780537537177619,
    "loss_std": 0.0009318915783426204,
    "loss_min": 0.012072667479515076,
    "loss_max": 0.01726805418729782,
    "accuracy_mean": 0.996116262415181,
    "iou_mean": 0.9662631037442581,
    "dice_mean": 0.9827633843473766,
    "precision_mean": 0.5,
    "recall_mean": 0.5,
    "f1_mean": 0.4999999403953552,
    "avg_batch_time_ms": 354.0622980698295,
    "avg_forward_time_ms": 172.31972321220067,
    "avg_backward_time_ms": 0.0,
    "avg_data_load_time_ms": 84.13058519363403,
    "throughput_samples_per_sec": 69.88301421838104,
    "cpu_percent_mean": 59.35108695652173,
    "cpu_percent_max": 91.5,
    "ram_used_mb_mean": 22637.327827785328,
    "ram_used_mb_max": 22713.01953125,
    "gpu_memory_mb_mean": 471.32625679347825,
    "gpu_memory_mb_max": 471.40234375,
    "gpu_utilization_mean": 0.0,
    "gpu_utilization_max": 0.0,
    "learning_rate": 1.2711661792704668e-06
  }
}