{
  "epoch": 5,
  "train": {
    "epoch": 5,
    "phase": "train",
    "timestamp_start": 1773282672.767027,
    "timestamp_end": 1773282710.132821,
    "duration_sec": 37.36579418182373,
    "loss_mean": 0.524030922849973,
    "loss_std": 0.013616593325923586,
    "loss_min": 0.5021399259567261,
    "loss_max": 0.572291374206543,
    "accuracy_mean": 0.9804675420125325,
    "iou_mean": 0.8387077709039052,
    "dice_mean": 0.9086617678403854,
    "precision_mean": 0.9262324184179306,
    "recall_mean": 0.9861798226833344,
    "f1_mean": 0.9552100012699763,
    "avg_batch_time_ms": 604.9999952316284,
    "avg_forward_time_ms": 170.15910943349203,
    "avg_backward_time_ms": 413.35169474283856,
    "avg_data_load_time_ms": 11.987519264221191,
    "throughput_samples_per_sec": 6.476511614403711,
    "cpu_percent_mean": 22.87166666666667,
    "cpu_percent_max": 67.1,
    "ram_used_mb_mean": 10233.893033854167,
    "ram_used_mb_max": 10467.12109375,
    "gpu_memory_mb_mean": 3392.84375,
    "gpu_memory_mb_max": 3485.5,
    "gpu_utilization_mean": 96.9,
    "gpu_utilization_max": 99.0,
    "learning_rate": 9.054634122155992e-05
  },
  "val": {
    "epoch": 5,
    "phase": "val",
    "timestamp_start": 1773282710.1335673,
    "timestamp_end": 1773282712.7159784,
    "duration_sec": 2.582411050796509,
    "loss_mean": 0.5122435643122747,
    "loss_std": 0.005314768871046547,
    "loss_min": 0.5004107356071472,
    "loss_max": 0.5212036967277527,
    "accuracy_mean": 0.9797560389225299,
    "iou_mean": 0.8281831924731915,
    "dice_mean": 0.9025635719299316,
    "precision_mean": 0.921936204800239,
    "recall_mean": 0.988113114467034,
    "f1_mean": 0.953869627072261,
    "avg_batch_time_ms": 181.51384133559006,
    "avg_forward_time_ms": 172.1956363091102,
    "avg_backward_time_ms": 0.0,
    "avg_data_load_time_ms": 11.586556067833534,
    "throughput_samples_per_sec": 19.748986120652543,
    "cpu_percent_mean": 25.707692307692305,
    "cpu_percent_max": 27.5,
    "ram_used_mb_mean": 10140.550180288461,
    "ram_used_mb_max": 10157.796875,
    "gpu_memory_mb_mean": 3366.480769230769,
    "gpu_memory_mb_max": 3370.3125,
    "gpu_utilization_mean": 94.15384615384616,
    "gpu_utilization_max": 98.0,
    "learning_rate": 9.054634122155992e-05
  }
}