{
  "epoch": 28,
  "train": {
    "epoch": 28,
    "phase": "train",
    "timestamp_start": 1775613147.223083,
    "timestamp_end": 1775613441.3490303,
    "duration_sec": 294.12594723701477,
    "loss_mean": 0.009591153260572251,
    "loss_std": 0.00033426939326512266,
    "loss_min": 0.008646752685308456,
    "loss_max": 0.010633493773639202,
    "accuracy_mean": 0.9971059121729888,
    "iou_mean": 0.9765318636294011,
    "dice_mean": 0.9880953386669115,
    "precision_mean": 0.5,
    "recall_mean": 0.5,
    "f1_mean": 0.4999999403953552,
    "avg_batch_time_ms": 604.761337622618,
    "avg_forward_time_ms": 176.39127255597592,
    "avg_backward_time_ms": 240.4708612215269,
    "avg_data_load_time_ms": 65.95505645502975,
    "throughput_samples_per_sec": 46.694282259064906,
    "cpu_percent_mean": 33.035664335664336,
    "cpu_percent_max": 100.0,
    "ram_used_mb_mean": 20984.95173186189,
    "ram_used_mb_max": 21283.35546875,
    "gpu_memory_mb_mean": 471.40234375,
    "gpu_memory_mb_max": 471.40234375,
    "gpu_utilization_mean": 0.0,
    "gpu_utilization_max": 0.0,
    "learning_rate": 3.4227024433898994e-06
  },
  "val": {
    "epoch": 28,
    "phase": "val",
    "timestamp_start": 1775613441.3522885,
    "timestamp_end": 1775613483.3000293,
    "duration_sec": 41.94774079322815,
    "loss_mean": 0.013830780193371616,
    "loss_std": 0.0009185800094008272,
    "loss_min": 0.012061484158039093,
    "loss_max": 0.017308810725808144,
    "accuracy_mean": 0.9960972686176714,
    "iou_mean": 0.9660627096891403,
    "dice_mean": 0.9826586920282115,
    "precision_mean": 0.5,
    "recall_mean": 0.5,
    "f1_mean": 0.4999999403953552,
    "avg_batch_time_ms": 358.60314317371535,
    "avg_forward_time_ms": 172.32084533442622,
    "avg_backward_time_ms": 0.0,
    "avg_data_load_time_ms": 78.51689017337301,
    "throughput_samples_per_sec": 70.15872474531702,
    "cpu_percent_mean": 58.37826086956522,
    "cpu_percent_max": 89.9,
    "ram_used_mb_mean": 21318.531759510868,
    "ram_used_mb_max": 21396.34375,
    "gpu_memory_mb_mean": 471.32625679347825,
    "gpu_memory_mb_max": 471.40234375,
    "gpu_utilization_mean": 0.0,
    "gpu_utilization_max": 0.0,
    "learning_rate": 3.4227024433898994e-06
  }
}