{
  "epoch": 18,
  "train": {
    "epoch": 18,
    "phase": "train",
    "timestamp_start": 1773283192.5505261,
    "timestamp_end": 1773283227.9505408,
    "duration_sec": 35.40001463890076,
    "loss_mean": 0.310377765695254,
    "loss_std": 0.01195678384285804,
    "loss_min": 0.2953665554523468,
    "loss_max": 0.38751524686813354,
    "accuracy_mean": 0.9890096505482991,
    "iou_mean": 0.9084950387477875,
    "dice_mean": 0.950568554798762,
    "precision_mean": 0.9600448648134867,
    "recall_mean": 0.9888254125912984,
    "f1_mean": 0.9742135932048162,
    "avg_batch_time_ms": 571.6315865516663,
    "avg_forward_time_ms": 161.72048250834146,
    "avg_backward_time_ms": 389.0372594197591,
    "avg_data_load_time_ms": 13.127418359120687,
    "throughput_samples_per_sec": 6.836155365146894,
    "cpu_percent_mean": 21.356666666666666,
    "cpu_percent_max": 49.7,
    "ram_used_mb_mean": 10256.887630208334,
    "ram_used_mb_max": 10377.25,
    "gpu_memory_mb_mean": 3309.6208333333334,
    "gpu_memory_mb_max": 3358.5,
    "gpu_utilization_mean": 96.28333333333333,
    "gpu_utilization_max": 98.0,
    "learning_rate": 6.395177052675796e-06
  },
  "val": {
    "epoch": 18,
    "phase": "val",
    "timestamp_start": 1773283227.9512835,
    "timestamp_end": 1773283230.3759649,
    "duration_sec": 2.4246814250946045,
    "loss_mean": 0.31870215901961696,
    "loss_std": 0.0063268461939541155,
    "loss_min": 0.30406633019447327,
    "loss_max": 0.32803675532341003,
    "accuracy_mean": 0.9862135373629056,
    "iou_mean": 0.8740929411007807,
    "dice_mean": 0.9310368666282067,
    "precision_mean": 0.9534516884730413,
    "recall_mean": 0.9837204401309674,
    "f1_mean": 0.9683451514977676,
    "avg_batch_time_ms": 169.24608670748196,
    "avg_forward_time_ms": 160.36110657912033,
    "avg_backward_time_ms": 0.0,
    "avg_data_load_time_ms": 11.96914452772874,
    "throughput_samples_per_sec": 21.03369105407739,
    "cpu_percent_mean": 24.115384615384617,
    "cpu_percent_max": 27.4,
    "ram_used_mb_mean": 10297.450120192309,
    "ram_used_mb_max": 10303.87890625,
    "gpu_memory_mb_mean": 3313.158653846154,
    "gpu_memory_mb_max": 3317.1875,
    "gpu_utilization_mean": 93.46153846153847,
    "gpu_utilization_max": 98.0,
    "learning_rate": 6.395177052675796e-06
  }
}