{
  "epoch": 7,
  "train": {
    "epoch": 7,
    "phase": "train",
    "timestamp_start": 1773282754.7865791,
    "timestamp_end": 1773282791.6396534,
    "duration_sec": 36.85307431221008,
    "loss_mean": 0.4563599208990733,
    "loss_std": 0.011738960124526923,
    "loss_min": 0.43344295024871826,
    "loss_max": 0.5028833746910095,
    "accuracy_mean": 0.9832240422566731,
    "iou_mean": 0.8608660658200582,
    "dice_mean": 0.9225725491841634,
    "precision_mean": 0.9372069358825683,
    "recall_mean": 0.9871751050154368,
    "f1_mean": 0.9615048110485077,
    "avg_batch_time_ms": 596.6889977455139,
    "avg_forward_time_ms": 168.42439969380698,
    "avg_backward_time_ms": 407.43478933970135,
    "avg_data_load_time_ms": 12.020631631215414,
    "throughput_samples_per_sec": 6.566616341145278,
    "cpu_percent_mean": 22.466666666666665,
    "cpu_percent_max": 60.8,
    "ram_used_mb_mean": 10229.971875,
    "ram_used_mb_max": 10317.73828125,
    "gpu_memory_mb_mean": 3382.555208333333,
    "gpu_memory_mb_max": 3429.1875,
    "gpu_utilization_mean": 96.06666666666666,
    "gpu_utilization_max": 98.0,
    "learning_rate": 7.959536998847744e-05
  },
  "val": {
    "epoch": 7,
    "phase": "val",
    "timestamp_start": 1773282791.6404345,
    "timestamp_end": 1773282794.1436975,
    "duration_sec": 2.503262996673584,
    "loss_mean": 0.44652414551148045,
    "loss_std": 0.0060475457089577845,
    "loss_min": 0.4309620261192322,
    "loss_max": 0.4526483416557312,
    "accuracy_mean": 0.9820570120444665,
    "iou_mean": 0.8516820485775287,
    "dice_mean": 0.9177504181861877,
    "precision_mean": 0.9322991279455332,
    "recall_mean": 0.9866912915156438,
    "f1_mean": 0.9587143567892221,
    "avg_batch_time_ms": 175.03287242009088,
    "avg_forward_time_ms": 165.96467678363507,
    "avg_backward_time_ms": 0.0,
    "avg_data_load_time_ms": 12.134680381188026,
    "throughput_samples_per_sec": 20.3734086541328,
    "cpu_percent_mean": 24.56153846153846,
    "cpu_percent_max": 27.8,
    "ram_used_mb_mean": 10198.811298076924,
    "ram_used_mb_max": 10207.609375,
    "gpu_memory_mb_mean": 3371.3990384615386,
    "gpu_memory_mb_max": 3372.3125,
    "gpu_utilization_mean": 94.15384615384616,
    "gpu_utilization_max": 98.0,
    "learning_rate": 7.959536998847744e-05
  }
}