{
  "epoch": 12,
  "train": {
    "epoch": 12,
    "phase": "train",
    "timestamp_start": 1775607811.5029757,
    "timestamp_end": 1775608100.2741418,
    "duration_sec": 288.7711660861969,
    "loss_mean": 0.02159556114312374,
    "loss_std": 0.0015107223155354783,
    "loss_min": 0.01893715374171734,
    "loss_max": 0.039037447422742844,
    "accuracy_mean": 0.9943357700512404,
    "iou_mean": 0.9505260318587154,
    "dice_mean": 0.9744630082226022,
    "precision_mean": 0.5,
    "recall_mean": 0.5,
    "f1_mean": 0.4999999403953552,
    "avg_batch_time_ms": 598.1964692647085,
    "avg_forward_time_ms": 175.82328725250173,
    "avg_backward_time_ms": 238.59344829212534,
    "avg_data_load_time_ms": 60.80877086221477,
    "throughput_samples_per_sec": 47.56015008749337,
    "cpu_percent_mean": 33.374825174825176,
    "cpu_percent_max": 100.0,
    "ram_used_mb_mean": 10335.718904793124,
    "ram_used_mb_max": 10618.64453125,
    "gpu_memory_mb_mean": 471.40234375,
    "gpu_memory_mb_max": 471.40234375,
    "gpu_utilization_mean": 0.0,
    "gpu_utilization_max": 0.0,
    "learning_rate": 7.06334638322521e-05
  },
  "val": {
    "epoch": 12,
    "phase": "val",
    "timestamp_start": 1775608100.284117,
    "timestamp_end": 1775608140.859012,
    "duration_sec": 40.57489490509033,
    "loss_mean": 0.024868607602041702,
    "loss_std": 0.002569868121580687,
    "loss_min": 0.02194983698427677,
    "loss_max": 0.03803768754005432,
    "accuracy_mean": 0.9931451581094576,
    "iou_mean": 0.9424651543731275,
    "dice_mean": 0.970158677386201,
    "precision_mean": 0.5,
    "recall_mean": 0.5,
    "f1_mean": 0.4999999403953552,
    "avg_batch_time_ms": 355.76327987339187,
    "avg_forward_time_ms": 172.3461099292921,
    "avg_backward_time_ms": 0.0,
    "avg_data_load_time_ms": 69.99845090119734,
    "throughput_samples_per_sec": 72.53253537400501,
    "cpu_percent_mean": 58.77499999999999,
    "cpu_percent_max": 89.9,
    "ram_used_mb_mean": 10671.767578125,
    "ram_used_mb_max": 10735.63671875,
    "gpu_memory_mb_mean": 471.32625679347825,
    "gpu_memory_mb_max": 471.40234375,
    "gpu_utilization_mean": 0.0,
    "gpu_utilization_max": 0.0,
    "learning_rate": 7.06334638322521e-05
  }
}