{
  "epoch": 2,
  "train": {
    "epoch": 2,
    "phase": "train",
    "timestamp_start": 1775604482.7896407,
    "timestamp_end": 1775604785.6646707,
    "duration_sec": 302.87503004074097,
    "loss_mean": 0.3264814806984855,
    "loss_std": 0.05521833390629897,
    "loss_min": 0.23166728019714355,
    "loss_max": 0.4418603777885437,
    "accuracy_mean": 0.9852156286195164,
    "iou_mean": 0.866494019270499,
    "dice_mean": 0.9265456270504665,
    "precision_mean": 0.5,
    "recall_mean": 0.5,
    "f1_mean": 0.4999999403953552,
    "avg_batch_time_ms": 596.7728602580535,
    "avg_forward_time_ms": 176.82297190864048,
    "avg_backward_time_ms": 236.47675925479348,
    "avg_data_load_time_ms": 95.58241295092034,
    "throughput_samples_per_sec": 45.34543504016354,
    "cpu_percent_mean": 35.12960372960373,
    "cpu_percent_max": 100.0,
    "ram_used_mb_mean": 3505.1280412296037,
    "ram_used_mb_max": 3795.109375,
    "gpu_memory_mb_mean": 471.40234375,
    "gpu_memory_mb_max": 471.40234375,
    "gpu_utilization_mean": 0.0,
    "gpu_utilization_max": 0.0,
    "learning_rate": 9.972883382072954e-05
  },
  "val": {
    "epoch": 2,
    "phase": "val",
    "timestamp_start": 1775604785.6681044,
    "timestamp_end": 1775604829.3305354,
    "duration_sec": 43.66243100166321,
    "loss_mean": 0.240044428764478,
    "loss_std": 0.006316790221246737,
    "loss_min": 0.23102690279483795,
    "loss_max": 0.262024462223053,
    "accuracy_mean": 0.9871521682842918,
    "iou_mean": 0.8825004340513892,
    "dice_mean": 0.9361344264901202,
    "precision_mean": 0.5,
    "recall_mean": 0.5,
    "f1_mean": 0.4999999403953552,
    "avg_batch_time_ms": 354.9975545510002,
    "avg_forward_time_ms": 171.85247981030008,
    "avg_backward_time_ms": 0.0,
    "avg_data_load_time_ms": 106.02788303209388,
    "throughput_samples_per_sec": 67.40348470033412,
    "cpu_percent_mean": 59.0663043478261,
    "cpu_percent_max": 79.6,
    "ram_used_mb_mean": 3792.9769870923915,
    "ram_used_mb_max": 3891.47265625,
    "gpu_memory_mb_mean": 471.32625679347825,
    "gpu_memory_mb_max": 471.40234375,
    "gpu_utilization_mean": 0.0,
    "gpu_utilization_max": 0.0,
    "learning_rate": 9.972883382072954e-05
  }
}