{
  "epoch": 13,
  "train": {
    "epoch": 13,
    "phase": "train",
    "timestamp_start": 1773282997.1551695,
    "timestamp_end": 1773283033.7844076,
    "duration_sec": 36.62923812866211,
    "loss_mean": 0.34097895373900733,
    "loss_std": 0.011228592114720683,
    "loss_min": 0.32660120725631714,
    "loss_max": 0.4153650104999542,
    "accuracy_mean": 0.9871042887369792,
    "iou_mean": 0.8926259775956472,
    "dice_mean": 0.9414446890354157,
    "precision_mean": 0.9525485883156458,
    "recall_mean": 0.9880487312873204,
    "f1_mean": 0.969961463411649,
    "avg_batch_time_ms": 592.6790714263916,
    "avg_forward_time_ms": 167.14236736297607,
    "avg_backward_time_ms": 404.5814434687297,
    "avg_data_load_time_ms": 12.403766314188639,
    "throughput_samples_per_sec": 6.606744020991165,
    "cpu_percent_mean": 21.809999999999995,
    "cpu_percent_max": 51.5,
    "ram_used_mb_mean": 10196.84609375,
    "ram_used_mb_max": 10291.578125,
    "gpu_memory_mb_mean": 3313.2947916666667,
    "gpu_memory_mb_max": 3339.875,
    "gpu_utilization_mean": 96.75,
    "gpu_utilization_max": 99.0,
    "learning_rate": 3.520365877844011e-05
  },
  "val": {
    "epoch": 13,
    "phase": "val",
    "timestamp_start": 1773283033.7851686,
    "timestamp_end": 1773283036.1171987,
    "duration_sec": 2.3320300579071045,
    "loss_mean": 0.34138050216894883,
    "loss_std": 0.006019359738679541,
    "loss_min": 0.327129602432251,
    "loss_max": 0.34965062141418457,
    "accuracy_mean": 0.9859956594613882,
    "iou_mean": 0.8723837779118464,
    "dice_mean": 0.9300222580249493,
    "precision_mean": 0.952055037021637,
    "recall_mean": 0.9843137860298157,
    "f1_mean": 0.9679099504764264,
    "avg_batch_time_ms": 162.9177973820613,
    "avg_forward_time_ms": 153.97339600783127,
    "avg_backward_time_ms": 0.0,
    "avg_data_load_time_ms": 11.415701646071215,
    "throughput_samples_per_sec": 21.86935791289512,
    "cpu_percent_mean": 24.546153846153842,
    "cpu_percent_max": 28.5,
    "ram_used_mb_mean": 10164.653846153846,
    "ram_used_mb_max": 10178.02734375,
    "gpu_memory_mb_mean": 3317.389423076923,
    "gpu_memory_mb_max": 3319.9375,
    "gpu_utilization_mean": 93.3076923076923,
    "gpu_utilization_max": 98.0,
    "learning_rate": 3.520365877844011e-05
  }
}