{
  "epoch": 4,
  "train": {
    "epoch": 4,
    "phase": "train",
    "timestamp_start": 1775605160.400763,
    "timestamp_end": 1775605451.5306795,
    "duration_sec": 291.12991642951965,
    "loss_mean": 0.10060489453844257,
    "loss_std": 0.015291595356977676,
    "loss_min": 0.07092136889696121,
    "loss_max": 0.15221703052520752,
    "accuracy_mean": 0.989568171801267,
    "iou_mean": 0.9029561679957908,
    "dice_mean": 0.9479614442045038,
    "precision_mean": 0.5,
    "recall_mean": 0.5,
    "f1_mean": 0.4999999403953552,
    "avg_batch_time_ms": 593.4435437609266,
    "avg_forward_time_ms": 176.0225357153477,
    "avg_backward_time_ms": 237.36985580070868,
    "avg_data_load_time_ms": 71.41084882207127,
    "throughput_samples_per_sec": 47.17481517680062,
    "cpu_percent_mean": 33.48414918414919,
    "cpu_percent_max": 100.0,
    "ram_used_mb_mean": 4990.354740311772,
    "ram_used_mb_max": 5353.234375,
    "gpu_memory_mb_mean": 471.40234375,
    "gpu_memory_mb_max": 471.40234375,
    "gpu_utilization_mean": 0.0,
    "gpu_utilization_max": 0.0,
    "learning_rate": 9.757729755661011e-05
  },
  "val": {
    "epoch": 4,
    "phase": "val",
    "timestamp_start": 1775605451.5404716,
    "timestamp_end": 1775605492.2407439,
    "duration_sec": 40.70027232170105,
    "loss_mean": 0.08003982577634894,
    "loss_std": 0.008699211984955239,
    "loss_min": 0.07079842686653137,
    "loss_max": 0.11101789772510529,
    "accuracy_mean": 0.9895450012839359,
    "iou_mean": 0.9053403463052667,
    "dice_mean": 0.9493445948414181,
    "precision_mean": 0.5,
    "recall_mean": 0.5,
    "f1_mean": 0.4999999403953552,
    "avg_batch_time_ms": 349.2711005003556,
    "avg_forward_time_ms": 171.96922716887102,
    "avg_backward_time_ms": 0.0,
    "avg_data_load_time_ms": 78.82925997609678,
    "throughput_samples_per_sec": 72.3090984929557,
    "cpu_percent_mean": 56.641304347826086,
    "cpu_percent_max": 74.7,
    "ram_used_mb_mean": 5323.512822690217,
    "ram_used_mb_max": 5406.6171875,
    "gpu_memory_mb_mean": 471.32625679347825,
    "gpu_memory_mb_max": 471.40234375,
    "gpu_utilization_mean": 0.0,
    "gpu_utilization_max": 0.0,
    "learning_rate": 9.757729755661011e-05
  }
}