{
  "epoch": 3,
  "train": {
    "epoch": 3,
    "phase": "train",
    "timestamp_start": 1778189286.0169647,
    "timestamp_end": 1778189597.614851,
    "duration_sec": 311.59788632392883,
    "loss_mean": 0.17626164078990342,
    "loss_std": 0.03268670916427641,
    "loss_min": 0.12275133281946182,
    "loss_max": 0.2516646981239319,
    "accuracy_mean": 0.987822516814812,
    "iou_mean": 0.8889694436168893,
    "dice_mean": 0.9399331920630448,
    "precision_mean": 0.5,
    "recall_mean": 0.5,
    "f1_mean": 0.4999999403953552,
    "avg_batch_time_ms": 602.229383997706,
    "avg_forward_time_ms": 180.02456496089766,
    "avg_backward_time_ms": 243.21260763492896,
    "avg_data_load_time_ms": 110.34633007360783,
    "throughput_samples_per_sec": 44.07603710675528,
    "cpu_percent_mean": 33.2039627039627,
    "cpu_percent_max": 100.0,
    "ram_used_mb_mean": 4252.532697770979,
    "ram_used_mb_max": 4563.26171875,
    "gpu_memory_mb_mean": 471.33727486706005,
    "gpu_memory_mb_max": 471.90966796875,
    "gpu_utilization_mean": 0.0,
    "gpu_utilization_max": 0.0,
    "learning_rate": 9.891830623632339e-05
  },
  "val": {
    "epoch": 3,
    "phase": "val",
    "timestamp_start": 1778189597.6176205,
    "timestamp_end": 1778189641.99247,
    "duration_sec": 44.37484955787659,
    "loss_mean": 0.1294808438776628,
    "loss_std": 0.007324951038281617,
    "loss_min": 0.12000848352909088,
    "loss_max": 0.15357482433319092,
    "accuracy_mean": 0.9883029072181039,
    "iou_mean": 0.894406655560369,
    "dice_mean": 0.9430910258189492,
    "precision_mean": 0.5,
    "recall_mean": 0.5,
    "f1_mean": 0.4999999403953552,
    "avg_batch_time_ms": 361.43338421116704,
    "avg_forward_time_ms": 175.79754539158034,
    "avg_backward_time_ms": 0.0,
    "avg_data_load_time_ms": 107.06575279650481,
    "throughput_samples_per_sec": 66.32135160619636,
    "cpu_percent_mean": 59.16630434782608,
    "cpu_percent_max": 100.0,
    "ram_used_mb_mean": 4454.029509171196,
    "ram_used_mb_max": 4543.6875,
    "gpu_memory_mb_mean": 471.83358101222825,
    "gpu_memory_mb_max": 471.90966796875,
    "gpu_utilization_mean": 0.0,
    "gpu_utilization_max": 0.0,
    "learning_rate": 9.891830623632339e-05
  }
}