{
  "epoch": 24,
  "train": {
    "epoch": 24,
    "phase": "train",
    "timestamp_start": 1775611804.741093,
    "timestamp_end": 1775612098.73753,
    "duration_sec": 293.9964370727539,
    "loss_mean": 0.010446288466609858,
    "loss_std": 0.00035926614940418007,
    "loss_min": 0.009479507803916931,
    "loss_max": 0.011719634756445885,
    "accuracy_mean": 0.996885267726747,
    "iou_mean": 0.9743662885018995,
    "dice_mean": 0.9869780907264123,
    "precision_mean": 0.5,
    "recall_mean": 0.5,
    "f1_mean": 0.4999999403953552,
    "avg_batch_time_ms": 596.7161977763499,
    "avg_forward_time_ms": 176.5034265451498,
    "avg_backward_time_ms": 240.22689065733155,
    "avg_data_load_time_ms": 73.87420347520522,
    "throughput_samples_per_sec": 46.71485184223955,
    "cpu_percent_mean": 32.563869463869466,
    "cpu_percent_max": 100.0,
    "ram_used_mb_mean": 18437.77172567016,
    "ram_used_mb_max": 18737.3359375,
    "gpu_memory_mb_mean": 471.40234375,
    "gpu_memory_mb_max": 471.40234375,
    "gpu_utilization_mean": 0.0,
    "gpu_utilization_max": 0.0,
    "learning_rate": 1.3714331138868993e-05
  },
  "val": {
    "epoch": 24,
    "phase": "val",
    "timestamp_start": 1775612098.7407546,
    "timestamp_end": 1775612140.7032297,
    "duration_sec": 41.962475061416626,
    "loss_mean": 0.014298410165002164,
    "loss_std": 0.0009063564512848352,
    "loss_min": 0.012566650286316872,
    "loss_max": 0.017688576132059097,
    "accuracy_mean": 0.995957752932673,
    "iou_mean": 0.9647482516972915,
    "dice_mean": 0.9819716273442559,
    "precision_mean": 0.5,
    "recall_mean": 0.5,
    "f1_mean": 0.4999999403953552,
    "avg_batch_time_ms": 356.7750946335171,
    "avg_forward_time_ms": 172.07090750984523,
    "avg_backward_time_ms": 0.0,
    "avg_data_load_time_ms": 81.41208213308583,
    "throughput_samples_per_sec": 70.13408993851294,
    "cpu_percent_mean": 59.33152173913044,
    "cpu_percent_max": 93.4,
    "ram_used_mb_mean": 18666.928158967392,
    "ram_used_mb_max": 18745.14453125,
    "gpu_memory_mb_mean": 471.32625679347825,
    "gpu_memory_mb_max": 471.40234375,
    "gpu_utilization_mean": 0.0,
    "gpu_utilization_max": 0.0,
    "learning_rate": 1.3714331138868993e-05
  }
}