{
  "epoch": 17,
  "train": {
    "epoch": 17,
    "phase": "train",
    "timestamp_start": 1775609469.6223245,
    "timestamp_end": 1775609759.7606564,
    "duration_sec": 290.1383318901062,
    "loss_mean": 0.014610281670010173,
    "loss_std": 0.00047375630668309784,
    "loss_min": 0.013491837307810783,
    "loss_max": 0.016204705461859703,
    "accuracy_mean": 0.9958524476120244,
    "iou_mean": 0.9645322359803118,
    "dice_mean": 0.9818639912249603,
    "precision_mean": 0.5,
    "recall_mean": 0.5,
    "f1_mean": 0.4999999403953552,
    "avg_batch_time_ms": 596.6035647270007,
    "avg_forward_time_ms": 175.5735418457529,
    "avg_backward_time_ms": 239.16503321596514,
    "avg_data_load_time_ms": 65.32681683004597,
    "throughput_samples_per_sec": 47.33604108953772,
    "cpu_percent_mean": 32.80582750582751,
    "cpu_percent_max": 68.4,
    "ram_used_mb_mean": 13651.082905375873,
    "ram_used_mb_max": 13958.015625,
    "gpu_memory_mb_mean": 471.40234375,
    "gpu_memory_mb_max": 471.40234375,
    "gpu_utilization_mean": 0.0,
    "gpu_utilization_max": 0.0,
    "learning_rate": 4.532584106825115e-05
  },
  "val": {
    "epoch": 17,
    "phase": "val",
    "timestamp_start": 1775609759.770877,
    "timestamp_end": 1775609801.2770023,
    "duration_sec": 41.50612545013428,
    "loss_mean": 0.017372401289479887,
    "loss_std": 0.0008892850976926845,
    "loss_min": 0.015867028385400772,
    "loss_max": 0.02068670094013214,
    "accuracy_mean": 0.9951549016911051,
    "iou_mean": 0.957191522354665,
    "dice_mean": 0.9779960474242335,
    "precision_mean": 0.5,
    "recall_mean": 0.5,
    "f1_mean": 0.4999999403953552,
    "avg_batch_time_ms": 352.80990082284677,
    "avg_forward_time_ms": 173.17843178044194,
    "avg_backward_time_ms": 0.0,
    "avg_data_load_time_ms": 81.78512168967205,
    "throughput_samples_per_sec": 70.90519695787405,
    "cpu_percent_mean": 59.077173913043474,
    "cpu_percent_max": 85.6,
    "ram_used_mb_mean": 13991.846382472826,
    "ram_used_mb_max": 14147.8359375,
    "gpu_memory_mb_mean": 471.32625679347825,
    "gpu_memory_mb_max": 471.40234375,
    "gpu_utilization_mean": 0.0,
    "gpu_utilization_max": 0.0,
    "learning_rate": 4.532584106825115e-05
  }
}