{
  "epoch": 2,
  "train": {
    "epoch": 2,
    "phase": "train",
    "timestamp_start": 1774106653.4977822,
    "timestamp_end": 1774106893.6178768,
    "duration_sec": 240.12009453773499,
    "loss_mean": 0.37682865577585556,
    "loss_std": 0.0489712198302686,
    "loss_min": 0.29279670119285583,
    "loss_max": 0.47195419669151306,
    "accuracy_mean": 0.9831555895945605,
    "iou_mean": 0.8614211967762779,
    "dice_mean": 0.9235184967517853,
    "precision_mean": 0.5,
    "recall_mean": 0.5,
    "f1_mean": 0.4999999403953552,
    "avg_batch_time_ms": 595.3785854227402,
    "avg_forward_time_ms": 176.47980521706972,
    "avg_backward_time_ms": 234.72763089572683,
    "avg_data_load_time_ms": 97.2245735280654,
    "throughput_samples_per_sec": 45.38978722702117,
    "cpu_percent_mean": 34.315,
    "cpu_percent_max": 54.2,
    "ram_used_mb_mean": 3308.257778033088,
    "ram_used_mb_max": 3537.0234375,
    "gpu_memory_mb_mean": 471.40234375,
    "gpu_memory_mb_max": 471.40234375,
    "gpu_utilization_mean": 0.0,
    "gpu_utilization_max": 0.0,
    "learning_rate": 9.972883382072954e-05
  },
  "val": {
    "epoch": 2,
    "phase": "val",
    "timestamp_start": 1774106893.6256907,
    "timestamp_end": 1774106928.4037201,
    "duration_sec": 34.778029441833496,
    "loss_mean": 0.3008018589183076,
    "loss_std": 0.0070637270029138876,
    "loss_min": 0.2938041388988495,
    "loss_max": 0.32291179895401,
    "accuracy_mean": 0.9846623221488848,
    "iou_mean": 0.8723327427694242,
    "dice_mean": 0.93007385975694,
    "precision_mean": 0.5,
    "recall_mean": 0.5,
    "f1_mean": 0.4999999403953552,
    "avg_batch_time_ms": 354.5146315065149,
    "avg_forward_time_ms": 171.38757771008636,
    "avg_backward_time_ms": 0.0,
    "avg_data_load_time_ms": 108.15460061373776,
    "throughput_samples_per_sec": 67.14008923091241,
    "cpu_percent_mean": 58.93424657534246,
    "cpu_percent_max": 82.0,
    "ram_used_mb_mean": 3533.2776113013697,
    "ram_used_mb_max": 3621.65234375,
    "gpu_memory_mb_mean": 471.30645333904107,
    "gpu_memory_mb_max": 471.40234375,
    "gpu_utilization_mean": 0.0,
    "gpu_utilization_max": 0.0,
    "learning_rate": 9.972883382072954e-05
  }
}