{
  "epoch": 3,
  "train": {
    "epoch": 3,
    "phase": "train",
    "timestamp_start": 1773362979.5722709,
    "timestamp_end": 1773363334.0314124,
    "duration_sec": 354.4591414928436,
    "loss_mean": 0.10593037456274032,
    "loss_std": 0.029647651267906375,
    "loss_min": 0.0655912309885025,
    "loss_max": 0.28415215015411377,
    "accuracy_mean": 0.986558628870436,
    "iou_mean": 0.8887320934248365,
    "dice_mean": 0.9393297602322476,
    "precision_mean": 0.9619079347484368,
    "recall_mean": 0.9764810545385376,
    "f1_mean": 0.9687834844116338,
    "avg_batch_time_ms": 556.2123822771813,
    "avg_forward_time_ms": 155.421510018593,
    "avg_backward_time_ms": 381.96761115523407,
    "avg_data_load_time_ms": 24.597672785609223,
    "throughput_samples_per_sec": 6.832945511856404,
    "cpu_percent_mean": 29.373057851239665,
    "cpu_percent_max": 45.7,
    "ram_used_mb_mean": 11533.855313791322,
    "ram_used_mb_max": 11634.5,
    "gpu_memory_mb_mean": 3251.211363636364,
    "gpu_memory_mb_max": 3266.125,
    "gpu_utilization_mean": 94.42148760330579,
    "gpu_utilization_max": 97.0,
    "learning_rate": 9.757729755661012e-05
  },
  "val": {
    "epoch": 3,
    "phase": "val",
    "timestamp_start": 1773363334.0328276,
    "timestamp_end": 1773363358.9111254,
    "duration_sec": 24.878297805786133,
    "loss_mean": 0.0813789641054777,
    "loss_std": 0.033937997424149206,
    "loss_min": 0.06481867283582687,
    "loss_max": 0.3095535635948181,
    "accuracy_mean": 0.9863567645733173,
    "iou_mean": 0.8930017783091618,
    "dice_mean": 0.9414068322915298,
    "precision_mean": 0.9588140175892756,
    "recall_mean": 0.9776255286656893,
    "f1_mean": 0.9676207904632275,
    "avg_batch_time_ms": 161.1150044661302,
    "avg_forward_time_ms": 153.0340836598323,
    "avg_backward_time_ms": 0.0,
    "avg_data_load_time_ms": 25.293663831857536,
    "throughput_samples_per_sec": 20.861555885036967,
    "cpu_percent_mean": 34.69923076923077,
    "cpu_percent_max": 69.1,
    "ram_used_mb_mean": 11560.859795673077,
    "ram_used_mb_max": 11695.5546875,
    "gpu_memory_mb_mean": 3247.846153846154,
    "gpu_memory_mb_max": 3248.25,
    "gpu_utilization_mean": 83.6076923076923,
    "gpu_utilization_max": 93.0,
    "learning_rate": 9.757729755661012e-05
  }
}