{
  "epoch": 6,
  "train": {
    "epoch": 6,
    "phase": "train",
    "timestamp_start": 1773737926.753476,
    "timestamp_end": 1773739474.2451415,
    "duration_sec": 1547.4916656017303,
    "loss_mean": 0.03189555999498798,
    "loss_std": 0.018840430443828042,
    "loss_min": 0.019442100077867508,
    "loss_max": 0.30262333154678345,
    "accuracy_mean": 0.9905302930683466,
    "iou_mean": 0.9229737483894948,
    "dice_mean": 0.9590576505958597,
    "precision_mean": 0.9775149656156086,
    "recall_mean": 0.9792555991817326,
    "f1_mean": 0.9782725155309784,
    "avg_batch_time_ms": 539.9706273527047,
    "avg_forward_time_ms": 151.65909411448564,
    "avg_backward_time_ms": 369.99212085062885,
    "avg_data_load_time_ms": 23.449273886659597,
    "throughput_samples_per_sec": 7.043010468015676,
    "cpu_percent_mean": 14.53895007342144,
    "cpu_percent_max": 15.9,
    "ram_used_mb_mean": 3519.5322136563877,
    "ram_used_mb_max": 3603.12890625,
    "gpu_memory_mb_mean": 3041.618346182085,
    "gpu_memory_mb_max": 3042.0,
    "gpu_utilization_mean": 94.6461086637298,
    "gpu_utilization_max": 97.0,
    "learning_rate": 9.757729755661011e-05
  },
  "val": {
    "epoch": 6,
    "phase": "val",
    "timestamp_start": 1773739474.2485092,
    "timestamp_end": 1773739582.8893743,
    "duration_sec": 108.64086508750916,
    "loss_mean": 0.031026297720940146,
    "loss_std": 0.013534333440842353,
    "loss_min": 0.02055622637271881,
    "loss_max": 0.16188010573387146,
    "accuracy_mean": 0.9907164731866693,
    "iou_mean": 0.9234563899162698,
    "dice_mean": 0.9590958025153369,
    "precision_mean": 0.9798928947277266,
    "recall_mean": 0.9781680302056548,
    "f1_mean": 0.9789025188512999,
    "avg_batch_time_ms": 157.60051836706188,
    "avg_forward_time_ms": 149.918746458341,
    "avg_backward_time_ms": 0.0,
    "avg_data_load_time_ms": 23.622550784725032,
    "throughput_samples_per_sec": 21.492833273365232,
    "cpu_percent_mean": 17.344006849315072,
    "cpu_percent_max": 20.1,
    "ram_used_mb_mean": 3549.523838827055,
    "ram_used_mb_max": 3640.15234375,
    "gpu_memory_mb_mean": 3041.4606164383563,
    "gpu_memory_mb_max": 3041.625,
    "gpu_utilization_mean": 84.09931506849315,
    "gpu_utilization_max": 94.0,
    "learning_rate": 9.757729755661011e-05
  }
}