{
  "epoch": 17,
  "train": {
    "epoch": 17,
    "phase": "train",
    "timestamp_start": 1774110598.0578396,
    "timestamp_end": 1774110826.5442283,
    "duration_sec": 228.4863886833191,
    "loss_mean": 0.016416326039196814,
    "loss_std": 0.00045932998641870894,
    "loss_min": 0.014962805435061455,
    "loss_max": 0.0178690105676651,
    "accuracy_mean": 0.9954497649389155,
    "iou_mean": 0.9642242582405315,
    "dice_mean": 0.9817045948084663,
    "precision_mean": 0.5,
    "recall_mean": 0.5,
    "f1_mean": 0.4999999403953552,
    "avg_batch_time_ms": 602.0143389701843,
    "avg_forward_time_ms": 175.88131357641782,
    "avg_backward_time_ms": 235.5450567077188,
    "avg_data_load_time_ms": 55.70804161183975,
    "throughput_samples_per_sec": 47.70087208610906,
    "cpu_percent_mean": 33.08676470588235,
    "cpu_percent_max": 100.0,
    "ram_used_mb_mean": 11433.562844669117,
    "ram_used_mb_max": 11691.05078125,
    "gpu_memory_mb_mean": 471.40234375,
    "gpu_memory_mb_max": 471.40234375,
    "gpu_utilization_mean": 0.0,
    "gpu_utilization_max": 0.0,
    "learning_rate": 4.532584106825115e-05
  },
  "val": {
    "epoch": 17,
    "phase": "val",
    "timestamp_start": 1774110826.5544147,
    "timestamp_end": 1774110859.4420156,
    "duration_sec": 32.887600898742676,
    "loss_mean": 0.0195303215862137,
    "loss_std": 0.0011393314288445457,
    "loss_min": 0.01672789268195629,
    "loss_max": 0.022471971809864044,
    "accuracy_mean": 0.9945900244255589,
    "iou_mean": 0.9561183705721816,
    "dice_mean": 0.9774300578522356,
    "precision_mean": 0.5,
    "recall_mean": 0.5,
    "f1_mean": 0.4999999403953552,
    "avg_batch_time_ms": 353.3908243048681,
    "avg_forward_time_ms": 170.04822704890003,
    "avg_backward_time_ms": 0.0,
    "avg_data_load_time_ms": 80.83709951949446,
    "throughput_samples_per_sec": 70.99940209044769,
    "cpu_percent_mean": 57.66438356164384,
    "cpu_percent_max": 100.0,
    "ram_used_mb_mean": 11629.27113655822,
    "ram_used_mb_max": 11682.67578125,
    "gpu_memory_mb_mean": 471.30645333904107,
    "gpu_memory_mb_max": 471.40234375,
    "gpu_utilization_mean": 0.0,
    "gpu_utilization_max": 0.0,
    "learning_rate": 4.532584106825115e-05
  }
}