{
  "epoch": 7,
  "train": {
    "epoch": 7,
    "phase": "train",
    "timestamp_start": 1778190651.3979223,
    "timestamp_end": 1778190946.004859,
    "duration_sec": 294.6069366931915,
    "loss_mean": 0.042164386768927385,
    "loss_std": 0.008583048228008205,
    "loss_min": 0.03438347205519676,
    "loss_max": 0.0960039496421814,
    "accuracy_mean": 0.9916289889173352,
    "iou_mean": 0.9239478447498419,
    "dice_mean": 0.9597813357840052,
    "precision_mean": 0.5,
    "recall_mean": 0.5,
    "f1_mean": 0.4999999403953552,
    "avg_batch_time_ms": 606.1455870008135,
    "avg_forward_time_ms": 178.37976131127988,
    "avg_backward_time_ms": 243.90377198065912,
    "avg_data_load_time_ms": 66.59753228123094,
    "throughput_samples_per_sec": 46.61804692773684,
    "cpu_percent_mean": 33.012587412587415,
    "cpu_percent_max": 100.0,
    "ram_used_mb_mean": 7030.31160766317,
    "ram_used_mb_max": 7377.24609375,
    "gpu_memory_mb_mean": 471.33727486706005,
    "gpu_memory_mb_max": 471.90966796875,
    "gpu_utilization_mean": 0.0,
    "gpu_utilization_max": 0.0,
    "learning_rate": 9.05463412215599e-05
  },
  "val": {
    "epoch": 7,
    "phase": "val",
    "timestamp_start": 1778190946.0150151,
    "timestamp_end": 1778190987.7035794,
    "duration_sec": 41.68856430053711,
    "loss_mean": 0.041559412103632225,
    "loss_std": 0.007183390948719476,
    "loss_min": 0.034861572086811066,
    "loss_max": 0.06164195388555527,
    "accuracy_mean": 0.9910421546386636,
    "iou_mean": 0.9191417920848598,
    "dice_mean": 0.9570939508469208,
    "precision_mean": 0.5,
    "recall_mean": 0.5,
    "f1_mean": 0.4999999403953552,
    "avg_batch_time_ms": 356.90625335859215,
    "avg_forward_time_ms": 174.15919770365176,
    "avg_backward_time_ms": 0.0,
    "avg_data_load_time_ms": 81.59856692604397,
    "throughput_samples_per_sec": 70.59489932979253,
    "cpu_percent_mean": 56.29565217391304,
    "cpu_percent_max": 79.2,
    "ram_used_mb_mean": 7322.866975203804,
    "ram_used_mb_max": 7387.28515625,
    "gpu_memory_mb_mean": 471.83358101222825,
    "gpu_memory_mb_max": 471.90966796875,
    "gpu_utilization_mean": 0.0,
    "gpu_utilization_max": 0.0,
    "learning_rate": 9.05463412215599e-05
  }
}