{
  "epoch": 17,
  "train": {
    "epoch": 17,
    "phase": "train",
    "timestamp_start": 1778194033.999037,
    "timestamp_end": 1778194331.3429637,
    "duration_sec": 297.3439266681671,
    "loss_mean": 0.014617896113449182,
    "loss_std": 0.0004803540999399689,
    "loss_min": 0.013220129534602165,
    "loss_max": 0.01630384847521782,
    "accuracy_mean": 0.9958376581574375,
    "iou_mean": 0.9644801316561399,
    "dice_mean": 0.9818372520811353,
    "precision_mean": 0.5,
    "recall_mean": 0.5,
    "f1_mean": 0.4999999403953552,
    "avg_batch_time_ms": 610.034643075405,
    "avg_forward_time_ms": 179.0905454497793,
    "avg_backward_time_ms": 245.20033778566304,
    "avg_data_load_time_ms": 68.59283736257842,
    "throughput_samples_per_sec": 46.18893734906181,
    "cpu_percent_mean": 32.91305361305361,
    "cpu_percent_max": 66.7,
    "ram_used_mb_mean": 13655.394094187062,
    "ram_used_mb_max": 13952.22265625,
    "gpu_memory_mb_mean": 471.33727486706005,
    "gpu_memory_mb_max": 471.90966796875,
    "gpu_utilization_mean": 0.0,
    "gpu_utilization_max": 0.0,
    "learning_rate": 4.532584106825115e-05
  },
  "val": {
    "epoch": 17,
    "phase": "val",
    "timestamp_start": 1778194331.354084,
    "timestamp_end": 1778194374.2562203,
    "duration_sec": 42.90213632583618,
    "loss_mean": 0.017273933201542368,
    "loss_std": 0.001153217516598989,
    "loss_min": 0.015626948326826096,
    "loss_max": 0.023660659790039062,
    "accuracy_mean": 0.9951694944630498,
    "iou_mean": 0.9575376510620117,
    "dice_mean": 0.9781804143086724,
    "precision_mean": 0.5,
    "recall_mean": 0.5,
    "f1_mean": 0.4999999403953552,
    "avg_batch_time_ms": 364.25678885501367,
    "avg_forward_time_ms": 178.18421125411987,
    "avg_backward_time_ms": 0.0,
    "avg_data_load_time_ms": 85.26565458463585,
    "throughput_samples_per_sec": 68.59798257243638,
    "cpu_percent_mean": 56.83695652173913,
    "cpu_percent_max": 89.6,
    "ram_used_mb_mean": 13998.480681046196,
    "ram_used_mb_max": 14132.22265625,
    "gpu_memory_mb_mean": 471.83358101222825,
    "gpu_memory_mb_max": 471.90966796875,
    "gpu_utilization_mean": 0.0,
    "gpu_utilization_max": 0.0,
    "learning_rate": 4.532584106825115e-05
  }
}