{
  "epoch": 14,
  "train": {
    "epoch": 14,
    "phase": "train",
    "timestamp_start": 1773367194.5029452,
    "timestamp_end": 1773367563.0650418,
    "duration_sec": 368.56209659576416,
    "loss_mean": 0.022422048806651565,
    "loss_std": 0.014589531312863186,
    "loss_min": 0.015201108530163765,
    "loss_max": 0.19336287677288055,
    "accuracy_mean": 0.993316393450272,
    "iou_mean": 0.9487380203136728,
    "dice_mean": 0.9732188345972171,
    "precision_mean": 0.983881292855444,
    "recall_mean": 0.9853591389892515,
    "f1_mean": 0.9845330827492328,
    "avg_batch_time_ms": 578.9474404547825,
    "avg_forward_time_ms": 163.12620265424744,
    "avg_backward_time_ms": 396.07220247757334,
    "avg_data_load_time_ms": 25.180416264809853,
    "throughput_samples_per_sec": 6.571484214928454,
    "cpu_percent_mean": 18.47173553719008,
    "cpu_percent_max": 44.1,
    "ram_used_mb_mean": 9755.919544163224,
    "ram_used_mb_max": 9878.25,
    "gpu_memory_mb_mean": 3299.566012396694,
    "gpu_memory_mb_max": 3315.9375,
    "gpu_utilization_mean": 94.87768595041322,
    "gpu_utilization_max": 97.0,
    "learning_rate": 2.8027470262892444e-05
  },
  "val": {
    "epoch": 14,
    "phase": "val",
    "timestamp_start": 1773367563.066435,
    "timestamp_end": 1773367588.9724932,
    "duration_sec": 25.906058073043823,
    "loss_mean": 0.028034460458617943,
    "loss_std": 0.01896448872509815,
    "loss_min": 0.018548406660556793,
    "loss_max": 0.2096080780029297,
    "accuracy_mean": 0.9915251025786767,
    "iou_mean": 0.936290278343054,
    "dice_mean": 0.9663591641646165,
    "precision_mean": 0.9801987097813533,
    "recall_mean": 0.9814743147446559,
    "f1_mean": 0.9804571738609901,
    "avg_batch_time_ms": 168.99029108194205,
    "avg_forward_time_ms": 160.61183122488168,
    "avg_backward_time_ms": 0.0,
    "avg_data_load_time_ms": 25.143680205711952,
    "throughput_samples_per_sec": 20.03392405500851,
    "cpu_percent_mean": 23.900769230769235,
    "cpu_percent_max": 67.1,
    "ram_used_mb_mean": 9938.202764423077,
    "ram_used_mb_max": 10144.76953125,
    "gpu_memory_mb_mean": 3275.247596153846,
    "gpu_memory_mb_max": 3275.25,
    "gpu_utilization_mean": 85.03846153846153,
    "gpu_utilization_max": 97.0,
    "learning_rate": 2.8027470262892444e-05
  }
}