{
  "epoch": 15,
  "train": {
    "epoch": 15,
    "phase": "train",
    "timestamp_start": 1774110065.7929025,
    "timestamp_end": 1774110297.3114724,
    "duration_sec": 231.51856994628906,
    "loss_mean": 0.01888757396818084,
    "loss_std": 0.000630051338735142,
    "loss_min": 0.017347801476716995,
    "loss_max": 0.02075217291712761,
    "accuracy_mean": 0.994950706467909,
    "iou_mean": 0.9597940688624101,
    "dice_mean": 0.9793770246645983,
    "precision_mean": 0.5,
    "recall_mean": 0.5,
    "f1_mean": 0.4999999403953552,
    "avg_batch_time_ms": 599.7887408032137,
    "avg_forward_time_ms": 175.737921630635,
    "avg_backward_time_ms": 235.35930759766524,
    "avg_data_load_time_ms": 66.92989503636079,
    "throughput_samples_per_sec": 47.076137359212716,
    "cpu_percent_mean": 32.84470588235294,
    "cpu_percent_max": 66.7,
    "ram_used_mb_mean": 10358.807858455883,
    "ram_used_mb_max": 10632.86328125,
    "gpu_memory_mb_mean": 471.40234375,
    "gpu_memory_mb_max": 471.40234375,
    "gpu_utilization_mean": 0.0,
    "gpu_utilization_max": 0.0,
    "learning_rate": 5.567415893174884e-05
  },
  "val": {
    "epoch": 15,
    "phase": "val",
    "timestamp_start": 1774110297.3196938,
    "timestamp_end": 1774110330.3744686,
    "duration_sec": 33.05477476119995,
    "loss_mean": 0.02145213710322772,
    "loss_std": 0.0011467278128550363,
    "loss_min": 0.018806099891662598,
    "loss_max": 0.02394777163863182,
    "accuracy_mean": 0.9942440472237052,
    "iou_mean": 0.9526443873366265,
    "dice_mean": 0.9755846474268665,
    "precision_mean": 0.5,
    "recall_mean": 0.5,
    "f1_mean": 0.4999999403953552,
    "avg_batch_time_ms": 357.94966514796425,
    "avg_forward_time_ms": 170.6213755150364,
    "avg_backward_time_ms": 0.0,
    "avg_data_load_time_ms": 78.74495689183065,
    "throughput_samples_per_sec": 70.640324033938,
    "cpu_percent_mean": 59.667123287671245,
    "cpu_percent_max": 84.5,
    "ram_used_mb_mean": 10564.171714469177,
    "ram_used_mb_max": 10635.234375,
    "gpu_memory_mb_mean": 471.30645333904107,
    "gpu_memory_mb_max": 471.40234375,
    "gpu_utilization_mean": 0.0,
    "gpu_utilization_max": 0.0,
    "learning_rate": 5.567415893174884e-05
  }
}