{
  "epoch": 15,
  "train": {
    "epoch": 15,
    "phase": "train",
    "timestamp_start": 1773752878.908988,
    "timestamp_end": 1773754434.7038643,
    "duration_sec": 1555.7948763370514,
    "loss_mean": 0.014147276907718895,
    "loss_std": 0.0012028591303408639,
    "loss_min": 0.00994911976158619,
    "loss_max": 0.02106233313679695,
    "accuracy_mean": 0.9955685212223541,
    "iou_mean": 0.9640732511724844,
    "dice_mean": 0.9816152111636735,
    "precision_mean": 0.9902305333012176,
    "recall_mean": 0.9899920933659732,
    "f1_mean": 0.9901099366501039,
    "avg_batch_time_ms": 542.9531011987538,
    "avg_forward_time_ms": 152.71490024575053,
    "avg_backward_time_ms": 372.1371935502723,
    "avg_data_load_time_ms": 23.418699154594748,
    "throughput_samples_per_sec": 7.005422222279393,
    "cpu_percent_mean": 14.527459618208518,
    "cpu_percent_max": 15.7,
    "ram_used_mb_mean": 3567.8993050775516,
    "ram_used_mb_max": 3668.6796875,
    "gpu_memory_mb_mean": 3041.5579570484583,
    "gpu_memory_mb_max": 3041.875,
    "gpu_utilization_mean": 94.6784140969163,
    "gpu_utilization_max": 97.0,
    "learning_rate": 8.205248749256013e-05
  },
  "val": {
    "epoch": 15,
    "phase": "val",
    "timestamp_start": 1773754434.707741,
    "timestamp_end": 1773754544.005573,
    "duration_sec": 109.29783201217651,
    "loss_mean": 0.015760676334101758,
    "loss_std": 0.001947614248163513,
    "loss_min": 0.011340327560901642,
    "loss_max": 0.024051114916801453,
    "accuracy_mean": 0.9951701665373698,
    "iou_mean": 0.9599027005981092,
    "dice_mean": 0.979415110733411,
    "precision_mean": 0.9895574983260403,
    "recall_mean": 0.9888348948873885,
    "f1_mean": 0.9891952048629931,
    "avg_batch_time_ms": 158.60712160802868,
    "avg_forward_time_ms": 150.87679600062435,
    "avg_backward_time_ms": 0.0,
    "avg_data_load_time_ms": 23.727620709432315,
    "throughput_samples_per_sec": 21.363644246300012,
    "cpu_percent_mean": 17.35958904109589,
    "cpu_percent_max": 19.9,
    "ram_used_mb_mean": 3606.7366491866437,
    "ram_used_mb_max": 3789.015625,
    "gpu_memory_mb_mean": 3041.669520547945,
    "gpu_memory_mb_max": 3041.75,
    "gpu_utilization_mean": 84.10445205479452,
    "gpu_utilization_max": 94.0,
    "learning_rate": 8.205248749256013e-05
  }
}