{
  "epoch": 18,
  "train": {
    "epoch": 18,
    "phase": "train",
    "timestamp_start": 1778194374.4123166,
    "timestamp_end": 1778194672.2645333,
    "duration_sec": 297.85221672058105,
    "loss_mean": 0.013802408505587171,
    "loss_std": 0.0004767429614473183,
    "loss_min": 0.012679379433393478,
    "loss_max": 0.015252387151122093,
    "accuracy_mean": 0.9960318837132487,
    "iou_mean": 0.9663017821478677,
    "dice_mean": 0.9827894821311488,
    "precision_mean": 0.5,
    "recall_mean": 0.5,
    "f1_mean": 0.4999999403953552,
    "avg_batch_time_ms": 611.150523721477,
    "avg_forward_time_ms": 179.49371738033696,
    "avg_backward_time_ms": 245.20020773916534,
    "avg_data_load_time_ms": 68.56083425330671,
    "throughput_samples_per_sec": 46.11011511418107,
    "cpu_percent_mean": 33.34685314685314,
    "cpu_percent_max": 100.0,
    "ram_used_mb_mean": 14324.931745337995,
    "ram_used_mb_max": 14631.25390625,
    "gpu_memory_mb_mean": 471.33460013293995,
    "gpu_memory_mb_max": 471.90966796875,
    "gpu_utilization_mean": 0.0,
    "gpu_utilization_max": 0.0,
    "learning_rate": 4.0208371304520894e-05
  },
  "val": {
    "epoch": 18,
    "phase": "val",
    "timestamp_start": 1778194672.2763088,
    "timestamp_end": 1778194715.0920532,
    "duration_sec": 42.815744400024414,
    "loss_mean": 0.016602588888338727,
    "loss_std": 0.0009371370974226445,
    "loss_min": 0.014833672903478146,
    "loss_max": 0.019504468888044357,
    "accuracy_mean": 0.9953201115131378,
    "iou_mean": 0.9590197477651679,
    "dice_mean": 0.9789624849091405,
    "precision_mean": 0.5,
    "recall_mean": 0.5,
    "f1_mean": 0.4999999403953552,
    "avg_batch_time_ms": 363.56948251309603,
    "avg_forward_time_ms": 175.9983638058538,
    "avg_backward_time_ms": 0.0,
    "avg_data_load_time_ms": 84.7078509952711,
    "throughput_samples_per_sec": 68.73639688484131,
    "cpu_percent_mean": 58.49347826086957,
    "cpu_percent_max": 92.1,
    "ram_used_mb_mean": 14665.373259171196,
    "ram_used_mb_max": 14743.8359375,
    "gpu_memory_mb_mean": 470.68612007472825,
    "gpu_memory_mb_max": 470.76220703125,
    "gpu_utilization_mean": 0.0,
    "gpu_utilization_max": 0.0,
    "learning_rate": 4.0208371304520894e-05
  }
}