{
  "epoch": 19,
  "train": {
    "epoch": 19,
    "phase": "train",
    "timestamp_start": 1774111122.7503557,
    "timestamp_end": 1774111352.8971229,
    "duration_sec": 230.14676713943481,
    "loss_mean": 0.014599176622269784,
    "loss_std": 0.0004104707144488407,
    "loss_min": 0.01347232423722744,
    "loss_max": 0.01590695232152939,
    "accuracy_mean": 0.9958464433165157,
    "iou_mean": 0.9676529600339777,
    "dice_mean": 0.9834958167637096,
    "precision_mean": 0.5,
    "recall_mean": 0.5,
    "f1_mean": 0.4999999403953552,
    "avg_batch_time_ms": 596.8088633873883,
    "avg_forward_time_ms": 175.99332472857307,
    "avg_backward_time_ms": 236.3792286199682,
    "avg_data_load_time_ms": 65.69527387619019,
    "throughput_samples_per_sec": 47.35673733534055,
    "cpu_percent_mean": 33.053823529411765,
    "cpu_percent_max": 100.0,
    "ram_used_mb_mean": 12489.887051930147,
    "ram_used_mb_max": 12765.03515625,
    "gpu_memory_mb_mean": 471.40234375,
    "gpu_memory_mb_max": 471.40234375,
    "gpu_utilization_mean": 0.0,
    "gpu_utilization_max": 0.0,
    "learning_rate": 3.520365877844009e-05
  },
  "val": {
    "epoch": 19,
    "phase": "val",
    "timestamp_start": 1774111352.9069965,
    "timestamp_end": 1774111385.6164668,
    "duration_sec": 32.70947027206421,
    "loss_mean": 0.018211880851894208,
    "loss_std": 0.0011592123349370232,
    "loss_min": 0.015327723696827888,
    "loss_max": 0.021590635180473328,
    "accuracy_mean": 0.9948854372925955,
    "iou_mean": 0.958466747035719,
    "dice_mean": 0.9786712355809669,
    "precision_mean": 0.5,
    "recall_mean": 0.5,
    "f1_mean": 0.4999999403953552,
    "avg_batch_time_ms": 348.5978204910069,
    "avg_forward_time_ms": 170.32590304335503,
    "avg_backward_time_ms": 0.0,
    "avg_data_load_time_ms": 82.43901109042233,
    "throughput_samples_per_sec": 71.38605365902932,
    "cpu_percent_mean": 58.37260273972603,
    "cpu_percent_max": 86.8,
    "ram_used_mb_mean": 12697.232127568494,
    "ram_used_mb_max": 12782.87109375,
    "gpu_memory_mb_mean": 471.30645333904107,
    "gpu_memory_mb_max": 471.40234375,
    "gpu_utilization_mean": 0.0,
    "gpu_utilization_max": 0.0,
    "learning_rate": 3.520365877844009e-05
  }
}