{
  "epoch": 6,
  "train": {
    "epoch": 6,
    "phase": "train",
    "timestamp_start": 1774107708.7764661,
    "timestamp_end": 1774107936.8811707,
    "duration_sec": 228.10470461845398,
    "loss_mean": 0.06864494573982323,
    "loss_std": 0.009572787639663571,
    "loss_min": 0.05478508397936821,
    "loss_max": 0.1062648668885231,
    "accuracy_mean": 0.9904109765501583,
    "iou_mean": 0.9188913210349925,
    "dice_mean": 0.9569804244181689,
    "precision_mean": 0.5,
    "recall_mean": 0.5,
    "f1_mean": 0.4999999403953552,
    "avg_batch_time_ms": 590.6648495618035,
    "avg_forward_time_ms": 175.30943856519812,
    "avg_backward_time_ms": 234.57051235086777,
    "avg_data_load_time_ms": 66.42965779584996,
    "throughput_samples_per_sec": 47.78068921564126,
    "cpu_percent_mean": 33.6535294117647,
    "cpu_percent_max": 61.5,
    "ram_used_mb_mean": 5564.585006893382,
    "ram_used_mb_max": 5785.98046875,
    "gpu_memory_mb_mean": 471.40234375,
    "gpu_memory_mb_max": 471.40234375,
    "gpu_utilization_mean": 0.0,
    "gpu_utilization_max": 0.0,
    "learning_rate": 9.336825748732972e-05
  },
  "val": {
    "epoch": 6,
    "phase": "val",
    "timestamp_start": 1774107936.8924675,
    "timestamp_end": 1774107970.2211695,
    "duration_sec": 33.328701972961426,
    "loss_mean": 0.06336638163009735,
    "loss_std": 0.01012916103738758,
    "loss_min": 0.054383113980293274,
    "loss_max": 0.08958008885383606,
    "accuracy_mean": 0.9898307780696921,
    "iou_mean": 0.9144472381840013,
    "dice_mean": 0.9544273002506936,
    "precision_mean": 0.5,
    "recall_mean": 0.5,
    "f1_mean": 0.4999999403953552,
    "avg_batch_time_ms": 356.9913041101743,
    "avg_forward_time_ms": 173.52600620217518,
    "avg_backward_time_ms": 0.0,
    "avg_data_load_time_ms": 85.14198211774435,
    "throughput_samples_per_sec": 70.05973415629313,
    "cpu_percent_mean": 59.04520547945207,
    "cpu_percent_max": 83.3,
    "ram_used_mb_mean": 5835.899133133562,
    "ram_used_mb_max": 5887.47265625,
    "gpu_memory_mb_mean": 471.30645333904107,
    "gpu_memory_mb_max": 471.40234375,
    "gpu_utilization_mean": 0.0,
    "gpu_utilization_max": 0.0,
    "learning_rate": 9.336825748732972e-05
  }
}