{
  "epoch": 8,
  "train": {
    "epoch": 8,
    "phase": "train",
    "timestamp_start": 1775606488.42528,
    "timestamp_end": 1775606778.5446286,
    "duration_sec": 290.119348526001,
    "loss_mean": 0.03687140732864678,
    "loss_std": 0.007754115090185254,
    "loss_min": 0.029789742082357407,
    "loss_max": 0.0799863338470459,
    "accuracy_mean": 0.9919533451676091,
    "iou_mean": 0.9273406836814257,
    "dice_mean": 0.9616945146958589,
    "precision_mean": 0.5,
    "recall_mean": 0.5,
    "f1_mean": 0.4999999403953552,
    "avg_batch_time_ms": 596.6960238965797,
    "avg_forward_time_ms": 176.42190850975908,
    "avg_backward_time_ms": 238.02201008741116,
    "avg_data_load_time_ms": 65.5923417676023,
    "throughput_samples_per_sec": 47.33913842622991,
    "cpu_percent_mean": 33.56946386946387,
    "cpu_percent_max": 100.0,
    "ram_used_mb_mean": 7645.186543924825,
    "ram_used_mb_max": 7943.55859375,
    "gpu_memory_mb_mean": 471.40234375,
    "gpu_memory_mb_max": 471.40234375,
    "gpu_utilization_mean": 0.0,
    "gpu_utilization_max": 0.0,
    "learning_rate": 8.728566886113101e-05
  },
  "val": {
    "epoch": 8,
    "phase": "val",
    "timestamp_start": 1775606778.5548792,
    "timestamp_end": 1775606819.360127,
    "duration_sec": 40.80524778366089,
    "loss_mean": 0.039499771376342876,
    "loss_std": 0.007288324829631102,
    "loss_min": 0.03230874240398407,
    "loss_max": 0.06495766341686249,
    "accuracy_mean": 0.9907477303691532,
    "iou_mean": 0.919010029538818,
    "dice_mean": 0.9571766542351764,
    "precision_mean": 0.5,
    "recall_mean": 0.5,
    "f1_mean": 0.4999999403953552,
    "avg_batch_time_ms": 348.69917320168537,
    "avg_forward_time_ms": 171.90783179324606,
    "avg_backward_time_ms": 0.0,
    "avg_data_load_time_ms": 80.22055418595023,
    "throughput_samples_per_sec": 72.12307631614057,
    "cpu_percent_mean": 58.07282608695653,
    "cpu_percent_max": 86.1,
    "ram_used_mb_mean": 7991.139478600543,
    "ram_used_mb_max": 8078.79296875,
    "gpu_memory_mb_mean": 471.32625679347825,
    "gpu_memory_mb_max": 471.40234375,
    "gpu_utilization_mean": 0.0,
    "gpu_utilization_max": 0.0,
    "learning_rate": 8.728566886113101e-05
  }
}