{
  "epoch": 4,
  "train": {
    "epoch": 4,
    "phase": "train",
    "timestamp_start": 1773282632.1207387,
    "timestamp_end": 1773282669.9451823,
    "duration_sec": 37.82444357872009,
    "loss_mean": 0.566399309039116,
    "loss_std": 0.01664597844251413,
    "loss_min": 0.5384095907211304,
    "loss_max": 0.6390196681022644,
    "accuracy_mean": 0.9781723340352376,
    "iou_mean": 0.8185845881700515,
    "dice_mean": 0.8957094540198643,
    "precision_mean": 0.9177067935466766,
    "recall_mean": 0.9833320518334706,
    "f1_mean": 0.94933506945769,
    "avg_batch_time_ms": 612.4483426411947,
    "avg_forward_time_ms": 172.5682258605957,
    "avg_backward_time_ms": 418.597952524821,
    "avg_data_load_time_ms": 12.276808420817057,
    "throughput_samples_per_sec": 6.397979113594903,
    "cpu_percent_mean": 26.634999999999994,
    "cpu_percent_max": 72.4,
    "ram_used_mb_mean": 10480.0130859375,
    "ram_used_mb_max": 10790.58984375,
    "gpu_memory_mb_mean": 3521.8302083333333,
    "gpu_memory_mb_max": 3584.6875,
    "gpu_utilization_mean": 96.2,
    "gpu_utilization_max": 98.0,
    "learning_rate": 9.460482294732422e-05
  },
  "val": {
    "epoch": 4,
    "phase": "val",
    "timestamp_start": 1773282669.9465868,
    "timestamp_end": 1773282672.4182923,
    "duration_sec": 2.471705436706543,
    "loss_mean": 0.5530537091768705,
    "loss_std": 0.005885788528348184,
    "loss_min": 0.5426503419876099,
    "loss_max": 0.5648139715194702,
    "accuracy_mean": 0.9769922173940219,
    "iou_mean": 0.8115128783079294,
    "dice_mean": 0.8918392153886648,
    "precision_mean": 0.9132560216463529,
    "recall_mean": 0.9856412915083078,
    "f1_mean": 0.9480474591255188,
    "avg_batch_time_ms": 172.75162843557504,
    "avg_forward_time_ms": 162.9602358891414,
    "avg_backward_time_ms": 0.0,
    "avg_data_load_time_ms": 12.018387134258564,
    "throughput_samples_per_sec": 20.63352665030977,
    "cpu_percent_mean": 33.12307692307693,
    "cpu_percent_max": 71.3,
    "ram_used_mb_mean": 10516.521634615385,
    "ram_used_mb_max": 10527.0234375,
    "gpu_memory_mb_mean": 3488.0576923076924,
    "gpu_memory_mb_max": 3495.125,
    "gpu_utilization_mean": 93.53846153846153,
    "gpu_utilization_max": 98.0,
    "learning_rate": 9.460482294732422e-05
  }
}