{
  "epoch": 25,
  "train": {
    "epoch": 25,
    "phase": "train",
    "timestamp_start": 1778196770.809485,
    "timestamp_end": 1778197071.2980912,
    "duration_sec": 300.4886062145233,
    "loss_mean": 0.010196724939127485,
    "loss_std": 0.0003583522674821551,
    "loss_min": 0.009156127460300922,
    "loss_max": 0.011372299864888191,
    "accuracy_mean": 0.9969393353917938,
    "iou_mean": 0.9750057332443468,
    "dice_mean": 0.9873085486027466,
    "precision_mean": 0.5,
    "recall_mean": 0.5,
    "f1_mean": 0.4999999403953552,
    "avg_batch_time_ms": 617.0438175156955,
    "avg_forward_time_ms": 180.02965733721538,
    "avg_backward_time_ms": 246.64525107626037,
    "avg_data_load_time_ms": 68.51291156315304,
    "throughput_samples_per_sec": 45.70555993126439,
    "cpu_percent_mean": 33.687179487179485,
    "cpu_percent_max": 100.0,
    "ram_used_mb_mean": 19079.31733500874,
    "ram_used_mb_max": 19390.67578125,
    "gpu_memory_mb_mean": 471.33727486706005,
    "gpu_memory_mb_max": 471.90966796875,
    "gpu_utilization_mean": 0.0,
    "gpu_utilization_max": 0.0,
    "learning_rate": 1.0453658778440105e-05
  },
  "val": {
    "epoch": 25,
    "phase": "val",
    "timestamp_start": 1778197071.3013422,
    "timestamp_end": 1778197114.230247,
    "duration_sec": 42.92890477180481,
    "loss_mean": 0.014100259888674254,
    "loss_std": 0.0010044150805980224,
    "loss_min": 0.012347698211669922,
    "loss_max": 0.0177919864654541,
    "accuracy_mean": 0.9959946482077889,
    "iou_mean": 0.9652948800636374,
    "dice_mean": 0.9822581118863561,
    "precision_mean": 0.5,
    "recall_mean": 0.5,
    "f1_mean": 0.4999999403953552,
    "avg_batch_time_ms": 367.65411625737727,
    "avg_forward_time_ms": 176.51541595873624,
    "avg_backward_time_ms": 0.0,
    "avg_data_load_time_ms": 80.37630889726722,
    "throughput_samples_per_sec": 68.55520809682821,
    "cpu_percent_mean": 58.46847826086956,
    "cpu_percent_max": 100.0,
    "ram_used_mb_mean": 19325.138841711956,
    "ram_used_mb_max": 19408.0,
    "gpu_memory_mb_mean": 471.83358101222825,
    "gpu_memory_mb_max": 471.90966796875,
    "gpu_utilization_mean": 0.0,
    "gpu_utilization_max": 0.0,
    "learning_rate": 1.0453658778440105e-05
  }
}