{
  "epoch": 27,
  "train": {
    "epoch": 27,
    "phase": "train",
    "timestamp_start": 1778197461.877331,
    "timestamp_end": 1778197762.3199153,
    "duration_sec": 300.44258427619934,
    "loss_mean": 0.009764475591637038,
    "loss_std": 0.0003130187739238344,
    "loss_min": 0.008710158057510853,
    "loss_max": 0.01075001060962677,
    "accuracy_mean": 0.9970516374894789,
    "iou_mean": 0.9761118809659998,
    "dice_mean": 0.9878791867991983,
    "precision_mean": 0.5,
    "recall_mean": 0.5,
    "f1_mean": 0.4999999403953552,
    "avg_batch_time_ms": 617.4612617714978,
    "avg_forward_time_ms": 179.37943207356201,
    "avg_backward_time_ms": 246.78669831691644,
    "avg_data_load_time_ms": 67.96042569033749,
    "throughput_samples_per_sec": 45.71256113072913,
    "cpu_percent_mean": 32.65314685314685,
    "cpu_percent_max": 72.9,
    "ram_used_mb_mean": 20322.649384469696,
    "ram_used_mb_max": 20623.5078125,
    "gpu_memory_mb_mean": 471.33727486706005,
    "gpu_memory_mb_max": 471.90966796875,
    "gpu_utilization_mean": 0.0,
    "gpu_utilization_max": 0.0,
    "learning_rate": 5.2794998466912506e-06
  },
  "val": {
    "epoch": 27,
    "phase": "val",
    "timestamp_start": 1778197762.3235185,
    "timestamp_end": 1778197805.3969812,
    "duration_sec": 43.07346272468567,
    "loss_mean": 0.013914205609699306,
    "loss_std": 0.0010311409432430278,
    "loss_min": 0.012220525182783604,
    "loss_max": 0.017830949276685715,
    "accuracy_mean": 0.9960561932429023,
    "iou_mean": 0.9658932925566382,
    "dice_mean": 0.9825709371463113,
    "precision_mean": 0.5,
    "recall_mean": 0.5,
    "f1_mean": 0.4999999403953552,
    "avg_batch_time_ms": 369.3052452543507,
    "avg_forward_time_ms": 179.13251856099004,
    "avg_backward_time_ms": 0.0,
    "avg_data_load_time_ms": 79.93871232737665,
    "throughput_samples_per_sec": 68.32513138799376,
    "cpu_percent_mean": 58.90000000000001,
    "cpu_percent_max": 100.0,
    "ram_used_mb_mean": 20663.328507133152,
    "ram_used_mb_max": 20831.703125,
    "gpu_memory_mb_mean": 471.83358101222825,
    "gpu_memory_mb_max": 471.90966796875,
    "gpu_utilization_mean": 0.0,
    "gpu_utilization_max": 0.0,
    "learning_rate": 5.2794998466912506e-06
  }
}