{
  "epoch": 12,
  "train": {
    "epoch": 12,
    "phase": "train",
    "timestamp_start": 1773747886.2197483,
    "timestamp_end": 1773749434.7144578,
    "duration_sec": 1548.4947094917297,
    "loss_mean": 0.0177522909727697,
    "loss_std": 0.004934565486733093,
    "loss_min": 0.01214446872472763,
    "loss_max": 0.21991467475891113,
    "accuracy_mean": 0.9944993192753953,
    "iou_mean": 0.9551916443872732,
    "dice_mean": 0.9769043568822606,
    "precision_mean": 0.9877745057955363,
    "recall_mean": 0.9875947503310119,
    "f1_mean": 0.9876796445876316,
    "avg_batch_time_ms": 540.4270106650309,
    "avg_forward_time_ms": 151.95125954091637,
    "avg_backward_time_ms": 370.3106906970692,
    "avg_data_load_time_ms": 23.383486726035457,
    "throughput_samples_per_sec": 7.038448328685239,
    "cpu_percent_mean": 14.530800293685758,
    "cpu_percent_max": 15.3,
    "ram_used_mb_mean": 3550.3424335765417,
    "ram_used_mb_max": 3621.32421875,
    "gpu_memory_mb_mean": 3041.5950348751835,
    "gpu_memory_mb_max": 3042.0,
    "gpu_utilization_mean": 94.66409691629956,
    "gpu_utilization_max": 97.0,
    "learning_rate": 8.864040551740155e-05
  },
  "val": {
    "epoch": 12,
    "phase": "val",
    "timestamp_start": 1773749434.7178493,
    "timestamp_end": 1773749543.5717237,
    "duration_sec": 108.85387444496155,
    "loss_mean": 0.025175801816409174,
    "loss_std": 0.022571389453199035,
    "loss_min": 0.01617290824651718,
    "loss_max": 0.230677992105484,
    "accuracy_mean": 0.9924694518112156,
    "iou_mean": 0.9423235331292021,
    "dice_mean": 0.9699685808322202,
    "precision_mean": 0.9808844256482713,
    "recall_mean": 0.9854006481497255,
    "f1_mean": 0.9829600471748065,
    "avg_batch_time_ms": 157.87407796676845,
    "avg_forward_time_ms": 149.9319611346885,
    "avg_backward_time_ms": 0.0,
    "avg_data_load_time_ms": 23.7208996733574,
    "throughput_samples_per_sec": 21.45077528848656,
    "cpu_percent_mean": 17.403767123287672,
    "cpu_percent_max": 19.9,
    "ram_used_mb_mean": 3571.407280072774,
    "ram_used_mb_max": 3711.84765625,
    "gpu_memory_mb_mean": 3041.4439212328766,
    "gpu_memory_mb_max": 3041.5,
    "gpu_utilization_mean": 83.95890410958904,
    "gpu_utilization_max": 94.0,
    "learning_rate": 8.864040551740155e-05
  }
}