{
  "epoch": 13,
  "train": {
    "epoch": 13,
    "phase": "train",
    "timestamp_start": 1778192678.4977326,
    "timestamp_end": 1778192974.446922,
    "duration_sec": 295.94918942451477,
    "loss_mean": 0.019562424827011038,
    "loss_std": 0.0009254609838863134,
    "loss_min": 0.01737266406416893,
    "loss_max": 0.02878611534833908,
    "accuracy_mean": 0.994766272309221,
    "iou_mean": 0.9543044290620408,
    "dice_mean": 0.9764727003924496,
    "precision_mean": 0.5,
    "recall_mean": 0.5,
    "f1_mean": 0.4999999403953552,
    "avg_batch_time_ms": 608.188661384138,
    "avg_forward_time_ms": 179.08581875976705,
    "avg_backward_time_ms": 244.2049035381326,
    "avg_data_load_time_ms": 67.34562309194,
    "throughput_samples_per_sec": 46.40661468512997,
    "cpu_percent_mean": 32.55594405594405,
    "cpu_percent_max": 60.8,
    "ram_used_mb_mean": 11032.099167759325,
    "ram_used_mb_max": 11380.03515625,
    "gpu_memory_mb_mean": 471.33727486706005,
    "gpu_memory_mb_max": 471.90966796875,
    "gpu_utilization_mean": 0.0,
    "gpu_utilization_max": 0.0,
    "learning_rate": 6.579634122155988e-05
  },
  "val": {
    "epoch": 13,
    "phase": "val",
    "timestamp_start": 1778192974.4591403,
    "timestamp_end": 1778193016.6703436,
    "duration_sec": 42.2112033367157,
    "loss_mean": 0.021233386157647423,
    "loss_std": 0.0011005609064220667,
    "loss_min": 0.018886426463723183,
    "loss_max": 0.024259038269519806,
    "accuracy_mean": 0.9943225850229678,
    "iou_mean": 0.9492155060819958,
    "dice_mean": 0.9737547318572584,
    "precision_mean": 0.5,
    "recall_mean": 0.5,
    "f1_mean": 0.4999999403953552,
    "avg_batch_time_ms": 360.55527562680453,
    "avg_forward_time_ms": 175.49275315326193,
    "avg_backward_time_ms": 0.0,
    "avg_data_load_time_ms": 82.37056110216224,
    "throughput_samples_per_sec": 69.72082687441775,
    "cpu_percent_mean": 57.74239130434783,
    "cpu_percent_max": 100.0,
    "ram_used_mb_mean": 11327.991295855978,
    "ram_used_mb_max": 11394.26953125,
    "gpu_memory_mb_mean": 471.83358101222825,
    "gpu_memory_mb_max": 471.90966796875,
    "gpu_utilization_mean": 0.0,
    "gpu_utilization_max": 0.0,
    "learning_rate": 6.579634122155988e-05
  }
}