{
  "epoch": 29,
  "train": {
    "epoch": 29,
    "phase": "train",
    "timestamp_start": 1775613483.4586437,
    "timestamp_end": 1775613778.6755693,
    "duration_sec": 295.2169256210327,
    "loss_mean": 0.009502046491889965,
    "loss_std": 0.0003572211307135339,
    "loss_min": 0.008631573058664799,
    "loss_max": 0.010803161188960075,
    "accuracy_mean": 0.9971301625102827,
    "iou_mean": 0.9767583094554625,
    "dice_mean": 0.9882118618571675,
    "precision_mean": 0.5,
    "recall_mean": 0.5,
    "f1_mean": 0.4999999403953552,
    "avg_batch_time_ms": 605.8548569401383,
    "avg_forward_time_ms": 176.75291686069158,
    "avg_backward_time_ms": 241.0476196618069,
    "avg_data_load_time_ms": 67.38107632368039,
    "throughput_samples_per_sec": 46.521722869068185,
    "cpu_percent_mean": 33.037062937062935,
    "cpu_percent_max": 100.0,
    "ram_used_mb_mean": 21688.782488344987,
    "ram_used_mb_max": 22036.6640625,
    "gpu_memory_mb_mean": 471.40234375,
    "gpu_memory_mb_max": 471.40234375,
    "gpu_utilization_mean": 0.0,
    "gpu_utilization_max": 0.0,
    "learning_rate": 2.0816937636766182e-06
  },
  "val": {
    "epoch": 29,
    "phase": "val",
    "timestamp_start": 1775613778.6785417,
    "timestamp_end": 1775613820.665221,
    "duration_sec": 41.98667931556702,
    "loss_mean": 0.01381979892840204,
    "loss_std": 0.0009329332033853807,
    "loss_min": 0.01206802949309349,
    "loss_max": 0.01734897494316101,
    "accuracy_mean": 0.9961070580326993,
    "iou_mean": 0.9661604846301286,
    "dice_mean": 0.9827097362798193,
    "precision_mean": 0.5,
    "recall_mean": 0.5,
    "f1_mean": 0.4999999403953552,
    "avg_batch_time_ms": 356.76552938378376,
    "avg_forward_time_ms": 173.10582554858664,
    "avg_backward_time_ms": 0.0,
    "avg_data_load_time_ms": 80.00146306079367,
    "throughput_samples_per_sec": 70.09365941709162,
    "cpu_percent_mean": 59.696739130434786,
    "cpu_percent_max": 100.0,
    "ram_used_mb_mean": 21978.15340523098,
    "ram_used_mb_max": 22064.7109375,
    "gpu_memory_mb_mean": 471.32625679347825,
    "gpu_memory_mb_max": 471.40234375,
    "gpu_utilization_mean": 0.0,
    "gpu_utilization_max": 0.0,
    "learning_rate": 2.0816937636766182e-06
  }
}