{
  "epoch": 19,
  "train": {
    "epoch": 19,
    "phase": "train",
    "timestamp_start": 1773369165.588583,
    "timestamp_end": 1773369538.223116,
    "duration_sec": 372.6345329284668,
    "loss_mean": 0.01626256919227356,
    "loss_std": 0.0020242509126979624,
    "loss_min": 0.012180410325527191,
    "loss_max": 0.04826752096414566,
    "accuracy_mean": 0.9950323262490517,
    "iou_mean": 0.9616534405503391,
    "dice_mean": 0.9803560025435833,
    "precision_mean": 0.9888497134870734,
    "recall_mean": 0.9889293001702995,
    "f1_mean": 0.9888861034527298,
    "avg_batch_time_ms": 585.595600664123,
    "avg_forward_time_ms": 165.03002545065132,
    "avg_backward_time_ms": 400.5756078672803,
    "avg_data_load_time_ms": 25.23506180313993,
    "throughput_samples_per_sec": 6.499665988994482,
    "cpu_percent_mean": 19.014710743801654,
    "cpu_percent_max": 61.2,
    "ram_used_mb_mean": 10268.111240960743,
    "ram_used_mb_max": 10469.96484375,
    "gpu_memory_mb_mean": 3279.4803719008264,
    "gpu_memory_mb_max": 3370.375,
    "gpu_utilization_mean": 95.14710743801653,
    "gpu_utilization_max": 97.0,
    "learning_rate": 3.422702443389901e-06
  },
  "val": {
    "epoch": 19,
    "phase": "val",
    "timestamp_start": 1773369538.2246149,
    "timestamp_end": 1773369565.3588438,
    "duration_sec": 27.134228944778442,
    "loss_mean": 0.023532318151914155,
    "loss_std": 0.015317116815489898,
    "loss_min": 0.015170276165008545,
    "loss_max": 0.19198966026306152,
    "accuracy_mean": 0.9930048846281492,
    "iou_mean": 0.9460729626508859,
    "dice_mean": 0.9719311480338757,
    "precision_mean": 0.9831167299013871,
    "recall_mean": 0.9853835954115941,
    "f1_mean": 0.984028979906669,
    "avg_batch_time_ms": 177.84057580507718,
    "avg_forward_time_ms": 169.15063858032227,
    "avg_backward_time_ms": 0.0,
    "avg_data_load_time_ms": 25.58265099158654,
    "throughput_samples_per_sec": 19.127132783328026,
    "cpu_percent_mean": 24.725384615384616,
    "cpu_percent_max": 77.3,
    "ram_used_mb_mean": 10290.738762019231,
    "ram_used_mb_max": 10413.21484375,
    "gpu_memory_mb_mean": 3294.629326923077,
    "gpu_memory_mb_max": 3310.5625,
    "gpu_utilization_mean": 87.38461538461539,
    "gpu_utilization_max": 95.0,
    "learning_rate": 3.422702443389901e-06
  }
}