{
  "epoch": 10,
  "train": {
    "epoch": 10,
    "phase": "train",
    "timestamp_start": 1774108756.5451605,
    "timestamp_end": 1774108984.8863726,
    "duration_sec": 228.34121203422546,
    "loss_mean": 0.03510887127588777,
    "loss_std": 0.007267441095834829,
    "loss_min": 0.02926412597298622,
    "loss_max": 0.08015820384025574,
    "accuracy_mean": 0.991976913283853,
    "iou_mean": 0.9351175082080504,
    "dice_mean": 0.9660423766164219,
    "precision_mean": 0.5,
    "recall_mean": 0.5,
    "f1_mean": 0.4999999403953552,
    "avg_batch_time_ms": 591.4981715819415,
    "avg_forward_time_ms": 175.21276894737693,
    "avg_backward_time_ms": 235.20526114632102,
    "avg_data_load_time_ms": 66.14164324367748,
    "throughput_samples_per_sec": 47.731199737900916,
    "cpu_percent_mean": 31.847647058823533,
    "cpu_percent_max": 58.6,
    "ram_used_mb_mean": 7675.209834558824,
    "ram_used_mb_max": 7917.90625,
    "gpu_memory_mb_mean": 471.40234375,
    "gpu_memory_mb_max": 471.40234375,
    "gpu_utilization_mean": 0.0,
    "gpu_utilization_max": 0.0,
    "learning_rate": 7.959536998847741e-05
  },
  "val": {
    "epoch": 10,
    "phase": "val",
    "timestamp_start": 1774108984.8965032,
    "timestamp_end": 1774109017.6511872,
    "duration_sec": 32.75468397140503,
    "loss_mean": 0.03436350702525002,
    "loss_std": 0.005294161936556839,
    "loss_min": 0.029775571078062057,
    "loss_max": 0.058498941361904144,
    "accuracy_mean": 0.991550722350813,
    "iou_mean": 0.9344553686168096,
    "dice_mean": 0.9658215143909193,
    "precision_mean": 0.5,
    "recall_mean": 0.5,
    "f1_mean": 0.4999999403953552,
    "avg_batch_time_ms": 350.623901576212,
    "avg_forward_time_ms": 171.25224087336292,
    "avg_backward_time_ms": 0.0,
    "avg_data_load_time_ms": 82.9317079831476,
    "throughput_samples_per_sec": 71.28751423883266,
    "cpu_percent_mean": 59.42876712328766,
    "cpu_percent_max": 82.5,
    "ram_used_mb_mean": 7947.220515839041,
    "ram_used_mb_max": 8003.671875,
    "gpu_memory_mb_mean": 471.30645333904107,
    "gpu_memory_mb_max": 471.40234375,
    "gpu_utilization_mean": 0.0,
    "gpu_utilization_max": 0.0,
    "learning_rate": 7.959536998847741e-05
  }
}