{
  "epoch": 22,
  "train": {
    "epoch": 22,
    "phase": "train",
    "timestamp_start": 1778195745.1421745,
    "timestamp_end": 1778196044.5054784,
    "duration_sec": 299.363303899765,
    "loss_mean": 0.011286898353299895,
    "loss_std": 0.000394965097191659,
    "loss_min": 0.010014412924647331,
    "loss_max": 0.012857407331466675,
    "accuracy_mean": 0.9966561774829606,
    "iou_mean": 0.9722897729951463,
    "dice_mean": 0.9859041370156206,
    "precision_mean": 0.5,
    "recall_mean": 0.5,
    "f1_mean": 0.4999999403953552,
    "avg_batch_time_ms": 616.217271987097,
    "avg_forward_time_ms": 178.7994502585529,
    "avg_backward_time_ms": 245.98329606311862,
    "avg_data_load_time_ms": 66.8940605261387,
    "throughput_samples_per_sec": 45.877366467730184,
    "cpu_percent_mean": 32.69277389277389,
    "cpu_percent_max": 71.9,
    "ram_used_mb_mean": 16985.069684222028,
    "ram_used_mb_max": 17281.3828125,
    "gpu_memory_mb_mean": 471.33460013293995,
    "gpu_memory_mb_max": 471.90966796875,
    "gpu_utilization_mean": 0.0,
    "gpu_utilization_max": 0.0,
    "learning_rate": 2.140463001152258e-05
  },
  "val": {
    "epoch": 22,
    "phase": "val",
    "timestamp_start": 1778196044.508601,
    "timestamp_end": 1778196087.2817397,
    "duration_sec": 42.773138761520386,
    "loss_mean": 0.01479538600972813,
    "loss_std": 0.0009812723718994236,
    "loss_min": 0.013214269652962685,
    "loss_max": 0.01878035068511963,
    "accuracy_mean": 0.9957984990399816,
    "iou_mean": 0.9634326119785723,
    "dice_mean": 0.9812830965156141,
    "precision_mean": 0.5,
    "recall_mean": 0.5,
    "f1_mean": 0.4999999403953552,
    "avg_batch_time_ms": 368.89416756837267,
    "avg_forward_time_ms": 178.82467352825662,
    "avg_backward_time_ms": 0.0,
    "avg_data_load_time_ms": 78.10770169548367,
    "throughput_samples_per_sec": 68.80486410895767,
    "cpu_percent_mean": 57.14239130434782,
    "cpu_percent_max": 92.4,
    "ram_used_mb_mean": 17365.931640625,
    "ram_used_mb_max": 17506.0859375,
    "gpu_memory_mb_mean": 470.68612007472825,
    "gpu_memory_mb_max": 470.76220703125,
    "gpu_utilization_mean": 0.0,
    "gpu_utilization_max": 0.0,
    "learning_rate": 2.140463001152258e-05
  }
}