{
  "epoch": 1,
  "train": {
    "epoch": 1,
    "phase": "train",
    "timestamp_start": 1773282507.5207815,
    "timestamp_end": 1773282545.8079088,
    "duration_sec": 38.28712725639343,
    "loss_mean": 0.851506115992864,
    "loss_std": 0.09842475975099263,
    "loss_min": 0.7377169132232666,
    "loss_max": 1.1379368305206299,
    "accuracy_mean": 0.8035960674285889,
    "iou_mean": 0.3938401918237408,
    "dice_mean": 0.4750278445581595,
    "precision_mean": 0.5715727036818862,
    "recall_mean": 0.8248534545302391,
    "f1_mean": 0.6643844260523717,
    "avg_batch_time_ms": 620.3611731529236,
    "avg_forward_time_ms": 178.40323448181152,
    "avg_backward_time_ms": 420.41501601537067,
    "avg_data_load_time_ms": 11.818472544352213,
    "throughput_samples_per_sec": 6.320662252339376,
    "cpu_percent_mean": 23.176666666666666,
    "cpu_percent_max": 50.4,
    "ram_used_mb_mean": 10320.478776041668,
    "ram_used_mb_max": 10410.12890625,
    "gpu_memory_mb_mean": 3361.766666666667,
    "gpu_memory_mb_max": 3393.5,
    "gpu_utilization_mean": 95.86666666666666,
    "gpu_utilization_max": 98.0,
    "learning_rate": 0.0001
  },
  "val": {
    "epoch": 1,
    "phase": "val",
    "timestamp_start": 1773282545.8086684,
    "timestamp_end": 1773282548.2993617,
    "duration_sec": 2.4906933307647705,
    "loss_mean": 0.744959716613476,
    "loss_std": 0.00651320966539741,
    "loss_min": 0.7341762781143188,
    "loss_max": 0.756150484085083,
    "accuracy_mean": 0.9467404713997474,
    "iou_mean": 0.5555986578647907,
    "dice_mean": 0.6702697231219366,
    "precision_mean": 0.7997734454961923,
    "recall_mean": 0.9282342837407038,
    "f1_mean": 0.8591497402924758,
    "avg_batch_time_ms": 175.69283338693472,
    "avg_forward_time_ms": 166.92385306725134,
    "avg_backward_time_ms": 0.0,
    "avg_data_load_time_ms": 10.732687436617338,
    "throughput_samples_per_sec": 20.47622618571849,
    "cpu_percent_mean": 25.038461538461544,
    "cpu_percent_max": 27.6,
    "ram_used_mb_mean": 10352.963341346154,
    "ram_used_mb_max": 10382.1796875,
    "gpu_memory_mb_mean": 3367.5096153846152,
    "gpu_memory_mb_max": 3368.0625,
    "gpu_utilization_mean": 94.38461538461539,
    "gpu_utilization_max": 97.0,
    "learning_rate": 0.0001
  }
}