{
  "epoch": 10,
  "train": {
    "epoch": 10,
    "phase": "train",
    "timestamp_start": 1773744562.4081194,
    "timestamp_end": 1773746118.014804,
    "duration_sec": 1555.6066844463348,
    "loss_mean": 0.020730075078350375,
    "loss_std": 0.002288645274908156,
    "loss_min": 0.013118184171617031,
    "loss_max": 0.046125784516334534,
    "accuracy_mean": 0.9936216465702141,
    "iou_mean": 0.9474933481776592,
    "dice_mean": 0.9728214754319576,
    "precision_mean": 0.9857430128755373,
    "recall_mean": 0.9857818820840637,
    "f1_mean": 0.9857587037326305,
    "avg_batch_time_ms": 542.8500368906713,
    "avg_forward_time_ms": 152.6453355860605,
    "avg_backward_time_ms": 371.9873673415219,
    "avg_data_load_time_ms": 23.46232275255626,
    "throughput_samples_per_sec": 7.006269713914946,
    "cpu_percent_mean": 14.530800293685758,
    "cpu_percent_max": 15.8,
    "ram_used_mb_mean": 3542.745148735775,
    "ram_used_mb_max": 3664.01953125,
    "gpu_memory_mb_mean": 3041.601413362702,
    "gpu_memory_mb_max": 3042.0,
    "gpu_utilization_mean": 94.68318649045521,
    "gpu_utilization_max": 97.0,
    "learning_rate": 9.229423231234974e-05
  },
  "val": {
    "epoch": 10,
    "phase": "val",
    "timestamp_start": 1773746118.0183904,
    "timestamp_end": 1773746226.2682698,
    "duration_sec": 108.24987936019897,
    "loss_mean": 0.021665649179190602,
    "loss_std": 0.00304002126043022,
    "loss_min": 0.015309734269976616,
    "loss_max": 0.04586157202720642,
    "accuracy_mean": 0.9934152821971945,
    "iou_mean": 0.9449263913174198,
    "dice_mean": 0.971429512517093,
    "precision_mean": 0.9848326461976522,
    "recall_mean": 0.9856976673823513,
    "f1_mean": 0.9852623933390395,
    "avg_batch_time_ms": 156.89886759405266,
    "avg_forward_time_ms": 149.32961537413402,
    "avg_backward_time_ms": 0.0,
    "avg_data_load_time_ms": 23.698540991299772,
    "throughput_samples_per_sec": 21.570462838395795,
    "cpu_percent_mean": 17.357020547945204,
    "cpu_percent_max": 20.0,
    "ram_used_mb_mean": 3554.3102927011987,
    "ram_used_mb_max": 3687.93359375,
    "gpu_memory_mb_mean": 3041.4790239726026,
    "gpu_memory_mb_max": 3041.625,
    "gpu_utilization_mean": 84.07191780821918,
    "gpu_utilization_max": 93.0,
    "learning_rate": 9.229423231234974e-05
  }
}