{
  "epoch": 20,
  "train": {
    "epoch": 20,
    "phase": "train",
    "timestamp_start": 1775610465.2609136,
    "timestamp_end": 1775610757.1578822,
    "duration_sec": 291.89696860313416,
    "loss_mean": 0.012367062392212571,
    "loss_std": 0.00044468842495174404,
    "loss_min": 0.011178974062204361,
    "loss_max": 0.01393996924161911,
    "accuracy_mean": 0.9963944861383149,
    "iou_mean": 0.9696988009072683,
    "dice_mean": 0.984559189884257,
    "precision_mean": 0.5,
    "recall_mean": 0.5,
    "f1_mean": 0.4999999403953552,
    "avg_batch_time_ms": 600.4734789574896,
    "avg_forward_time_ms": 176.28045737882317,
    "avg_backward_time_ms": 240.03733843912335,
    "avg_data_load_time_ms": 65.53407537909376,
    "throughput_samples_per_sec": 47.050848337767,
    "cpu_percent_mean": 32.89813519813519,
    "cpu_percent_max": 85.7,
    "ram_used_mb_mean": 15655.03477381993,
    "ram_used_mb_max": 15944.94140625,
    "gpu_memory_mb_mean": 471.40234375,
    "gpu_memory_mb_max": 471.40234375,
    "gpu_utilization_mean": 0.0,
    "gpu_utilization_max": 0.0,
    "learning_rate": 3.036653616774789e-05
  },
  "val": {
    "epoch": 20,
    "phase": "val",
    "timestamp_start": 1775610757.1689813,
    "timestamp_end": 1775610799.5467143,
    "duration_sec": 42.37773299217224,
    "loss_mean": 0.015505272611651731,
    "loss_std": 0.0009050600660410681,
    "loss_min": 0.013640839606523514,
    "loss_max": 0.018567636609077454,
    "accuracy_mean": 0.9956358172323393,
    "iou_mean": 0.9615880490645118,
    "dice_mean": 0.9803132362987684,
    "precision_mean": 0.5,
    "recall_mean": 0.5,
    "f1_mean": 0.4999999403953552,
    "avg_batch_time_ms": 359.853005927542,
    "avg_forward_time_ms": 172.52067897630775,
    "avg_backward_time_ms": 0.0,
    "avg_data_load_time_ms": 83.78071888633396,
    "throughput_samples_per_sec": 69.44684843202002,
    "cpu_percent_mean": 58.16304347826087,
    "cpu_percent_max": 88.9,
    "ram_used_mb_mean": 15985.783585258152,
    "ram_used_mb_max": 16044.0078125,
    "gpu_memory_mb_mean": 471.32625679347825,
    "gpu_memory_mb_max": 471.40234375,
    "gpu_utilization_mean": 0.0,
    "gpu_utilization_max": 0.0,
    "learning_rate": 3.036653616774789e-05
  }
}