{
  "epoch": 9,
  "train": {
    "epoch": 9,
    "phase": "train",
    "timestamp_start": 1773742899.4328353,
    "timestamp_end": 1773744452.7297873,
    "duration_sec": 1553.296952009201,
    "loss_mean": 0.02295014793025918,
    "loss_std": 0.0038690964488026594,
    "loss_min": 0.013935200870037079,
    "loss_max": 0.13877639174461365,
    "accuracy_mean": 0.9929893769531698,
    "iou_mean": 0.942035105172408,
    "dice_mean": 0.9698722129920155,
    "precision_mean": 0.9842763093249564,
    "recall_mean": 0.9843867381545065,
    "f1_mean": 0.984324213910558,
    "avg_batch_time_ms": 541.9151077536584,
    "avg_forward_time_ms": 152.34896186164823,
    "avg_backward_time_ms": 371.3554829227767,
    "avg_data_load_time_ms": 23.563966001883127,
    "throughput_samples_per_sec": 7.016687946179295,
    "cpu_percent_mean": 14.532232011747432,
    "cpu_percent_max": 15.7,
    "ram_used_mb_mean": 3535.749449339207,
    "ram_used_mb_max": 3620.97265625,
    "gpu_memory_mb_mean": 3041.5947136563877,
    "gpu_memory_mb_max": 3041.875,
    "gpu_utilization_mean": 94.67657856093979,
    "gpu_utilization_max": 97.0,
    "learning_rate": 9.387718066217124e-05
  },
  "val": {
    "epoch": 9,
    "phase": "val",
    "timestamp_start": 1773744452.733209,
    "timestamp_end": 1773744562.0140445,
    "duration_sec": 109.28083562850952,
    "loss_mean": 0.023328869680121336,
    "loss_std": 0.0034808603805944935,
    "loss_min": 0.016870170831680298,
    "loss_max": 0.050201356410980225,
    "accuracy_mean": 0.9929721649378946,
    "iou_mean": 0.9407933523801908,
    "dice_mean": 0.9691890950684678,
    "precision_mean": 0.9853594627690642,
    "recall_mean": 0.9831154282166533,
    "f1_mean": 0.9842327279995565,
    "avg_batch_time_ms": 158.65921647581337,
    "avg_forward_time_ms": 150.97489014063797,
    "avg_backward_time_ms": 0.0,
    "avg_data_load_time_ms": 23.603626310008845,
    "throughput_samples_per_sec": 21.36696692124157,
    "cpu_percent_mean": 17.313013698630137,
    "cpu_percent_max": 20.2,
    "ram_used_mb_mean": 3551.988716020976,
    "ram_used_mb_max": 3681.84765625,
    "gpu_memory_mb_mean": 3041.8174229452056,
    "gpu_memory_mb_max": 3042.0,
    "gpu_utilization_mean": 84.25,
    "gpu_utilization_max": 96.0,
    "learning_rate": 9.387718066217124e-05
  }
}