{
  "epoch": 11,
  "train": {
    "epoch": 11,
    "phase": "train",
    "timestamp_start": 1773282915.389796,
    "timestamp_end": 1773282954.2205944,
    "duration_sec": 38.830798387527466,
    "loss_mean": 0.3685054724415143,
    "loss_std": 0.012865306740780982,
    "loss_min": 0.35003161430358887,
    "loss_max": 0.4402180016040802,
    "accuracy_mean": 0.98584459622701,
    "iou_mean": 0.881483589609464,
    "dice_mean": 0.9348061015208562,
    "precision_mean": 0.9477028389771779,
    "recall_mean": 0.987386163075765,
    "f1_mean": 0.9671094884475072,
    "avg_batch_time_ms": 629.7380407651266,
    "avg_forward_time_ms": 177.68271764119467,
    "avg_backward_time_ms": 430.2730639775594,
    "avg_data_load_time_ms": 12.061862150828043,
    "throughput_samples_per_sec": 6.23216647736326,
    "cpu_percent_mean": 21.461666666666666,
    "cpu_percent_max": 53.3,
    "ram_used_mb_mean": 10135.578841145832,
    "ram_used_mb_max": 10182.08984375,
    "gpu_memory_mb_mean": 3309.827083333333,
    "gpu_memory_mb_max": 3330.0625,
    "gpu_utilization_mean": 97.13333333333334,
    "gpu_utilization_max": 99.0,
    "learning_rate": 5.050000000000001e-05
  },
  "val": {
    "epoch": 11,
    "phase": "val",
    "timestamp_start": 1773282954.221369,
    "timestamp_end": 1773282956.8088064,
    "duration_sec": 2.587437391281128,
    "loss_mean": 0.3664055672975687,
    "loss_std": 0.005905753713404162,
    "loss_min": 0.35245925188064575,
    "loss_max": 0.3741401433944702,
    "accuracy_mean": 0.9858168088472806,
    "iou_mean": 0.8715878404103793,
    "dice_mean": 0.9295965158022367,
    "precision_mean": 0.9514480370741624,
    "recall_mean": 0.9840048505709722,
    "f1_mean": 0.967445446894719,
    "avg_batch_time_ms": 181.901216506958,
    "avg_forward_time_ms": 172.82526309673602,
    "avg_backward_time_ms": 0.0,
    "avg_data_load_time_ms": 11.661786299485426,
    "throughput_samples_per_sec": 19.71062185769379,
    "cpu_percent_mean": 24.338461538461537,
    "cpu_percent_max": 27.2,
    "ram_used_mb_mean": 10114.047475961539,
    "ram_used_mb_max": 10122.6171875,
    "gpu_memory_mb_mean": 3302.658653846154,
    "gpu_memory_mb_max": 3307.8125,
    "gpu_utilization_mean": 94.0,
    "gpu_utilization_max": 97.0,
    "learning_rate": 5.050000000000001e-05
  }
}