{
  "epoch": 1,
  "train": {
    "epoch": 1,
    "phase": "train",
    "timestamp_start": 1773729576.1929393,
    "timestamp_end": 1773731168.814784,
    "duration_sec": 1592.6218447685242,
    "loss_mean": 0.21971406775599184,
    "loss_std": 0.19809316746281505,
    "loss_min": 0.04751770198345184,
    "loss_max": 1.1332305669784546,
    "accuracy_mean": 0.9759513214996383,
    "iou_mean": 0.8255324004417649,
    "dice_mean": 0.8904116977328946,
    "precision_mean": 0.9288507096835914,
    "recall_mean": 0.9659014818984769,
    "f1_mean": 0.9456585275280055,
    "avg_batch_time_ms": 545.5599813209232,
    "avg_forward_time_ms": 153.17001943196144,
    "avg_backward_time_ms": 373.89008641768135,
    "avg_data_load_time_ms": 34.27396576835196,
    "throughput_samples_per_sec": 6.8434324417948,
    "cpu_percent_mean": 14.998678414096915,
    "cpu_percent_max": 57.3,
    "ram_used_mb_mean": 3601.223889500734,
    "ram_used_mb_max": 11035.72265625,
    "gpu_memory_mb_mean": 3060.875871879589,
    "gpu_memory_mb_max": 3347.0625,
    "gpu_utilization_mean": 93.0715859030837,
    "gpu_utilization_max": 97.0,
    "learning_rate": 0.0001
  },
  "val": {
    "epoch": 1,
    "phase": "val",
    "timestamp_start": 1773731168.8181515,
    "timestamp_end": 1773731280.0336926,
    "duration_sec": 111.21554112434387,
    "loss_mean": 0.06382196155466037,
    "loss_std": 0.03499157541353925,
    "loss_min": 0.045892905443906784,
    "loss_max": 0.26851406693458557,
    "accuracy_mean": 0.9852640019500092,
    "iou_mean": 0.8807571001657067,
    "dice_mean": 0.9344349024842863,
    "precision_mean": 0.966846970968867,
    "recall_mean": 0.9641817757119872,
    "f1_mean": 0.9651521452485698,
    "avg_batch_time_ms": 158.85510183360478,
    "avg_forward_time_ms": 151.05208591239094,
    "avg_backward_time_ms": 0.0,
    "avg_data_load_time_ms": 26.72378657615348,
    "throughput_samples_per_sec": 20.99526717573911,
    "cpu_percent_mean": 17.514041095890413,
    "cpu_percent_max": 21.4,
    "ram_used_mb_mean": 3582.4577803938355,
    "ram_used_mb_max": 3755.69921875,
    "gpu_memory_mb_mean": 3046.7553510273974,
    "gpu_memory_mb_max": 3046.9375,
    "gpu_utilization_mean": 82.74486301369863,
    "gpu_utilization_max": 93.0,
    "learning_rate": 0.0001
  }
}