{
  "epoch": 14,
  "train": {
    "epoch": 14,
    "phase": "train",
    "timestamp_start": 1774109801.2013762,
    "timestamp_end": 1774110031.9514482,
    "duration_sec": 230.7500720024109,
    "loss_mean": 0.020472064422553077,
    "loss_std": 0.0007256898373871759,
    "loss_min": 0.01855582371354103,
    "loss_max": 0.022784631699323654,
    "accuracy_mean": 0.9946440282989951,
    "iou_mean": 0.9572084377793705,
    "dice_mean": 0.9780130514327218,
    "precision_mean": 0.5,
    "recall_mean": 0.5,
    "f1_mean": 0.4999999403953552,
    "avg_batch_time_ms": 597.4556277779972,
    "avg_forward_time_ms": 175.34101359984453,
    "avg_backward_time_ms": 235.57590596816118,
    "avg_data_load_time_ms": 67.05048224505256,
    "throughput_samples_per_sec": 47.23292133961339,
    "cpu_percent_mean": 32.88529411764706,
    "cpu_percent_max": 100.0,
    "ram_used_mb_mean": 9779.153469669118,
    "ram_used_mb_max": 10007.91796875,
    "gpu_memory_mb_mean": 471.40234375,
    "gpu_memory_mb_max": 471.40234375,
    "gpu_utilization_mean": 0.0,
    "gpu_utilization_max": 0.0,
    "learning_rate": 6.079162869547907e-05
  },
  "val": {
    "epoch": 14,
    "phase": "val",
    "timestamp_start": 1774110031.9620087,
    "timestamp_end": 1774110065.6513116,
    "duration_sec": 33.689302921295166,
    "loss_mean": 0.02295791865517832,
    "loss_std": 0.0012292949735403565,
    "loss_min": 0.02000737003982067,
    "loss_max": 0.02623322419822216,
    "accuracy_mean": 0.9939307676602717,
    "iou_mean": 0.950108527320705,
    "dice_mean": 0.9742336852909768,
    "precision_mean": 0.5,
    "recall_mean": 0.5,
    "f1_mean": 0.4999999403953552,
    "avg_batch_time_ms": 359.11100204676796,
    "avg_forward_time_ms": 171.36927173562245,
    "avg_backward_time_ms": 0.0,
    "avg_data_load_time_ms": 86.25135029831978,
    "throughput_samples_per_sec": 69.30983420627666,
    "cpu_percent_mean": 58.78630136986302,
    "cpu_percent_max": 86.3,
    "ram_used_mb_mean": 10046.225438784246,
    "ram_used_mb_max": 10095.64453125,
    "gpu_memory_mb_mean": 471.30645333904107,
    "gpu_memory_mb_max": 471.40234375,
    "gpu_utilization_mean": 0.0,
    "gpu_utilization_max": 0.0,
    "learning_rate": 6.079162869547907e-05
  }
}