{
  "epoch": 16,
  "train": {
    "epoch": 16,
    "phase": "train",
    "timestamp_start": 1773754544.3993125,
    "timestamp_end": 1773756103.3679438,
    "duration_sec": 1558.9686312675476,
    "loss_mean": 0.013475238433772378,
    "loss_std": 0.0016884558777860313,
    "loss_min": 0.009689247235655785,
    "loss_max": 0.055610716342926025,
    "accuracy_mean": 0.995776780726451,
    "iou_mean": 0.9658758064592462,
    "dice_mean": 0.9825570196701041,
    "precision_mean": 0.9906852090848876,
    "recall_mean": 0.9904577657033343,
    "f1_mean": 0.9905699601126138,
    "avg_batch_time_ms": 544.0432761909328,
    "avg_forward_time_ms": 153.0431560657798,
    "avg_backward_time_ms": 372.9107543585409,
    "avg_data_load_time_ms": 23.458742535236823,
    "throughput_samples_per_sec": 6.991160554101959,
    "cpu_percent_mean": 14.523127753303966,
    "cpu_percent_max": 15.6,
    "ram_used_mb_mean": 3575.1059261999817,
    "ram_used_mb_max": 3660.6875,
    "gpu_memory_mb_mean": 3041.6173825256974,
    "gpu_memory_mb_max": 3042.0,
    "gpu_utilization_mean": 94.70778267254038,
    "gpu_utilization_max": 97.0,
    "learning_rate": 7.959536998847742e-05
  },
  "val": {
    "epoch": 16,
    "phase": "val",
    "timestamp_start": 1773756103.371317,
    "timestamp_end": 1773756212.3757062,
    "duration_sec": 109.00438928604126,
    "loss_mean": 0.01525457945575759,
    "loss_std": 0.0023725423562520726,
    "loss_min": 0.010443471372127533,
    "loss_max": 0.03134007379412651,
    "accuracy_mean": 0.9953206679592393,
    "iou_mean": 0.9613729337715122,
    "dice_mean": 0.9801826800589692,
    "precision_mean": 0.9895249331650668,
    "recall_mean": 0.9895213244304265,
    "f1_mean": 0.9895218957776892,
    "avg_batch_time_ms": 158.42614557645092,
    "avg_forward_time_ms": 150.67012465163452,
    "avg_backward_time_ms": 0.0,
    "avg_data_load_time_ms": 23.3937338606952,
    "throughput_samples_per_sec": 21.421155746973323,
    "cpu_percent_mean": 17.32859589041096,
    "cpu_percent_max": 20.0,
    "ram_used_mb_mean": 3603.421380029966,
    "ram_used_mb_max": 3786.640625,
    "gpu_memory_mb_mean": 3041.5074914383563,
    "gpu_memory_mb_max": 3042.0,
    "gpu_utilization_mean": 84.21232876712328,
    "gpu_utilization_max": 97.0,
    "learning_rate": 7.959536998847742e-05
  }
}