{
  "epoch": 21,
  "train": {
    "epoch": 21,
    "phase": "train",
    "timestamp_start": 1778195398.7356827,
    "timestamp_end": 1778195702.2766,
    "duration_sec": 303.54091715812683,
    "loss_mean": 0.011819775986956271,
    "loss_std": 0.0004031839805753918,
    "loss_min": 0.010697145946323872,
    "loss_max": 0.013564616441726685,
    "accuracy_mean": 0.9965174620523876,
    "iou_mean": 0.9709837792358754,
    "dice_mean": 0.9852270702104191,
    "precision_mean": 0.5,
    "recall_mean": 0.5,
    "f1_mean": 0.4999999403953552,
    "avg_batch_time_ms": 614.9935933537695,
    "avg_forward_time_ms": 179.6263008962422,
    "avg_backward_time_ms": 246.33792341450155,
    "avg_data_load_time_ms": 77.92299610751492,
    "throughput_samples_per_sec": 45.24595935395886,
    "cpu_percent_mean": 32.203263403263406,
    "cpu_percent_max": 66.7,
    "ram_used_mb_mean": 16391.373971081004,
    "ram_used_mb_max": 16707.1484375,
    "gpu_memory_mb_mean": 471.33727486706005,
    "gpu_memory_mb_max": 471.90966796875,
    "gpu_utilization_mean": 0.0,
    "gpu_utilization_max": 0.0,
    "learning_rate": 2.5750000000000002e-05
  },
  "val": {
    "epoch": 21,
    "phase": "val",
    "timestamp_start": 1778195702.2796962,
    "timestamp_end": 1778195744.9940245,
    "duration_sec": 42.71432828903198,
    "loss_mean": 0.015132605047572566,
    "loss_std": 0.0010135069793849158,
    "loss_min": 0.013389584608376026,
    "loss_max": 0.019442640244960785,
    "accuracy_mean": 0.9957042945467908,
    "iou_mean": 0.9626002227482588,
    "dice_mean": 0.9808469965406086,
    "precision_mean": 0.5,
    "recall_mean": 0.5,
    "f1_mean": 0.4999999403953552,
    "avg_batch_time_ms": 362.60567799858427,
    "avg_forward_time_ms": 174.4790854661361,
    "avg_backward_time_ms": 0.0,
    "avg_data_load_time_ms": 84.10154995710954,
    "throughput_samples_per_sec": 68.89959687732447,
    "cpu_percent_mean": 56.8445652173913,
    "cpu_percent_max": 90.4,
    "ram_used_mb_mean": 16660.150815217392,
    "ram_used_mb_max": 16723.47265625,
    "gpu_memory_mb_mean": 471.83358101222825,
    "gpu_memory_mb_max": 471.90966796875,
    "gpu_utilization_mean": 0.0,
    "gpu_utilization_max": 0.0,
    "learning_rate": 2.5750000000000002e-05
  }
}