{
  "epoch": 19,
  "train": {
    "epoch": 19,
    "phase": "train",
    "timestamp_start": 1773759548.072755,
    "timestamp_end": 1773761110.916082,
    "duration_sec": 1562.843326807022,
    "loss_mean": 0.011427411804777104,
    "loss_std": 0.0012768333273350994,
    "loss_min": 0.008275149390101433,
    "loss_max": 0.04998308792710304,
    "accuracy_mean": 0.9963890851506753,
    "iou_mean": 0.97109358769769,
    "dice_mean": 0.9852769898247964,
    "precision_mean": 0.9920561571609606,
    "recall_mean": 0.9918189180054854,
    "f1_mean": 0.9919363139265609,
    "avg_batch_time_ms": 545.3991572237225,
    "avg_forward_time_ms": 153.37605273320986,
    "avg_backward_time_ms": 373.9198729855374,
    "avg_data_load_time_ms": 23.488965853720508,
    "throughput_samples_per_sec": 6.973827646733648,
    "cpu_percent_mean": 14.565381791483112,
    "cpu_percent_max": 48.6,
    "ram_used_mb_mean": 3596.809305020191,
    "ram_used_mb_max": 3839.578125,
    "gpu_memory_mb_mean": 3042.517437591777,
    "gpu_memory_mb_max": 3091.1875,
    "gpu_utilization_mean": 94.73935389133626,
    "gpu_utilization_max": 98.0,
    "learning_rate": 7.157607493247108e-05
  },
  "val": {
    "epoch": 19,
    "phase": "val",
    "timestamp_start": 1773761110.9210508,
    "timestamp_end": 1773761221.1870036,
    "duration_sec": 110.26595282554626,
    "loss_mean": 0.013147180528405493,
    "loss_std": 0.0018400294315934847,
    "loss_min": 0.009020248427987099,
    "loss_max": 0.019472435116767883,
    "accuracy_mean": 0.9959606781397781,
    "iou_mean": 0.9667075811183616,
    "dice_mean": 0.9829855433677974,
    "precision_mean": 0.9909831940719526,
    "recall_mean": 0.9909459817899416,
    "f1_mean": 0.9909639393221842,
    "avg_batch_time_ms": 159.19456539088733,
    "avg_forward_time_ms": 150.9357449943072,
    "avg_backward_time_ms": 0.0,
    "avg_data_load_time_ms": 24.79342361019082,
    "throughput_samples_per_sec": 21.176074211177816,
    "cpu_percent_mean": 17.67517123287671,
    "cpu_percent_max": 20.1,
    "ram_used_mb_mean": 3678.022166630993,
    "ram_used_mb_max": 3896.9921875,
    "gpu_memory_mb_mean": 3077.065924657534,
    "gpu_memory_mb_max": 3077.3125,
    "gpu_utilization_mean": 86.4041095890411,
    "gpu_utilization_max": 97.0,
    "learning_rate": 7.157607493247108e-05
  }
}