{
  "epoch": 17,
  "train": {
    "epoch": 17,
    "phase": "train",
    "timestamp_start": 1773756212.775265,
    "timestamp_end": 1773757767.7702732,
    "duration_sec": 1554.9950082302094,
    "loss_mean": 0.012535806465278573,
    "loss_std": 0.0010490416224989325,
    "loss_min": 0.008599314838647842,
    "loss_max": 0.02237762324512005,
    "accuracy_mean": 0.996052315231637,
    "iou_mean": 0.9681962788017486,
    "dice_mean": 0.9837701201832767,
    "precision_mean": 0.9913054858054008,
    "recall_mean": 0.9910805698227078,
    "f1_mean": 0.9911919072511087,
    "avg_batch_time_ms": 542.2985534485916,
    "avg_forward_time_ms": 152.5152195217676,
    "avg_backward_time_ms": 371.50069900546305,
    "avg_data_load_time_ms": 23.805988692677143,
    "throughput_samples_per_sec": 7.009025715397317,
    "cpu_percent_mean": 14.606534508076358,
    "cpu_percent_max": 49.9,
    "ram_used_mb_mean": 3588.0174031754773,
    "ram_used_mb_max": 3798.10546875,
    "gpu_memory_mb_mean": 3052.9826312408222,
    "gpu_memory_mb_max": 3091.1875,
    "gpu_utilization_mean": 94.82892804698972,
    "gpu_utilization_max": 97.0,
    "learning_rate": 7.702342635146032e-05
  },
  "val": {
    "epoch": 17,
    "phase": "val",
    "timestamp_start": 1773757767.7736158,
    "timestamp_end": 1773757877.2547479,
    "duration_sec": 109.48113203048706,
    "loss_mean": 0.014362894730604165,
    "loss_std": 0.0018802022547946468,
    "loss_min": 0.010045974515378475,
    "loss_max": 0.021783405914902687,
    "accuracy_mean": 0.9955908817379442,
    "iou_mean": 0.9635124533143762,
    "dice_mean": 0.981312617557506,
    "precision_mean": 0.9899709828912395,
    "recall_mean": 0.9903053685206257,
    "f1_mean": 0.9901374640734228,
    "avg_batch_time_ms": 158.53092686770714,
    "avg_forward_time_ms": 150.50196606818943,
    "avg_backward_time_ms": 0.0,
    "avg_data_load_time_ms": 24.075223158483634,
    "throughput_samples_per_sec": 21.327875924317038,
    "cpu_percent_mean": 17.93595890410959,
    "cpu_percent_max": 76.3,
    "ram_used_mb_mean": 3665.7316727311645,
    "ram_used_mb_max": 3872.48828125,
    "gpu_memory_mb_mean": 3075.3838827054797,
    "gpu_memory_mb_max": 3092.25,
    "gpu_utilization_mean": 84.5736301369863,
    "gpu_utilization_max": 94.0,
    "learning_rate": 7.702342635146032e-05
  }
}