{
  "epoch": 15,
  "train": {
    "epoch": 15,
    "phase": "train",
    "timestamp_start": 1773367589.3655205,
    "timestamp_end": 1773367957.7625155,
    "duration_sec": 368.39699506759644,
    "loss_mean": 0.019993213905898994,
    "loss_std": 0.007648524305839633,
    "loss_min": 0.013898778706789017,
    "loss_max": 0.11454698443412781,
    "accuracy_mean": 0.993979279068876,
    "iou_mean": 0.9534042053971409,
    "dice_mean": 0.9759282796836096,
    "precision_mean": 0.9861245837093385,
    "recall_mean": 0.9868259767855494,
    "f1_mean": 0.986428849657705,
    "avg_batch_time_ms": 578.790801024634,
    "avg_forward_time_ms": 163.08895576098735,
    "avg_backward_time_ms": 396.0249226940565,
    "avg_data_load_time_ms": 25.15634347584622,
    "throughput_samples_per_sec": 6.574429304331302,
    "cpu_percent_mean": 18.397685950413223,
    "cpu_percent_max": 32.4,
    "ram_used_mb_mean": 10086.771519886364,
    "ram_used_mb_max": 10248.9296875,
    "gpu_memory_mb_mean": 3274.582334710744,
    "gpu_memory_mb_max": 3291.5625,
    "gpu_utilization_mean": 94.97520661157024,
    "gpu_utilization_max": 97.0,
    "learning_rate": 2.1404630011522593e-05
  },
  "val": {
    "epoch": 15,
    "phase": "val",
    "timestamp_start": 1773367957.763949,
    "timestamp_end": 1773367983.8246257,
    "duration_sec": 26.06067681312561,
    "loss_mean": 0.026637297166654698,
    "loss_std": 0.020765207492310037,
    "loss_min": 0.017174407839775085,
    "loss_max": 0.2469376027584076,
    "accuracy_mean": 0.9919325856062082,
    "iou_mean": 0.940138989686966,
    "dice_mean": 0.9686803317987002,
    "precision_mean": 0.9803788299743946,
    "recall_mean": 0.9833887920929836,
    "f1_mean": 0.9815200993647942,
    "avg_batch_time_ms": 170.2705566699688,
    "avg_forward_time_ms": 162.09445916689359,
    "avg_backward_time_ms": 0.0,
    "avg_data_load_time_ms": 25.08393801175631,
    "throughput_samples_per_sec": 19.915062211224026,
    "cpu_percent_mean": 23.99230769230769,
    "cpu_percent_max": 64.4,
    "ram_used_mb_mean": 10206.77938701923,
    "ram_used_mb_max": 10362.45703125,
    "gpu_memory_mb_mean": 3277.1375,
    "gpu_memory_mb_max": 3289.9375,
    "gpu_utilization_mean": 84.98461538461538,
    "gpu_utilization_max": 94.0,
    "learning_rate": 2.1404630011522593e-05
  }
}