{
  "epoch": 25,
  "train": {
    "epoch": 25,
    "phase": "train",
    "timestamp_start": 1775612140.8570788,
    "timestamp_end": 1775612433.1008356,
    "duration_sec": 292.24375677108765,
    "loss_mean": 0.010171739002450919,
    "loss_std": 0.0003660423580611135,
    "loss_min": 0.00921070110052824,
    "loss_max": 0.01133587397634983,
    "accuracy_mean": 0.9969540259221217,
    "iou_mean": 0.9750407434010006,
    "dice_mean": 0.987326347188794,
    "precision_mean": 0.5,
    "recall_mean": 0.5,
    "f1_mean": 0.4999999403953552,
    "avg_batch_time_ms": 600.74055556095,
    "avg_forward_time_ms": 175.84708020403667,
    "avg_backward_time_ms": 240.422522827184,
    "avg_data_load_time_ms": 65.73935155268316,
    "throughput_samples_per_sec": 46.995015913232116,
    "cpu_percent_mean": 32.93333333333334,
    "cpu_percent_max": 74.9,
    "ram_used_mb_mean": 19080.550626456876,
    "ram_used_mb_max": 19403.53125,
    "gpu_memory_mb_mean": 471.40234375,
    "gpu_memory_mb_max": 471.40234375,
    "gpu_utilization_mean": 0.0,
    "gpu_utilization_max": 0.0,
    "learning_rate": 1.0453658778440105e-05
  },
  "val": {
    "epoch": 25,
    "phase": "val",
    "timestamp_start": 1775612433.1098135,
    "timestamp_end": 1775612474.9382837,
    "duration_sec": 41.82847023010254,
    "loss_mean": 0.014073331496151894,
    "loss_std": 0.0008986683097048862,
    "loss_min": 0.012376740574836731,
    "loss_max": 0.017548661679029465,
    "accuracy_mean": 0.996017301860063,
    "iou_mean": 0.9653073380822721,
    "dice_mean": 0.9822638417067735,
    "precision_mean": 0.5,
    "recall_mean": 0.5,
    "f1_mean": 0.4999999403953552,
    "avg_batch_time_ms": 358.5457594498344,
    "avg_forward_time_ms": 172.4165159723033,
    "avg_backward_time_ms": 0.0,
    "avg_data_load_time_ms": 77.91404620460843,
    "throughput_samples_per_sec": 70.35877678074925,
    "cpu_percent_mean": 58.8163043478261,
    "cpu_percent_max": 91.5,
    "ram_used_mb_mean": 19325.334366508152,
    "ram_used_mb_max": 19393.59765625,
    "gpu_memory_mb_mean": 471.32625679347825,
    "gpu_memory_mb_max": 471.40234375,
    "gpu_utilization_mean": 0.0,
    "gpu_utilization_max": 0.0,
    "learning_rate": 1.0453658778440105e-05
  }
}