{
  "epoch": 3,
  "train": {
    "epoch": 3,
    "phase": "train",
    "timestamp_start": 1773282589.9121213,
    "timestamp_end": 1773282629.1750963,
    "duration_sec": 39.262974977493286,
    "loss_mean": 0.6208787888288498,
    "loss_std": 0.020458318760514023,
    "loss_min": 0.5825396180152893,
    "loss_max": 0.6610133647918701,
    "accuracy_mean": 0.9716440518697103,
    "iou_mean": 0.7573309302330017,
    "dice_mean": 0.8525509585936865,
    "precision_mean": 0.8927020301421483,
    "recall_mean": 0.9724711298942565,
    "f1_mean": 0.9307393997907638,
    "avg_batch_time_ms": 636.8580381075541,
    "avg_forward_time_ms": 180.0609032313029,
    "avg_backward_time_ms": 434.94372367858887,
    "avg_data_load_time_ms": 11.884323755900065,
    "throughput_samples_per_sec": 6.163567588516195,
    "cpu_percent_mean": 23.11,
    "cpu_percent_max": 50.1,
    "ram_used_mb_mean": 10322.488802083333,
    "ram_used_mb_max": 10396.02734375,
    "gpu_memory_mb_mean": 3412.5375,
    "gpu_memory_mb_max": 3470.125,
    "gpu_utilization_mean": 97.21666666666667,
    "gpu_utilization_max": 99.0,
    "learning_rate": 9.757729755661012e-05
  },
  "val": {
    "epoch": 3,
    "phase": "val",
    "timestamp_start": 1773282629.1758413,
    "timestamp_end": 1773282631.7810931,
    "duration_sec": 2.6052517890930176,
    "loss_mean": 0.5979630717864404,
    "loss_std": 0.005563196833235318,
    "loss_min": 0.5894924998283386,
    "loss_max": 0.6092236042022705,
    "accuracy_mean": 0.9705859468533442,
    "iou_mean": 0.7639112701782813,
    "dice_mean": 0.8589540719985962,
    "precision_mean": 0.8855438828468323,
    "recall_mean": 0.9854433536529541,
    "f1_mean": 0.9328067486102765,
    "avg_batch_time_ms": 182.6608914595384,
    "avg_forward_time_ms": 173.48740651057318,
    "avg_backward_time_ms": 0.0,
    "avg_data_load_time_ms": 11.647536204411434,
    "throughput_samples_per_sec": 19.575843000478255,
    "cpu_percent_mean": 30.646153846153844,
    "cpu_percent_max": 60.2,
    "ram_used_mb_mean": 10287.052283653846,
    "ram_used_mb_max": 10369.41796875,
    "gpu_memory_mb_mean": 3483.9615384615386,
    "gpu_memory_mb_max": 3534.0625,
    "gpu_utilization_mean": 94.53846153846153,
    "gpu_utilization_max": 98.0,
    "learning_rate": 9.757729755661012e-05
  }
}