{
  "epoch": 1,
  "train": {
    "epoch": 1,
    "phase": "train",
    "timestamp_start": 1775604141.1904068,
    "timestamp_end": 1775604439.128459,
    "duration_sec": 297.9380521774292,
    "loss_mean": 0.6000418199664785,
    "loss_std": 0.13557629228554763,
    "loss_min": 0.4223557710647583,
    "loss_max": 1.1422947645187378,
    "accuracy_mean": 0.9553507460858717,
    "iou_mean": 0.7280170417332149,
    "dice_mean": 0.8126473602228788,
    "precision_mean": 0.5,
    "recall_mean": 0.5,
    "f1_mean": 0.4999999403953552,
    "avg_batch_time_ms": 587.8365967935059,
    "avg_forward_time_ms": 180.9934386006602,
    "avg_backward_time_ms": 223.7775348005317,
    "avg_data_load_time_ms": 93.11544589507274,
    "throughput_samples_per_sec": 46.09683086677722,
    "cpu_percent_mean": 36.84708624708625,
    "cpu_percent_max": 66.7,
    "ram_used_mb_mean": 2881.0135944784383,
    "ram_used_mb_max": 3214.67578125,
    "gpu_memory_mb_mean": 471.4040191579254,
    "gpu_memory_mb_max": 472.5234375,
    "gpu_utilization_mean": 0.0,
    "gpu_utilization_max": 0.0,
    "learning_rate": 0.0001
  },
  "val": {
    "epoch": 1,
    "phase": "val",
    "timestamp_start": 1775604439.1331239,
    "timestamp_end": 1775604482.6727412,
    "duration_sec": 43.53961730003357,
    "loss_mean": 0.4311539469205815,
    "loss_std": 0.005297619901355912,
    "loss_min": 0.4228885769844055,
    "loss_max": 0.44614124298095703,
    "accuracy_mean": 0.9827512502670288,
    "iou_mean": 0.8492132801076641,
    "dice_mean": 0.9161451588506284,
    "precision_mean": 0.5,
    "recall_mean": 0.5,
    "f1_mean": 0.4999999403953552,
    "avg_batch_time_ms": 355.6217084760251,
    "avg_forward_time_ms": 172.2127976624862,
    "avg_backward_time_ms": 0.0,
    "avg_data_load_time_ms": 104.30677040763523,
    "throughput_samples_per_sec": 67.59361203658837,
    "cpu_percent_mean": 59.65326086956523,
    "cpu_percent_max": 75.1,
    "ram_used_mb_mean": 3122.6632133152175,
    "ram_used_mb_max": 3210.0078125,
    "gpu_memory_mb_mean": 471.32625679347825,
    "gpu_memory_mb_max": 471.40234375,
    "gpu_utilization_mean": 0.0,
    "gpu_utilization_max": 0.0,
    "learning_rate": 0.0001
  }
}