{
  "epoch": 22,
  "train": {
    "epoch": 22,
    "phase": "train",
    "timestamp_start": 1775611134.6173794,
    "timestamp_end": 1775611427.5247056,
    "duration_sec": 292.90732622146606,
    "loss_mean": 0.011273280754338056,
    "loss_std": 0.00040736071374813574,
    "loss_min": 0.009993841871619225,
    "loss_max": 0.012869110330939293,
    "accuracy_mean": 0.9966694727922097,
    "iou_mean": 0.972294563874776,
    "dice_mean": 0.9859061255043758,
    "precision_mean": 0.5,
    "recall_mean": 0.5,
    "f1_mean": 0.4999999403953552,
    "avg_batch_time_ms": 602.6907589607861,
    "avg_forward_time_ms": 175.98249917819504,
    "avg_backward_time_ms": 239.8163794359683,
    "avg_data_load_time_ms": 65.43625040209932,
    "throughput_samples_per_sec": 46.88855064559149,
    "cpu_percent_mean": 32.83286713286713,
    "cpu_percent_max": 62.4,
    "ram_used_mb_mean": 16978.486441943474,
    "ram_used_mb_max": 17279.2578125,
    "gpu_memory_mb_mean": 471.40234375,
    "gpu_memory_mb_max": 471.40234375,
    "gpu_utilization_mean": 0.0,
    "gpu_utilization_max": 0.0,
    "learning_rate": 2.140463001152258e-05
  },
  "val": {
    "epoch": 22,
    "phase": "val",
    "timestamp_start": 1775611427.5358765,
    "timestamp_end": 1775611469.8934014,
    "duration_sec": 42.35752487182617,
    "loss_mean": 0.014788501501164359,
    "loss_std": 0.000896948147686338,
    "loss_min": 0.013120572082698345,
    "loss_max": 0.01811058819293976,
    "accuracy_mean": 0.9958191974007565,
    "iou_mean": 0.9634370777917944,
    "dice_mean": 0.9812841493150463,
    "precision_mean": 0.5,
    "recall_mean": 0.5,
    "f1_mean": 0.4999999403953552,
    "avg_batch_time_ms": 360.2488144584324,
    "avg_forward_time_ms": 174.0663725396861,
    "avg_backward_time_ms": 0.0,
    "avg_data_load_time_ms": 83.27965632728909,
    "throughput_samples_per_sec": 69.479980449885,
    "cpu_percent_mean": 58.957608695652176,
    "cpu_percent_max": 100.0,
    "ram_used_mb_mean": 17369.88374660326,
    "ram_used_mb_max": 17489.22265625,
    "gpu_memory_mb_mean": 471.32625679347825,
    "gpu_memory_mb_max": 471.40234375,
    "gpu_utilization_mean": 0.0,
    "gpu_utilization_max": 0.0,
    "learning_rate": 2.140463001152258e-05
  }
}