{
  "epoch": 23,
  "train": {
    "epoch": 23,
    "phase": "train",
    "timestamp_start": 1778196087.4137588,
    "timestamp_end": 1778196386.8162353,
    "duration_sec": 299.40247654914856,
    "loss_mean": 0.010863514762536768,
    "loss_std": 0.00037663294808235243,
    "loss_min": 0.0095991101115942,
    "loss_max": 0.011928226798772812,
    "accuracy_mean": 0.9967662504502943,
    "iou_mean": 0.973330109269469,
    "dice_mean": 0.9864426979096064,
    "precision_mean": 0.5,
    "recall_mean": 0.5,
    "f1_mean": 0.4999999403953552,
    "avg_batch_time_ms": 616.199959130276,
    "avg_forward_time_ms": 178.71513844647885,
    "avg_backward_time_ms": 246.3451648925568,
    "avg_data_load_time_ms": 67.02667349701994,
    "throughput_samples_per_sec": 45.87136405247967,
    "cpu_percent_mean": 32.14941724941725,
    "cpu_percent_max": 100.0,
    "ram_used_mb_mean": 17655.59566215035,
    "ram_used_mb_max": 17956.9375,
    "gpu_memory_mb_mean": 471.33727486706005,
    "gpu_memory_mb_max": 471.90966796875,
    "gpu_utilization_mean": 0.0,
    "gpu_utilization_max": 0.0,
    "learning_rate": 1.737803498523653e-05
  },
  "val": {
    "epoch": 23,
    "phase": "val",
    "timestamp_start": 1778196386.8197556,
    "timestamp_end": 1778196429.2990716,
    "duration_sec": 42.479315996170044,
    "loss_mean": 0.014531464832227515,
    "loss_std": 0.0010315364476778288,
    "loss_min": 0.012902399525046349,
    "loss_max": 0.019031129777431488,
    "accuracy_mean": 0.995878640724265,
    "iou_mean": 0.9641800555198089,
    "dice_mean": 0.9816745733437331,
    "precision_mean": 0.5,
    "recall_mean": 0.5,
    "f1_mean": 0.4999999403953552,
    "avg_batch_time_ms": 365.7730740049611,
    "avg_forward_time_ms": 176.08553689459094,
    "avg_backward_time_ms": 0.0,
    "avg_data_load_time_ms": 77.90585963622384,
    "throughput_samples_per_sec": 69.28077656112312,
    "cpu_percent_mean": 57.89891304347828,
    "cpu_percent_max": 88.1,
    "ram_used_mb_mean": 17989.295686141304,
    "ram_used_mb_max": 18069.85546875,
    "gpu_memory_mb_mean": 471.83358101222825,
    "gpu_memory_mb_max": 471.90966796875,
    "gpu_utilization_mean": 0.0,
    "gpu_utilization_max": 0.0,
    "learning_rate": 1.737803498523653e-05
  }
}