{
  "epoch": 1,
  "train_batches": [
    {
      "batch_idx": 0,
      "timestamp": 1772086099.6430945,
      "loss": 0.7972298860549927,
      "forward_time_ms": 383.30531120300293,
      "backward_time_ms": 471.3289737701416,
      "optimizer_time_ms": 40.140390396118164,
      "data_load_time_ms": 30.875682830810547,
      "total_time_ms": 903.4264087677002,
      "cpu_percent": 29.5,
      "ram_used_mb": 11770.83203125,
      "gpu_memory_mb": 3492.9375,
      "gpu_utilization": 25,
      "accuracy": 0.6472263336181641,
      "iou": 0.02765803039073944,
      "dice": 0.053827304393053055
    },
    {
      "batch_idx": 1,
      "timestamp": 1772086100.2511122,
      "loss": 0.6483872532844543,
      "forward_time_ms": 156.2173366546631,
      "backward_time_ms": 387.2859477996826,
      "optimizer_time_ms": 9.343624114990234,
      "data_load_time_ms": 38.91754150390625,
      "total_time_ms": 566.0843849182129,
      "cpu_percent": 31.9,
      "ram_used_mb": 11770.5078125,
      "gpu_memory_mb": 3492.9375,
      "gpu_utilization": 86,
      "accuracy": 0.6182060241699219,
      "iou": 0.24857443571090698,
      "dice": 0.3981732130050659
    }
  ],
  "val_batches": [
    {
      "batch_idx": 0,
      "timestamp": 1772086100.471219,
      "loss": 0.7132875919342041,
      "forward_time_ms": 150.52032470703125,
      "backward_time_ms": 0.0,
      "optimizer_time_ms": 0.0,
      "data_load_time_ms": 25.803089141845703,
      "total_time_ms": 157.792329788208,
      "cpu_percent": 25.7,
      "ram_used_mb": 11771.07421875,
      "gpu_memory_mb": 3492.9375,
      "gpu_utilization": 86,
      "accuracy": 0.82342529296875,
      "iou": 0.0,
      "dice": 0.0
    },
    {
      "batch_idx": 1,
      "timestamp": 1772086100.6647837,
      "loss": 0.7425514459609985,
      "forward_time_ms": 153.7928581237793,
      "backward_time_ms": 0.0,
      "optimizer_time_ms": 0.0,
      "data_load_time_ms": 29.27994728088379,
      "total_time_ms": 161.70859336853027,
      "cpu_percent": 26.9,
      "ram_used_mb": 11778.94921875,
      "gpu_memory_mb": 3492.9375,
      "gpu_utilization": 86,
      "accuracy": 0.8739585876464844,
      "iou": 0.0,
      "dice": 0.0
    }
  ]
}