{
  "epoch": 2,
  "train": {
    "epoch": 2,
    "phase": "train",
    "timestamp_start": 1773362595.4437008,
    "timestamp_end": 1773362954.207031,
    "duration_sec": 358.76333022117615,
    "loss_mean": 0.21912596272535562,
    "loss_std": 0.056141227378008085,
    "loss_min": 0.12836036086082458,
    "loss_max": 0.4473927915096283,
    "accuracy_mean": 0.984519233388349,
    "iou_mean": 0.8720266516543617,
    "dice_mean": 0.9293867833358197,
    "precision_mean": 0.9502177303487604,
    "recall_mean": 0.979615623596286,
    "f1_mean": 0.9642780058640094,
    "avg_batch_time_ms": 556.2723644508803,
    "avg_forward_time_ms": 155.11503061972374,
    "avg_backward_time_ms": 382.2792502474194,
    "avg_data_load_time_ms": 31.780052185058594,
    "throughput_samples_per_sec": 6.750968663678216,
    "cpu_percent_mean": 29.129917355371898,
    "cpu_percent_max": 55.5,
    "ram_used_mb_mean": 11991.578350981405,
    "ram_used_mb_max": 12367.34375,
    "gpu_memory_mb_mean": 3270.7586776859503,
    "gpu_memory_mb_max": 3297.1875,
    "gpu_utilization_mean": 93.29752066115702,
    "gpu_utilization_max": 97.0,
    "learning_rate": 9.939057285945933e-05
  },
  "val": {
    "epoch": 2,
    "phase": "val",
    "timestamp_start": 1773362954.2090719,
    "timestamp_end": 1773362979.1306715,
    "duration_sec": 24.921599626541138,
    "loss_mean": 0.14374975504783483,
    "loss_std": 0.028195850999980166,
    "loss_min": 0.12786902487277985,
    "loss_max": 0.3375244140625,
    "accuracy_mean": 0.9853854940487788,
    "iou_mean": 0.8819756718782278,
    "dice_mean": 0.9349172463783851,
    "precision_mean": 0.9542460001431978,
    "recall_mean": 0.9779441067805656,
    "f1_mean": 0.9654408175211686,
    "avg_batch_time_ms": 161.4061502309946,
    "avg_forward_time_ms": 153.31119574033298,
    "avg_backward_time_ms": 0.0,
    "avg_data_load_time_ms": 25.333178960360012,
    "throughput_samples_per_sec": 20.825308478484367,
    "cpu_percent_mean": 34.572307692307696,
    "cpu_percent_max": 66.9,
    "ram_used_mb_mean": 11800.736688701923,
    "ram_used_mb_max": 12007.78125,
    "gpu_memory_mb_mean": 3265.9225961538464,
    "gpu_memory_mb_max": 3266.0,
    "gpu_utilization_mean": 83.73076923076923,
    "gpu_utilization_max": 96.0,
    "learning_rate": 9.939057285945933e-05
  }
}