{
  "epoch": 5,
  "train": {
    "epoch": 5,
    "phase": "train",
    "timestamp_start": 1778189976.7892156,
    "timestamp_end": 1778190271.4228437,
    "duration_sec": 294.6336281299591,
    "loss_mean": 0.06661285537279847,
    "loss_std": 0.011088589221661714,
    "loss_min": 0.051365260034799576,
    "loss_max": 0.1385314017534256,
    "accuracy_mean": 0.9906314033450503,
    "iou_mean": 0.9131439868664686,
    "dice_mean": 0.9536916380162006,
    "precision_mean": 0.5,
    "recall_mean": 0.5,
    "f1_mean": 0.4999999403953552,
    "avg_batch_time_ms": 604.8383679423299,
    "avg_forward_time_ms": 178.0070552737007,
    "avg_backward_time_ms": 243.20616977753895,
    "avg_data_load_time_ms": 68.00357500712077,
    "throughput_samples_per_sec": 46.61382370766622,
    "cpu_percent_mean": 32.485314685314684,
    "cpu_percent_max": 66.7,
    "ram_used_mb_mean": 5641.850424315268,
    "ram_used_mb_max": 5936.53515625,
    "gpu_memory_mb_mean": 471.33727486706005,
    "gpu_memory_mb_max": 471.90966796875,
    "gpu_utilization_mean": 0.0,
    "gpu_utilization_max": 0.0,
    "learning_rate": 9.572050015330873e-05
  },
  "val": {
    "epoch": 5,
    "phase": "val",
    "timestamp_start": 1778190271.4333417,
    "timestamp_end": 1778190313.1900427,
    "duration_sec": 41.75670099258423,
    "loss_mean": 0.0588389393347113,
    "loss_std": 0.009577948294303841,
    "loss_min": 0.05042386054992676,
    "loss_max": 0.09065530449151993,
    "accuracy_mean": 0.9904419591893321,
    "iou_mean": 0.9134874590065168,
    "dice_mean": 0.9539309280074161,
    "precision_mean": 0.5,
    "recall_mean": 0.5,
    "f1_mean": 0.4999999403953552,
    "avg_batch_time_ms": 360.12104024057805,
    "avg_forward_time_ms": 177.16150439303854,
    "avg_backward_time_ms": 0.0,
    "avg_data_load_time_ms": 79.40906027088995,
    "throughput_samples_per_sec": 70.47970577279708,
    "cpu_percent_mean": 57.18586956521739,
    "cpu_percent_max": 75.7,
    "ram_used_mb_mean": 6054.263884171196,
    "ram_used_mb_max": 6149.39453125,
    "gpu_memory_mb_mean": 471.83358101222825,
    "gpu_memory_mb_max": 471.90966796875,
    "gpu_utilization_mean": 0.0,
    "gpu_utilization_max": 0.0,
    "learning_rate": 9.572050015330873e-05
  }
}