{
  "epoch": 24,
  "train": {
    "epoch": 24,
    "phase": "train",
    "timestamp_start": 1778196429.4311266,
    "timestamp_end": 1778196727.8133512,
    "duration_sec": 298.38222455978394,
    "loss_mean": 0.010479344200507883,
    "loss_std": 0.0003521132047977696,
    "loss_min": 0.009574311785399914,
    "loss_max": 0.011470552533864975,
    "accuracy_mean": 0.9968667786160271,
    "iou_mean": 0.9743002390528058,
    "dice_mean": 0.9869443386584729,
    "precision_mean": 0.5,
    "recall_mean": 0.5,
    "f1_mean": 0.4999999403953552,
    "avg_batch_time_ms": 613.3358245129352,
    "avg_forward_time_ms": 179.1650359725063,
    "avg_backward_time_ms": 246.41348487569456,
    "avg_data_load_time_ms": 67.36805889156315,
    "throughput_samples_per_sec": 46.02821103121125,
    "cpu_percent_mean": 32.3944055944056,
    "cpu_percent_max": 60.0,
    "ram_used_mb_mean": 18423.84056308275,
    "ram_used_mb_max": 18730.421875,
    "gpu_memory_mb_mean": 471.33460013293995,
    "gpu_memory_mb_max": 471.90966796875,
    "gpu_utilization_mean": 0.0,
    "gpu_utilization_max": 0.0,
    "learning_rate": 1.3714331138868993e-05
  },
  "val": {
    "epoch": 24,
    "phase": "val",
    "timestamp_start": 1778196727.8169954,
    "timestamp_end": 1778196770.6552036,
    "duration_sec": 42.83820819854736,
    "loss_mean": 0.014324166579172015,
    "loss_std": 0.0010749764916234185,
    "loss_min": 0.012606848031282425,
    "loss_max": 0.019244762137532234,
    "accuracy_mean": 0.9959373467642328,
    "iou_mean": 0.9647869584353074,
    "dice_mean": 0.9819927358109019,
    "precision_mean": 0.5,
    "recall_mean": 0.5,
    "f1_mean": 0.4999999403953552,
    "avg_batch_time_ms": 366.56421682109004,
    "avg_forward_time_ms": 176.027976948282,
    "avg_backward_time_ms": 0.0,
    "avg_data_load_time_ms": 80.55373896723208,
    "throughput_samples_per_sec": 68.7003524134279,
    "cpu_percent_mean": 58.54347826086958,
    "cpu_percent_max": 100.0,
    "ram_used_mb_mean": 18657.085725203804,
    "ram_used_mb_max": 18741.07421875,
    "gpu_memory_mb_mean": 470.68612007472825,
    "gpu_memory_mb_max": 470.76220703125,
    "gpu_utilization_mean": 0.0,
    "gpu_utilization_max": 0.0,
    "learning_rate": 1.3714331138868993e-05
  }
}