{
  "epoch": 18,
  "train": {
    "epoch": 18,
    "phase": "train",
    "timestamp_start": 1774110859.5913289,
    "timestamp_end": 1774111089.8935053,
    "duration_sec": 230.3021764755249,
    "loss_mean": 0.015475117483669344,
    "loss_std": 0.0004810584390896209,
    "loss_min": 0.01410081796348095,
    "loss_max": 0.01719548925757408,
    "accuracy_mean": 0.995651605199365,
    "iou_mean": 0.9659420807571972,
    "dice_mean": 0.9826028190991458,
    "precision_mean": 0.5,
    "recall_mean": 0.5,
    "f1_mean": 0.4999999403953552,
    "avg_batch_time_ms": 597.9121678015765,
    "avg_forward_time_ms": 174.70429855234482,
    "avg_backward_time_ms": 235.72612299638635,
    "avg_data_load_time_ms": 65.21759874680463,
    "throughput_samples_per_sec": 47.32478071547135,
    "cpu_percent_mean": 33.078235294117654,
    "cpu_percent_max": 60.3,
    "ram_used_mb_mean": 11881.834466911765,
    "ram_used_mb_max": 12126.90625,
    "gpu_memory_mb_mean": 471.40234375,
    "gpu_memory_mb_max": 471.40234375,
    "gpu_utilization_mean": 0.0,
    "gpu_utilization_max": 0.0,
    "learning_rate": 4.0208371304520894e-05
  },
  "val": {
    "epoch": 18,
    "phase": "val",
    "timestamp_start": 1774111089.9017098,
    "timestamp_end": 1774111122.605748,
    "duration_sec": 32.70403814315796,
    "loss_mean": 0.018773012373545398,
    "loss_std": 0.0011764780464957572,
    "loss_min": 0.01609818823635578,
    "loss_max": 0.02172940783202648,
    "accuracy_mean": 0.9947815365987281,
    "iou_mean": 0.9574729922699602,
    "dice_mean": 0.978145086601989,
    "precision_mean": 0.5,
    "recall_mean": 0.5,
    "f1_mean": 0.4999999403953552,
    "avg_batch_time_ms": 351.5947354982977,
    "avg_forward_time_ms": 168.98986411421265,
    "avg_backward_time_ms": 0.0,
    "avg_data_load_time_ms": 79.66261693876083,
    "throughput_samples_per_sec": 71.39791085672114,
    "cpu_percent_mean": 58.78767123287671,
    "cpu_percent_max": 88.2,
    "ram_used_mb_mean": 12156.661868578767,
    "ram_used_mb_max": 12212.39453125,
    "gpu_memory_mb_mean": 471.30645333904107,
    "gpu_memory_mb_max": 471.40234375,
    "gpu_utilization_mean": 0.0,
    "gpu_utilization_max": 0.0,
    "learning_rate": 4.0208371304520894e-05
  }
}