{
  "epoch": 20,
  "train": {
    "epoch": 20,
    "phase": "train",
    "timestamp_start": 1774111385.7416453,
    "timestamp_end": 1774111616.5047371,
    "duration_sec": 230.76309180259705,
    "loss_mean": 0.013884428847471582,
    "loss_std": 0.0004417291868509587,
    "loss_min": 0.012824771925807,
    "loss_max": 0.015289569273591042,
    "accuracy_mean": 0.9960112985442666,
    "iou_mean": 0.969053817671888,
    "dice_mean": 0.9842249209389967,
    "precision_mean": 0.5,
    "recall_mean": 0.5,
    "f1_mean": 0.4999999403953552,
    "avg_batch_time_ms": 598.8163464209613,
    "avg_forward_time_ms": 175.09466199313894,
    "avg_backward_time_ms": 236.18242670507993,
    "avg_data_load_time_ms": 65.43981187483844,
    "throughput_samples_per_sec": 47.23025642819603,
    "cpu_percent_mean": 32.805,
    "cpu_percent_max": 63.2,
    "ram_used_mb_mean": 12956.495094209558,
    "ram_used_mb_max": 13206.43359375,
    "gpu_memory_mb_mean": 471.40234375,
    "gpu_memory_mb_max": 471.40234375,
    "gpu_utilization_mean": 0.0,
    "gpu_utilization_max": 0.0,
    "learning_rate": 3.036653616774789e-05
  },
  "val": {
    "epoch": 20,
    "phase": "val",
    "timestamp_start": 1774111616.5155632,
    "timestamp_end": 1774111649.7533836,
    "duration_sec": 33.2378203868866,
    "loss_mean": 0.017695831390072223,
    "loss_std": 0.0012315719518025592,
    "loss_min": 0.015168797224760056,
    "loss_max": 0.021633490920066833,
    "accuracy_mean": 0.9950362394933832,
    "iou_mean": 0.959624413758108,
    "dice_mean": 0.9792817839204448,
    "precision_mean": 0.5,
    "recall_mean": 0.5,
    "f1_mean": 0.4999999403953552,
    "avg_batch_time_ms": 353.87351414928696,
    "avg_forward_time_ms": 171.0744557315356,
    "avg_backward_time_ms": 0.0,
    "avg_data_load_time_ms": 84.35313995570353,
    "throughput_samples_per_sec": 70.25129725176666,
    "cpu_percent_mean": 57.52328767123287,
    "cpu_percent_max": 77.8,
    "ram_used_mb_mean": 13234.772527825342,
    "ram_used_mb_max": 13322.83984375,
    "gpu_memory_mb_mean": 471.30645333904107,
    "gpu_memory_mb_max": 471.40234375,
    "gpu_utilization_mean": 0.0,
    "gpu_utilization_max": 0.0,
    "learning_rate": 3.036653616774789e-05
  }
}