{
  "epoch": 1,
  "train": {
    "epoch": 1,
    "phase": "train",
    "timestamp_start": 1773362178.5873454,
    "timestamp_end": 1773362567.0397143,
    "duration_sec": 388.45236897468567,
    "loss_mean": 0.5419191822040179,
    "loss_std": 0.16128293028302162,
    "loss_min": 0.3142630159854889,
    "loss_max": 1.140711784362793,
    "accuracy_mean": 0.9544747801851635,
    "iou_mean": 0.7194303561463828,
    "dice_mean": 0.7987057908507418,
    "precision_mean": 0.8649289757444346,
    "recall_mean": 0.9473969303625674,
    "f1_mean": 0.9015751386476942,
    "avg_batch_time_ms": 603.7091542866605,
    "avg_forward_time_ms": 170.7880792538982,
    "avg_backward_time_ms": 412.4904821726901,
    "avg_data_load_time_ms": 32.95188147174425,
    "throughput_samples_per_sec": 6.23499865992022,
    "cpu_percent_mean": 19.930578512396693,
    "cpu_percent_max": 45.4,
    "ram_used_mb_mean": 12109.139695247934,
    "ram_used_mb_max": 12679.52734375,
    "gpu_memory_mb_mean": 3273.8860537190085,
    "gpu_memory_mb_max": 3317.75,
    "gpu_utilization_mean": 94.57190082644628,
    "gpu_utilization_max": 97.0,
    "learning_rate": 0.0001
  },
  "val": {
    "epoch": 1,
    "phase": "val",
    "timestamp_start": 1773362567.0410793,
    "timestamp_end": 1773362595.0703702,
    "duration_sec": 28.029290914535522,
    "loss_mean": 0.32573917714449074,
    "loss_std": 0.020640881393837227,
    "loss_min": 0.31087175011634827,
    "loss_max": 0.47337567806243896,
    "accuracy_mean": 0.9819898875860068,
    "iou_mean": 0.8580671755167154,
    "dice_mean": 0.92067631987425,
    "precision_mean": 0.9367003816824693,
    "recall_mean": 0.9812858123045701,
    "f1_mean": 0.9579699387917152,
    "avg_batch_time_ms": 181.87624491178073,
    "avg_forward_time_ms": 173.15902159764215,
    "avg_backward_time_ms": 0.0,
    "avg_data_load_time_ms": 28.33383266742413,
    "throughput_samples_per_sec": 18.516344262239443,
    "cpu_percent_mean": 24.773846153846154,
    "cpu_percent_max": 62.9,
    "ram_used_mb_mean": 12265.751081730768,
    "ram_used_mb_max": 12616.90625,
    "gpu_memory_mb_mean": 3210.1961538461537,
    "gpu_memory_mb_max": 3223.25,
    "gpu_utilization_mean": 86.37692307692308,
    "gpu_utilization_max": 97.0,
    "learning_rate": 0.0001
  }
}