{
  "epoch": 3,
  "train": {
    "epoch": 3,
    "phase": "train",
    "timestamp_start": 1773732947.2184372,
    "timestamp_end": 1773734501.6108716,
    "duration_sec": 1554.3924343585968,
    "loss_mean": 0.04404813718261326,
    "loss_std": 0.031361099846681235,
    "loss_min": 0.024665655568242073,
    "loss_max": 0.3874048888683319,
    "accuracy_mean": 0.9877249147748457,
    "iou_mean": 0.9002521135427178,
    "dice_mean": 0.9459378961993384,
    "precision_mean": 0.9687547670149418,
    "recall_mean": 0.9744032069975059,
    "f1_mean": 0.9712776735359352,
    "avg_batch_time_ms": 542.4091352065054,
    "avg_forward_time_ms": 152.41201946213732,
    "avg_backward_time_ms": 371.7069210109907,
    "avg_data_load_time_ms": 23.45691518461477,
    "throughput_samples_per_sec": 7.011742825741013,
    "cpu_percent_mean": 14.774632892804698,
    "cpu_percent_max": 15.6,
    "ram_used_mb_mean": 3506.7418791873165,
    "ram_used_mb_max": 3629.2578125,
    "gpu_memory_mb_mean": 3041.604533773862,
    "gpu_memory_mb_max": 3042.0,
    "gpu_utilization_mean": 94.6791483113069,
    "gpu_utilization_max": 97.0,
    "learning_rate": 9.960967771506666e-05
  },
  "val": {
    "epoch": 3,
    "phase": "val",
    "timestamp_start": 1773734501.6141875,
    "timestamp_end": 1773734610.4274569,
    "duration_sec": 108.81326937675476,
    "loss_mean": 0.04247978492958905,
    "loss_std": 0.030268710791837617,
    "loss_min": 0.02796509861946106,
    "loss_max": 0.27765920758247375,
    "accuracy_mean": 0.9879236864308788,
    "iou_mean": 0.9028120896179382,
    "dice_mean": 0.9472057269248244,
    "precision_mean": 0.968294254516902,
    "recall_mean": 0.9750533429523037,
    "f1_mean": 0.9713871875037886,
    "avg_batch_time_ms": 157.83904472442524,
    "avg_forward_time_ms": 149.91994263374642,
    "avg_backward_time_ms": 0.0,
    "avg_data_load_time_ms": 23.680851884084205,
    "throughput_samples_per_sec": 21.458779920629922,
    "cpu_percent_mean": 17.59623287671233,
    "cpu_percent_max": 21.1,
    "ram_used_mb_mean": 3568.209954248716,
    "ram_used_mb_max": 3754.57421875,
    "gpu_memory_mb_mean": 3041.5141267123286,
    "gpu_memory_mb_max": 3041.625,
    "gpu_utilization_mean": 83.9931506849315,
    "gpu_utilization_max": 94.0,
    "learning_rate": 9.960967771506666e-05
  }
}