{
  "epoch": 18,
  "train": {
    "epoch": 18,
    "phase": "train",
    "timestamp_start": 1775609801.413123,
    "timestamp_end": 1775610091.5622203,
    "duration_sec": 290.14909744262695,
    "loss_mean": 0.013807291586151767,
    "loss_std": 0.0004844087782376106,
    "loss_min": 0.012675168924033642,
    "loss_max": 0.015675706788897514,
    "accuracy_mean": 0.9960417397372372,
    "iou_mean": 0.9663044763055992,
    "dice_mean": 0.9827904341382024,
    "precision_mean": 0.5,
    "recall_mean": 0.5,
    "f1_mean": 0.4999999403953552,
    "avg_batch_time_ms": 596.8126733819921,
    "avg_forward_time_ms": 175.69946020077435,
    "avg_backward_time_ms": 239.1991342975821,
    "avg_data_load_time_ms": 65.08148300064194,
    "throughput_samples_per_sec": 47.33428475584251,
    "cpu_percent_mean": 32.941491841491846,
    "cpu_percent_max": 71.3,
    "ram_used_mb_mean": 14319.808994391025,
    "ram_used_mb_max": 14614.7265625,
    "gpu_memory_mb_mean": 471.40234375,
    "gpu_memory_mb_max": 471.40234375,
    "gpu_utilization_mean": 0.0,
    "gpu_utilization_max": 0.0,
    "learning_rate": 4.0208371304520894e-05
  },
  "val": {
    "epoch": 18,
    "phase": "val",
    "timestamp_start": 1775610091.573069,
    "timestamp_end": 1775610133.0045836,
    "duration_sec": 41.431514501571655,
    "loss_mean": 0.01657472995271825,
    "loss_std": 0.0008888046117255778,
    "loss_min": 0.015129507519304752,
    "loss_max": 0.01962706446647644,
    "accuracy_mean": 0.9953522526699564,
    "iou_mean": 0.9590298455694447,
    "dice_mean": 0.9789661959461544,
    "precision_mean": 0.5,
    "recall_mean": 0.5,
    "f1_mean": 0.4999999403953552,
    "avg_batch_time_ms": 353.0244283054186,
    "avg_forward_time_ms": 171.98192295820817,
    "avg_backward_time_ms": 0.0,
    "avg_data_load_time_ms": 80.98554611206055,
    "throughput_samples_per_sec": 71.03288488014023,
    "cpu_percent_mean": 59.27391304347825,
    "cpu_percent_max": 91.4,
    "ram_used_mb_mean": 14661.742866847826,
    "ram_used_mb_max": 14721.015625,
    "gpu_memory_mb_mean": 471.32625679347825,
    "gpu_memory_mb_max": 471.40234375,
    "gpu_utilization_mean": 0.0,
    "gpu_utilization_max": 0.0,
    "learning_rate": 4.0208371304520894e-05
  }
}