{
  "epoch": 28,
  "train": {
    "epoch": 28,
    "phase": "train",
    "timestamp_start": 1778197805.5360508,
    "timestamp_end": 1778198105.9215398,
    "duration_sec": 300.385488986969,
    "loss_mean": 0.009620588687454764,
    "loss_std": 0.00033317231803825785,
    "loss_min": 0.008666487410664558,
    "loss_max": 0.010705731809139252,
    "accuracy_mean": 0.9970899461866258,
    "iou_mean": 0.9764901106452053,
    "dice_mean": 0.9880741409488492,
    "precision_mean": 0.5,
    "recall_mean": 0.5,
    "f1_mean": 0.4999999403953552,
    "avg_batch_time_ms": 617.153398918383,
    "avg_forward_time_ms": 179.12565522538478,
    "avg_backward_time_ms": 246.73938362192717,
    "avg_data_load_time_ms": 68.02760637723483,
    "throughput_samples_per_sec": 45.721249872345844,
    "cpu_percent_mean": 32.88997668997669,
    "cpu_percent_max": 100.0,
    "ram_used_mb_mean": 20988.712294216202,
    "ram_used_mb_max": 21281.7734375,
    "gpu_memory_mb_mean": 471.33460013293995,
    "gpu_memory_mb_max": 471.90966796875,
    "gpu_utilization_mean": 0.0,
    "gpu_utilization_max": 0.0,
    "learning_rate": 3.4227024433898994e-06
  },
  "val": {
    "epoch": 28,
    "phase": "val",
    "timestamp_start": 1778198105.9247003,
    "timestamp_end": 1778198148.9496694,
    "duration_sec": 43.02496910095215,
    "loss_mean": 0.01387564777194158,
    "loss_std": 0.0010503966618172272,
    "loss_min": 0.012137601152062416,
    "loss_max": 0.017907656729221344,
    "accuracy_mean": 0.9960694358400677,
    "iou_mean": 0.9660170460524766,
    "dice_mean": 0.9826356405797212,
    "precision_mean": 0.5,
    "recall_mean": 0.5,
    "f1_mean": 0.4999999403953552,
    "avg_batch_time_ms": 367.3842860304791,
    "avg_forward_time_ms": 176.68702809706977,
    "avg_backward_time_ms": 0.0,
    "avg_data_load_time_ms": 80.95415519631428,
    "throughput_samples_per_sec": 68.40214093111042,
    "cpu_percent_mean": 57.991304347826095,
    "cpu_percent_max": 89.8,
    "ram_used_mb_mean": 21313.278150475544,
    "ram_used_mb_max": 21426.56640625,
    "gpu_memory_mb_mean": 470.68612007472825,
    "gpu_memory_mb_max": 470.76220703125,
    "gpu_utilization_mean": 0.0,
    "gpu_utilization_max": 0.0,
    "learning_rate": 3.4227024433898994e-06
  }
}