{
  "epoch": 20,
  "train": {
    "epoch": 20,
    "phase": "train",
    "timestamp_start": 1773761221.601665,
    "timestamp_end": 1773762781.7838705,
    "duration_sec": 1560.182205438614,
    "loss_mean": 0.010695945421950386,
    "loss_std": 0.0008825239493831982,
    "loss_min": 0.007772157900035381,
    "loss_max": 0.01482813898473978,
    "accuracy_mean": 0.9966147236536953,
    "iou_mean": 0.9728868836523328,
    "dice_mean": 0.9862066623091522,
    "precision_mean": 0.9925561115123802,
    "recall_mean": 0.9923414627798504,
    "f1_mean": 0.9924480288389321,
    "avg_batch_time_ms": 544.0258761859675,
    "avg_forward_time_ms": 153.02884508684693,
    "avg_backward_time_ms": 372.7970137295044,
    "avg_data_load_time_ms": 23.924564475004892,
    "throughput_samples_per_sec": 6.985722540615675,
    "cpu_percent_mean": 14.658406754772393,
    "cpu_percent_max": 65.7,
    "ram_used_mb_mean": 3612.224678207599,
    "ram_used_mb_max": 3836.2109375,
    "gpu_memory_mb_mean": 3064.8102514684288,
    "gpu_memory_mb_max": 3093.1875,
    "gpu_utilization_mean": 94.9309838472834,
    "gpu_utilization_max": 98.0,
    "learning_rate": 6.872216535789155e-05
  },
  "val": {
    "epoch": 20,
    "phase": "val",
    "timestamp_start": 1773762781.7885244,
    "timestamp_end": 1773762891.8067486,
    "duration_sec": 110.01822423934937,
    "loss_mean": 0.012755435478414269,
    "loss_std": 0.0018436237762395136,
    "loss_min": 0.008941613137722015,
    "loss_max": 0.021131383255124092,
    "accuracy_mean": 0.9960943950365667,
    "iou_mean": 0.9677117814960545,
    "dice_mean": 0.9835090734166642,
    "precision_mean": 0.991654256741478,
    "recall_mean": 0.9908665695214924,
    "f1_mean": 0.9912596782797003,
    "avg_batch_time_ms": 158.84955166137382,
    "avg_forward_time_ms": 150.84384892084827,
    "avg_backward_time_ms": 0.0,
    "avg_data_load_time_ms": 24.70886952256503,
    "throughput_samples_per_sec": 21.223756483472297,
    "cpu_percent_mean": 17.592294520547945,
    "cpu_percent_max": 20.2,
    "ram_used_mb_mean": 3633.1515678510273,
    "ram_used_mb_max": 3717.96875,
    "gpu_memory_mb_mean": 3077.253424657534,
    "gpu_memory_mb_max": 3077.5,
    "gpu_utilization_mean": 86.54280821917808,
    "gpu_utilization_max": 95.0,
    "learning_rate": 6.872216535789155e-05
  }
}