{
  "epoch": 14,
  "train": {
    "epoch": 14,
    "phase": "train",
    "timestamp_start": 1773283036.4888575,
    "timestamp_end": 1773283072.1054044,
    "duration_sec": 35.616546869277954,
    "loss_mean": 0.33135213057200114,
    "loss_std": 0.014372076629559465,
    "loss_min": 0.3178011178970337,
    "loss_max": 0.43014097213745117,
    "accuracy_mean": 0.9875913778940837,
    "iou_mean": 0.8960052678982416,
    "dice_mean": 0.9432109206914902,
    "precision_mean": 0.9545591771602631,
    "recall_mean": 0.9877481093009313,
    "f1_mean": 0.9708536783854167,
    "avg_batch_time_ms": 575.9944796562195,
    "avg_forward_time_ms": 163.51696252822876,
    "avg_backward_time_ms": 391.6511495908101,
    "avg_data_load_time_ms": 12.50694990158081,
    "throughput_samples_per_sec": 6.794594683426311,
    "cpu_percent_mean": 20.991666666666667,
    "cpu_percent_max": 45.8,
    "ram_used_mb_mean": 10173.9109375,
    "ram_used_mb_max": 10387.265625,
    "gpu_memory_mb_mean": 3305.85625,
    "gpu_memory_mb_max": 3350.4375,
    "gpu_utilization_mean": 95.68333333333334,
    "gpu_utilization_max": 99.0,
    "learning_rate": 2.8027470262892444e-05
  },
  "val": {
    "epoch": 14,
    "phase": "val",
    "timestamp_start": 1773283072.1062267,
    "timestamp_end": 1773283074.508267,
    "duration_sec": 2.4020402431488037,
    "loss_mean": 0.3352482502277081,
    "loss_std": 0.006406228842206559,
    "loss_min": 0.3200158476829529,
    "loss_max": 0.3443431854248047,
    "accuracy_mean": 0.9857386809128982,
    "iou_mean": 0.8711240062346826,
    "dice_mean": 0.9293087904269879,
    "precision_mean": 0.9508060721250681,
    "recall_mean": 0.9842094503916227,
    "f1_mean": 0.9672138003202585,
    "avg_batch_time_ms": 168.21751227745642,
    "avg_forward_time_ms": 159.470429787269,
    "avg_backward_time_ms": 0.0,
    "avg_data_load_time_ms": 11.358261108398438,
    "throughput_samples_per_sec": 21.231950690861346,
    "cpu_percent_mean": 22.846153846153847,
    "cpu_percent_max": 24.5,
    "ram_used_mb_mean": 10349.939603365385,
    "ram_used_mb_max": 10355.0859375,
    "gpu_memory_mb_mean": 3304.8076923076924,
    "gpu_memory_mb_max": 3305.4375,
    "gpu_utilization_mean": 93.84615384615384,
    "gpu_utilization_max": 96.0,
    "learning_rate": 2.8027470262892444e-05
  }
}