{
  "epoch": 6,
  "train": {
    "epoch": 6,
    "phase": "train",
    "timestamp_start": 1775605824.8259814,
    "timestamp_end": 1775606115.0962062,
    "duration_sec": 290.2702248096466,
    "loss_mean": 0.05107006809233507,
    "loss_std": 0.009685535918662795,
    "loss_min": 0.03879815340042114,
    "loss_max": 0.10200326144695282,
    "accuracy_mean": 0.9911156895555261,
    "iou_mean": 0.9185425444638534,
    "dice_mean": 0.956759403913449,
    "precision_mean": 0.5,
    "recall_mean": 0.5,
    "f1_mean": 0.4999999403953552,
    "avg_batch_time_ms": 597.3736156116832,
    "avg_forward_time_ms": 175.8423846362632,
    "avg_backward_time_ms": 238.23761773276163,
    "avg_data_load_time_ms": 65.34470822705534,
    "throughput_samples_per_sec": 47.3145325498214,
    "cpu_percent_mean": 32.33962703962704,
    "cpu_percent_max": 53.3,
    "ram_used_mb_mean": 6310.140024038462,
    "ram_used_mb_max": 6602.5703125,
    "gpu_memory_mb_mean": 471.40234375,
    "gpu_memory_mb_max": 471.40234375,
    "gpu_utilization_mean": 0.0,
    "gpu_utilization_max": 0.0,
    "learning_rate": 9.336825748732972e-05
  },
  "val": {
    "epoch": 6,
    "phase": "val",
    "timestamp_start": 1775606115.1063175,
    "timestamp_end": 1775606156.5066986,
    "duration_sec": 41.400381088256836,
    "loss_mean": 0.04831279664421859,
    "loss_std": 0.008800410175036969,
    "loss_min": 0.03995339944958687,
    "loss_max": 0.07287441194057465,
    "accuracy_mean": 0.9907702123341353,
    "iou_mean": 0.9166914820671082,
    "dice_mean": 0.9557271230479946,
    "precision_mean": 0.5,
    "recall_mean": 0.5,
    "f1_mean": 0.4999999403953552,
    "avg_batch_time_ms": 356.0962962067646,
    "avg_forward_time_ms": 171.77685965662417,
    "avg_backward_time_ms": 0.0,
    "avg_data_load_time_ms": 79.6284442362578,
    "throughput_samples_per_sec": 71.08630217016959,
    "cpu_percent_mean": 58.95869565217392,
    "cpu_percent_max": 100.0,
    "ram_used_mb_mean": 6655.926120923913,
    "ram_used_mb_max": 6715.5078125,
    "gpu_memory_mb_mean": 471.32625679347825,
    "gpu_memory_mb_max": 471.40234375,
    "gpu_utilization_mean": 0.0,
    "gpu_utilization_max": 0.0,
    "learning_rate": 9.336825748732972e-05
  }
}