{
  "epoch": 15,
  "train": {
    "epoch": 15,
    "phase": "train",
    "timestamp_start": 1775608804.4116008,
    "timestamp_end": 1775609095.0603766,
    "duration_sec": 290.64877581596375,
    "loss_mean": 0.016668740720737787,
    "loss_std": 0.0005481502124462948,
    "loss_min": 0.01500602625310421,
    "loss_max": 0.01865069568157196,
    "accuracy_mean": 0.9953852400079474,
    "iou_mean": 0.9600743883417481,
    "dice_mean": 0.9795232135932762,
    "precision_mean": 0.5,
    "recall_mean": 0.5,
    "f1_mean": 0.4999999403953552,
    "avg_batch_time_ms": 597.9709091720048,
    "avg_forward_time_ms": 176.6373533191103,
    "avg_backward_time_ms": 239.43497417690037,
    "avg_data_load_time_ms": 65.19638908492935,
    "throughput_samples_per_sec": 47.25290846811014,
    "cpu_percent_mean": 33.30279720279721,
    "cpu_percent_max": 66.7,
    "ram_used_mb_mean": 12403.248634178322,
    "ram_used_mb_max": 12694.015625,
    "gpu_memory_mb_mean": 471.40234375,
    "gpu_memory_mb_max": 471.40234375,
    "gpu_utilization_mean": 0.0,
    "gpu_utilization_max": 0.0,
    "learning_rate": 5.567415893174884e-05
  },
  "val": {
    "epoch": 15,
    "phase": "val",
    "timestamp_start": 1775609095.0706909,
    "timestamp_end": 1775609136.2895322,
    "duration_sec": 41.218841314315796,
    "loss_mean": 0.01881362234606691,
    "loss_std": 0.0009046200388237079,
    "loss_min": 0.017032794654369354,
    "loss_max": 0.021932262927293777,
    "accuracy_mean": 0.9948336799507556,
    "iou_mean": 0.9541001287491425,
    "dice_mean": 0.9763570687045222,
    "precision_mean": 0.5,
    "recall_mean": 0.5,
    "f1_mean": 0.4999999403953552,
    "avg_batch_time_ms": 349.41643735636836,
    "avg_forward_time_ms": 172.42319428402445,
    "avg_backward_time_ms": 0.0,
    "avg_data_load_time_ms": 82.34672442726468,
    "throughput_samples_per_sec": 71.39938693467982,
    "cpu_percent_mean": 57.720652173913045,
    "cpu_percent_max": 88.5,
    "ram_used_mb_mean": 12663.813858695652,
    "ram_used_mb_max": 12739.984375,
    "gpu_memory_mb_mean": 471.32625679347825,
    "gpu_memory_mb_max": 471.40234375,
    "gpu_utilization_mean": 0.0,
    "gpu_utilization_max": 0.0,
    "learning_rate": 5.567415893174884e-05
  }
}