{
  "epoch": 16,
  "train": {
    "epoch": 16,
    "phase": "train",
    "timestamp_start": 1778193693.9286623,
    "timestamp_end": 1778193991.1009004,
    "duration_sec": 297.172238111496,
    "loss_mean": 0.015604890798303213,
    "loss_std": 0.000519860367150957,
    "loss_min": 0.014165248721837997,
    "loss_max": 0.017191655933856964,
    "accuracy_mean": 0.9956086740627156,
    "iou_mean": 0.9622798838537612,
    "dice_mean": 0.9806834827492009,
    "precision_mean": 0.5,
    "recall_mean": 0.5,
    "f1_mean": 0.4999999403953552,
    "avg_batch_time_ms": 610.5605616714015,
    "avg_forward_time_ms": 179.02485084978295,
    "avg_backward_time_ms": 245.04932601412972,
    "avg_data_load_time_ms": 67.72831325486545,
    "throughput_samples_per_sec": 46.215622587353344,
    "cpu_percent_mean": 32.779487179487184,
    "cpu_percent_max": 100.0,
    "ram_used_mb_mean": 12993.018292905012,
    "ram_used_mb_max": 13292.0703125,
    "gpu_memory_mb_mean": 471.33460013293995,
    "gpu_memory_mb_max": 471.90966796875,
    "gpu_utilization_mean": 0.0,
    "gpu_utilization_max": 0.0,
    "learning_rate": 5.05e-05
  },
  "val": {
    "epoch": 16,
    "phase": "val",
    "timestamp_start": 1778193991.1121905,
    "timestamp_end": 1778194033.8478162,
    "duration_sec": 42.73562574386597,
    "loss_mean": 0.017960548380632765,
    "loss_std": 0.0010427370410700438,
    "loss_min": 0.016215745359659195,
    "loss_max": 0.022946797311306,
    "accuracy_mean": 0.9950079775374868,
    "iou_mean": 0.9560586985038675,
    "dice_mean": 0.9773976731559505,
    "precision_mean": 0.5,
    "recall_mean": 0.5,
    "f1_mean": 0.4999999403953552,
    "avg_batch_time_ms": 364.8308982019839,
    "avg_forward_time_ms": 178.006737128548,
    "avg_backward_time_ms": 0.0,
    "avg_data_load_time_ms": 83.09087545975395,
    "throughput_samples_per_sec": 68.86526051212488,
    "cpu_percent_mean": 56.0804347826087,
    "cpu_percent_max": 85.7,
    "ram_used_mb_mean": 13382.954186480978,
    "ram_used_mb_max": 13492.11328125,
    "gpu_memory_mb_mean": 470.68612007472825,
    "gpu_memory_mb_max": 470.76220703125,
    "gpu_utilization_mean": 0.0,
    "gpu_utilization_max": 0.0,
    "learning_rate": 5.05e-05
  }
}