{
  "epoch": 19,
  "train": {
    "epoch": 19,
    "phase": "train",
    "timestamp_start": 1778194715.2389574,
    "timestamp_end": 1778195013.3538136,
    "duration_sec": 298.11485624313354,
    "loss_mean": 0.013042267900403146,
    "loss_std": 0.00044133539799071054,
    "loss_min": 0.01195809431374073,
    "loss_max": 0.01474887877702713,
    "accuracy_mean": 0.9962158850578717,
    "iou_mean": 0.9680721244334063,
    "dice_mean": 0.9837129293899713,
    "precision_mean": 0.5,
    "recall_mean": 0.5,
    "f1_mean": 0.4999999403953552,
    "avg_batch_time_ms": 612.1781455886947,
    "avg_forward_time_ms": 180.28177303589862,
    "avg_backward_time_ms": 245.5885315830613,
    "avg_data_load_time_ms": 68.1413620501965,
    "throughput_samples_per_sec": 46.06949205107363,
    "cpu_percent_mean": 33.48041958041958,
    "cpu_percent_max": 100.0,
    "ram_used_mb_mean": 15033.872295673076,
    "ram_used_mb_max": 15392.65625,
    "gpu_memory_mb_mean": 471.33727486706005,
    "gpu_memory_mb_max": 471.90966796875,
    "gpu_utilization_mean": 0.0,
    "gpu_utilization_max": 0.0,
    "learning_rate": 3.520365877844009e-05
  },
  "val": {
    "epoch": 19,
    "phase": "val",
    "timestamp_start": 1778195013.3654952,
    "timestamp_end": 1778195055.5654976,
    "duration_sec": 42.20000243186951,
    "loss_mean": 0.016069175462926858,
    "loss_std": 0.0009917325117113796,
    "loss_min": 0.014299491420388222,
    "loss_max": 0.019708380103111267,
    "accuracy_mean": 0.9954541150642477,
    "iou_mean": 0.96040213626364,
    "dice_mean": 0.9796919297912846,
    "precision_mean": 0.5,
    "recall_mean": 0.5,
    "f1_mean": 0.4999999403953552,
    "avg_batch_time_ms": 356.7454270694567,
    "avg_forward_time_ms": 174.3447184562683,
    "avg_backward_time_ms": 0.0,
    "avg_data_load_time_ms": 84.72796626712964,
    "throughput_samples_per_sec": 69.73933247400578,
    "cpu_percent_mean": 58.751086956521746,
    "cpu_percent_max": 85.8,
    "ram_used_mb_mean": 15329.500127377718,
    "ram_used_mb_max": 15392.328125,
    "gpu_memory_mb_mean": 471.83358101222825,
    "gpu_memory_mb_max": 471.90966796875,
    "gpu_utilization_mean": 0.0,
    "gpu_utilization_max": 0.0,
    "learning_rate": 3.520365877844009e-05
  }
}