{
  "epoch": 3,
  "train": {
    "epoch": 3,
    "phase": "train",
    "timestamp_start": 1775604829.488869,
    "timestamp_end": 1775605119.7602036,
    "duration_sec": 290.2713346481323,
    "loss_mean": 0.17581323021914297,
    "loss_std": 0.03261758570017321,
    "loss_min": 0.12285509705543518,
    "loss_max": 0.2505318522453308,
    "accuracy_mean": 0.987942592803137,
    "iou_mean": 0.8896856238514116,
    "dice_mean": 0.9403425117472669,
    "precision_mean": 0.5,
    "recall_mean": 0.5,
    "f1_mean": 0.4999999403953552,
    "avg_batch_time_ms": 591.9859142570228,
    "avg_forward_time_ms": 175.56504436306187,
    "avg_backward_time_ms": 237.66166235739257,
    "avg_data_load_time_ms": 70.89267355023009,
    "throughput_samples_per_sec": 47.31435164498207,
    "cpu_percent_mean": 32.91165501165501,
    "cpu_percent_max": 66.7,
    "ram_used_mb_mean": 4415.1626966783215,
    "ram_used_mb_max": 4698.44140625,
    "gpu_memory_mb_mean": 471.40234375,
    "gpu_memory_mb_max": 471.40234375,
    "gpu_utilization_mean": 0.0,
    "gpu_utilization_max": 0.0,
    "learning_rate": 9.891830623632339e-05
  },
  "val": {
    "epoch": 3,
    "phase": "val",
    "timestamp_start": 1775605119.7694993,
    "timestamp_end": 1775605160.249452,
    "duration_sec": 40.479952812194824,
    "loss_mean": 0.12894514429828394,
    "loss_std": 0.007347749338414699,
    "loss_min": 0.11950405687093735,
    "loss_max": 0.1528293341398239,
    "accuracy_mean": 0.988809941255528,
    "iou_mean": 0.8977993104768835,
    "dice_mean": 0.9450351984604545,
    "precision_mean": 0.5,
    "recall_mean": 0.5,
    "f1_mean": 0.4999999403953552,
    "avg_batch_time_ms": 349.3553166804106,
    "avg_forward_time_ms": 171.14705365637073,
    "avg_backward_time_ms": 0.0,
    "avg_data_load_time_ms": 76.67111832162608,
    "throughput_samples_per_sec": 72.7026539199276,
    "cpu_percent_mean": 56.83369565217392,
    "cpu_percent_max": 77.8,
    "ram_used_mb_mean": 4652.539826766304,
    "ram_used_mb_max": 4722.359375,
    "gpu_memory_mb_mean": 471.32625679347825,
    "gpu_memory_mb_max": 471.40234375,
    "gpu_utilization_mean": 0.0,
    "gpu_utilization_max": 0.0,
    "learning_rate": 9.891830623632339e-05
  }
}