{
  "epoch": 3,
  "train": {
    "epoch": 3,
    "phase": "train",
    "timestamp_start": 1774106928.5604932,
    "timestamp_end": 1774107156.2096243,
    "duration_sec": 227.6491310596466,
    "loss_mean": 0.23703157204915495,
    "loss_std": 0.03451274193019182,
    "loss_min": 0.1786060333251953,
    "loss_max": 0.3081181049346924,
    "accuracy_mean": 0.9862345127498402,
    "iou_mean": 0.885097828858039,
    "dice_mean": 0.937674210527364,
    "precision_mean": 0.5,
    "recall_mean": 0.5,
    "f1_mean": 0.4999999403953552,
    "avg_batch_time_ms": 590.5449159005109,
    "avg_forward_time_ms": 175.4946238854352,
    "avg_backward_time_ms": 234.75280649521773,
    "avg_data_load_time_ms": 65.27134530684528,
    "throughput_samples_per_sec": 47.87630837538467,
    "cpu_percent_mean": 32.27205882352941,
    "cpu_percent_max": 100.0,
    "ram_used_mb_mean": 4001.1631663602943,
    "ram_used_mb_max": 4308.77734375,
    "gpu_memory_mb_mean": 471.40234375,
    "gpu_memory_mb_max": 471.40234375,
    "gpu_utilization_mean": 0.0,
    "gpu_utilization_max": 0.0,
    "learning_rate": 9.891830623632339e-05
  },
  "val": {
    "epoch": 3,
    "phase": "val",
    "timestamp_start": 1774107156.2197301,
    "timestamp_end": 1774107188.4011865,
    "duration_sec": 32.181456327438354,
    "loss_mean": 0.18335313870482248,
    "loss_std": 0.00797582778867363,
    "loss_min": 0.17468826472759247,
    "loss_max": 0.20697021484375,
    "accuracy_mean": 0.9860532398093237,
    "iou_mean": 0.8866970441112779,
    "dice_mean": 0.9386341057411612,
    "precision_mean": 0.5,
    "recall_mean": 0.5,
    "f1_mean": 0.4999999403953552,
    "avg_batch_time_ms": 345.97956644345635,
    "avg_forward_time_ms": 170.6398839819921,
    "avg_backward_time_ms": 0.0,
    "avg_data_load_time_ms": 80.97529411315918,
    "throughput_samples_per_sec": 72.55731301411448,
    "cpu_percent_mean": 58.00136986301371,
    "cpu_percent_max": 100.0,
    "ram_used_mb_mean": 4256.648223458904,
    "ram_used_mb_max": 4340.1015625,
    "gpu_memory_mb_mean": 471.30645333904107,
    "gpu_memory_mb_max": 471.40234375,
    "gpu_utilization_mean": 0.0,
    "gpu_utilization_max": 0.0,
    "learning_rate": 9.891830623632339e-05
  }
}