{
  "epoch": 4,
  "train": {
    "epoch": 4,
    "phase": "train",
    "timestamp_start": 1773363359.3695672,
    "timestamp_end": 1773363713.1602437,
    "duration_sec": 353.7906765937805,
    "loss_mean": 0.06829552455258764,
    "loss_std": 0.027098624492201566,
    "loss_min": 0.04849398881196976,
    "loss_max": 0.2714613378047943,
    "accuracy_mean": 0.9874955200951947,
    "iou_mean": 0.8971901763569224,
    "dice_mean": 0.944319236475574,
    "precision_mean": 0.9668368219344083,
    "recall_mean": 0.9757788063080843,
    "f1_mean": 0.9709632586841741,
    "avg_batch_time_ms": 555.2320511873104,
    "avg_forward_time_ms": 155.22587003786703,
    "avg_backward_time_ms": 381.1637109961392,
    "avg_data_load_time_ms": 24.506130297321917,
    "throughput_samples_per_sec": 6.8458559262174115,
    "cpu_percent_mean": 29.370247933884297,
    "cpu_percent_max": 44.5,
    "ram_used_mb_mean": 11561.57689178719,
    "ram_used_mb_max": 11723.46875,
    "gpu_memory_mb_mean": 3247.6171487603306,
    "gpu_memory_mb_max": 3248.375,
    "gpu_utilization_mean": 94.48264462809918,
    "gpu_utilization_max": 97.0,
    "learning_rate": 9.460482294732422e-05
  },
  "val": {
    "epoch": 4,
    "phase": "val",
    "timestamp_start": 1773363713.1616957,
    "timestamp_end": 1773363738.1894162,
    "duration_sec": 25.02772045135498,
    "loss_mean": 0.06271111841958303,
    "loss_std": 0.03723160829181469,
    "loss_min": 0.04687536507844925,
    "loss_max": 0.31060418486595154,
    "accuracy_mean": 0.9869676149808444,
    "iou_mean": 0.8976639454181378,
    "dice_mean": 0.9440700572270614,
    "precision_mean": 0.9634789673181681,
    "recall_mean": 0.9755243810323568,
    "f1_mean": 0.9689497108642872,
    "avg_batch_time_ms": 161.62043167994574,
    "avg_forward_time_ms": 153.43757409315842,
    "avg_backward_time_ms": 0.0,
    "avg_data_load_time_ms": 25.90477649982159,
    "throughput_samples_per_sec": 20.73700643287718,
    "cpu_percent_mean": 35.92230769230769,
    "cpu_percent_max": 83.7,
    "ram_used_mb_mean": 11668.787890625,
    "ram_used_mb_max": 11945.69921875,
    "gpu_memory_mb_mean": 3246.677403846154,
    "gpu_memory_mb_max": 3251.5625,
    "gpu_utilization_mean": 83.4,
    "gpu_utilization_max": 93.0,
    "learning_rate": 9.460482294732422e-05
  }
}