{
  "epoch": 6,
  "train": {
    "epoch": 6,
    "phase": "train",
    "timestamp_start": 1773364118.6529143,
    "timestamp_end": 1773364473.8968134,
    "duration_sec": 355.24389910697937,
    "loss_mean": 0.04614485665416915,
    "loss_std": 0.02491074159578626,
    "loss_min": 0.03209202364087105,
    "loss_max": 0.26545053720474243,
    "accuracy_mean": 0.9889008451099238,
    "iou_mean": 0.9099912428658856,
    "dice_mean": 0.9517380075021223,
    "precision_mean": 0.9718875675162008,
    "recall_mean": 0.9770204298752398,
    "f1_mean": 0.9742237547212396,
    "avg_batch_time_ms": 557.6012899067777,
    "avg_forward_time_ms": 155.94906255233386,
    "avg_backward_time_ms": 382.6981757297989,
    "avg_data_load_time_ms": 24.533571684656064,
    "throughput_samples_per_sec": 6.817851076650385,
    "cpu_percent_mean": 29.329256198347103,
    "cpu_percent_max": 55.5,
    "ram_used_mb_mean": 11502.886563791322,
    "ram_used_mb_max": 11582.3828125,
    "gpu_memory_mb_mean": 3239.410743801653,
    "gpu_memory_mb_max": 3239.8125,
    "gpu_utilization_mean": 94.47438016528926,
    "gpu_utilization_max": 97.0,
    "learning_rate": 8.550178566873411e-05
  },
  "val": {
    "epoch": 6,
    "phase": "val",
    "timestamp_start": 1773364473.8981855,
    "timestamp_end": 1773364498.8674634,
    "duration_sec": 24.96927785873413,
    "loss_mean": 0.04931191865068216,
    "loss_std": 0.041405154365224746,
    "loss_min": 0.03356466814875603,
    "loss_max": 0.3229491114616394,
    "accuracy_mean": 0.9875612552349384,
    "iou_mean": 0.9046624889740578,
    "dice_mean": 0.9480933693739084,
    "precision_mean": 0.967438366321417,
    "recall_mean": 0.9740026153050936,
    "f1_mean": 0.9701938344882085,
    "avg_batch_time_ms": 162.17883366804855,
    "avg_forward_time_ms": 153.96660474630502,
    "avg_backward_time_ms": 0.0,
    "avg_data_load_time_ms": 24.905494543222282,
    "throughput_samples_per_sec": 20.78554305560168,
    "cpu_percent_mean": 33.928461538461534,
    "cpu_percent_max": 72.4,
    "ram_used_mb_mean": 11583.837019230768,
    "ram_used_mb_max": 11766.046875,
    "gpu_memory_mb_mean": 3239.6764423076925,
    "gpu_memory_mb_max": 3239.8125,
    "gpu_utilization_mean": 83.88461538461539,
    "gpu_utilization_max": 94.0,
    "learning_rate": 8.550178566873411e-05
  }
}