{
  "epoch": 5,
  "train": {
    "epoch": 5,
    "phase": "train",
    "timestamp_start": 1773363738.5605977,
    "timestamp_end": 1773364093.2141564,
    "duration_sec": 354.6535587310791,
    "loss_mean": 0.05313120943701957,
    "loss_std": 0.027390948139714075,
    "loss_min": 0.03778660297393799,
    "loss_max": 0.31622299551963806,
    "accuracy_mean": 0.9884149961235109,
    "iou_mean": 0.9058130403195531,
    "dice_mean": 0.9492810691683745,
    "precision_mean": 0.9699647898516379,
    "recall_mean": 0.9768045716049257,
    "f1_mean": 0.9730377947003388,
    "avg_batch_time_ms": 556.5622183902204,
    "avg_forward_time_ms": 155.60924474858055,
    "avg_backward_time_ms": 382.0659822668911,
    "avg_data_load_time_ms": 24.60938209344533,
    "throughput_samples_per_sec": 6.829199765161569,
    "cpu_percent_mean": 29.32611570247934,
    "cpu_percent_max": 45.9,
    "ram_used_mb_mean": 11582.326259039257,
    "ram_used_mb_max": 11840.33984375,
    "gpu_memory_mb_mean": 3243.1712809917353,
    "gpu_memory_mb_max": 3255.5625,
    "gpu_utilization_mean": 94.46446280991735,
    "gpu_utilization_max": 97.0,
    "learning_rate": 9.054634122155992e-05
  },
  "val": {
    "epoch": 5,
    "phase": "val",
    "timestamp_start": 1773364093.2155948,
    "timestamp_end": 1773364118.2467065,
    "duration_sec": 25.03111171722412,
    "loss_mean": 0.05433070310033285,
    "loss_std": 0.03986413996630508,
    "loss_min": 0.03883020579814911,
    "loss_max": 0.31834676861763,
    "accuracy_mean": 0.9870002379784217,
    "iou_mean": 0.9006549009909997,
    "dice_mean": 0.9458003942783062,
    "precision_mean": 0.9711812702509073,
    "recall_mean": 0.9676218463824345,
    "f1_mean": 0.9688827890616197,
    "avg_batch_time_ms": 162.50300774207483,
    "avg_forward_time_ms": 154.1090488433838,
    "avg_backward_time_ms": 0.0,
    "avg_data_load_time_ms": 25.090188246506912,
    "throughput_samples_per_sec": 20.73419694111595,
    "cpu_percent_mean": 33.95538461538462,
    "cpu_percent_max": 69.9,
    "ram_used_mb_mean": 11527.269411057692,
    "ram_used_mb_max": 11661.703125,
    "gpu_memory_mb_mean": 3239.380769230769,
    "gpu_memory_mb_max": 3239.6875,
    "gpu_utilization_mean": 83.68461538461538,
    "gpu_utilization_max": 93.0,
    "learning_rate": 9.054634122155992e-05
  }
}