{
  "epoch": 5,
  "train": {
    "epoch": 5,
    "phase": "train",
    "timestamp_start": 1775605492.390643,
    "timestamp_end": 1775605783.4401872,
    "duration_sec": 291.0495443344116,
    "loss_mean": 0.0671687850984799,
    "loss_std": 0.011104837196449257,
    "loss_min": 0.051311831921339035,
    "loss_max": 0.13323573768138885,
    "accuracy_mean": 0.9905282542422101,
    "iou_mean": 0.9123302448045957,
    "dice_mean": 0.9532361796130111,
    "precision_mean": 0.5,
    "recall_mean": 0.5,
    "f1_mean": 0.4999999403953552,
    "avg_batch_time_ms": 591.2383869811372,
    "avg_forward_time_ms": 176.4667706611829,
    "avg_backward_time_ms": 237.46218992557837,
    "avg_data_load_time_ms": 73.28903147112796,
    "throughput_samples_per_sec": 47.18784230158367,
    "cpu_percent_mean": 31.979953379953383,
    "cpu_percent_max": 66.7,
    "ram_used_mb_mean": 5657.817462485431,
    "ram_used_mb_max": 5949.22265625,
    "gpu_memory_mb_mean": 471.40234375,
    "gpu_memory_mb_max": 471.40234375,
    "gpu_utilization_mean": 0.0,
    "gpu_utilization_max": 0.0,
    "learning_rate": 9.572050015330873e-05
  },
  "val": {
    "epoch": 5,
    "phase": "val",
    "timestamp_start": 1775605783.4434233,
    "timestamp_end": 1775605824.679377,
    "duration_sec": 41.23595380783081,
    "loss_mean": 0.059228872070493904,
    "loss_std": 0.009304105972615708,
    "loss_min": 0.05114584416151047,
    "loss_max": 0.0865442156791687,
    "accuracy_mean": 0.9904490249312442,
    "iou_mean": 0.9131771883238917,
    "dice_mean": 0.9537592329408812,
    "precision_mean": 0.5,
    "recall_mean": 0.5,
    "f1_mean": 0.4999999403953552,
    "avg_batch_time_ms": 356.0595305069633,
    "avg_forward_time_ms": 174.05153357464334,
    "avg_backward_time_ms": 0.0,
    "avg_data_load_time_ms": 78.03867174231488,
    "throughput_samples_per_sec": 71.36975692899135,
    "cpu_percent_mean": 57.59891304347828,
    "cpu_percent_max": 76.5,
    "ram_used_mb_mean": 6051.100628396739,
    "ram_used_mb_max": 6149.16015625,
    "gpu_memory_mb_mean": 471.32625679347825,
    "gpu_memory_mb_max": 471.40234375,
    "gpu_utilization_mean": 0.0,
    "gpu_utilization_max": 0.0,
    "learning_rate": 9.572050015330873e-05
  }
}