{
  "epoch": 6,
  "train": {
    "epoch": 6,
    "phase": "train",
    "timestamp_start": 1773282713.070842,
    "timestamp_end": 1773282751.9089506,
    "duration_sec": 38.8381085395813,
    "loss_mean": 0.4876381019751231,
    "loss_std": 0.014517903557062686,
    "loss_min": 0.46608710289001465,
    "loss_max": 0.5619054436683655,
    "accuracy_mean": 0.9822117646535238,
    "iou_mean": 0.8532825936873754,
    "dice_mean": 0.9178700188795725,
    "precision_mean": 0.9330125530560811,
    "recall_mean": 0.9866335739692053,
    "f1_mean": 0.9590471833944321,
    "avg_batch_time_ms": 629.0868719418844,
    "avg_forward_time_ms": 177.4145762125651,
    "avg_backward_time_ms": 429.49339151382446,
    "avg_data_load_time_ms": 12.376797199249268,
    "throughput_samples_per_sec": 6.23099345204644,
    "cpu_percent_mean": 22.89666666666666,
    "cpu_percent_max": 46.0,
    "ram_used_mb_mean": 10135.520768229168,
    "ram_used_mb_max": 10250.46484375,
    "gpu_memory_mb_mean": 3347.603125,
    "gpu_memory_mb_max": 3380.0,
    "gpu_utilization_mean": 96.6,
    "gpu_utilization_max": 99.0,
    "learning_rate": 8.550178566873411e-05
  },
  "val": {
    "epoch": 6,
    "phase": "val",
    "timestamp_start": 1773282751.9098432,
    "timestamp_end": 1773282754.3588388,
    "duration_sec": 2.448995590209961,
    "loss_mean": 0.4807618283308469,
    "loss_std": 0.00523080832361027,
    "loss_min": 0.4694270193576813,
    "loss_max": 0.4899267554283142,
    "accuracy_mean": 0.9798688154954177,
    "iou_mean": 0.8251975453816928,
    "dice_mean": 0.9005176516679617,
    "precision_mean": 0.9221969109315139,
    "recall_mean": 0.9893180682108953,
    "f1_mean": 0.9545695598308856,
    "avg_batch_time_ms": 171.4976017291729,
    "avg_forward_time_ms": 163.04819400493915,
    "avg_backward_time_ms": 0.0,
    "avg_data_load_time_ms": 11.740592809823843,
    "throughput_samples_per_sec": 20.82486395805539,
    "cpu_percent_mean": 25.03076923076923,
    "cpu_percent_max": 41.2,
    "ram_used_mb_mean": 10255.647836538461,
    "ram_used_mb_max": 10270.18359375,
    "gpu_memory_mb_mean": 3386.5865384615386,
    "gpu_memory_mb_max": 3392.5625,
    "gpu_utilization_mean": 93.92307692307692,
    "gpu_utilization_max": 97.0,
    "learning_rate": 8.550178566873411e-05
  }
}