{
  "epoch": 12,
  "train": {
    "epoch": 12,
    "phase": "train",
    "timestamp_start": 1774109278.867073,
    "timestamp_end": 1774109506.8245575,
    "duration_sec": 227.95748448371887,
    "loss_mean": 0.0255609363427057,
    "loss_std": 0.0021459775196683377,
    "loss_min": 0.022701457142829895,
    "loss_max": 0.04186449199914932,
    "accuracy_mean": 0.9936211705207825,
    "iou_mean": 0.9493141167304096,
    "dice_mean": 0.9738218135693494,
    "precision_mean": 0.5,
    "recall_mean": 0.5,
    "f1_mean": 0.4999999403953552,
    "avg_batch_time_ms": 590.0417320868548,
    "avg_forward_time_ms": 174.72283489563887,
    "avg_backward_time_ms": 234.96945886050955,
    "avg_data_load_time_ms": 66.3558889837826,
    "throughput_samples_per_sec": 47.81154707284211,
    "cpu_percent_mean": 32.83588235294118,
    "cpu_percent_max": 100.0,
    "ram_used_mb_mean": 8727.366716452207,
    "ram_used_mb_max": 8959.57421875,
    "gpu_memory_mb_mean": 471.40234375,
    "gpu_memory_mb_max": 471.40234375,
    "gpu_utilization_mean": 0.0,
    "gpu_utilization_max": 0.0,
    "learning_rate": 7.06334638322521e-05
  },
  "val": {
    "epoch": 12,
    "phase": "val",
    "timestamp_start": 1774109506.8352952,
    "timestamp_end": 1774109539.1618328,
    "duration_sec": 32.32653760910034,
    "loss_mean": 0.0270494262190306,
    "loss_std": 0.0034941016895185927,
    "loss_min": 0.023615330457687378,
    "loss_max": 0.04441819339990616,
    "accuracy_mean": 0.9930999442322613,
    "iou_mean": 0.9447360977734605,
    "dice_mean": 0.9713648198402092,
    "precision_mean": 0.5,
    "recall_mean": 0.5,
    "f1_mean": 0.4999999403953552,
    "avg_batch_time_ms": 344.5801636944078,
    "avg_forward_time_ms": 170.7969952936042,
    "avg_backward_time_ms": 0.0,
    "avg_data_load_time_ms": 82.76549104141863,
    "throughput_samples_per_sec": 72.23167628514187,
    "cpu_percent_mean": 58.457534246575335,
    "cpu_percent_max": 100.0,
    "ram_used_mb_mean": 9000.839683219177,
    "ram_used_mb_max": 9077.40234375,
    "gpu_memory_mb_mean": 471.30645333904107,
    "gpu_memory_mb_max": 471.40234375,
    "gpu_utilization_mean": 0.0,
    "gpu_utilization_max": 0.0,
    "learning_rate": 7.06334638322521e-05
  }
}