{
  "epoch": 4,
  "train": {
    "epoch": 4,
    "phase": "train",
    "timestamp_start": 1773734610.8361125,
    "timestamp_end": 1773736158.712101,
    "duration_sec": 1547.875988483429,
    "loss_mean": 0.038501971674106586,
    "loss_std": 0.025877239939574824,
    "loss_min": 0.024587733671069145,
    "loss_max": 0.3132169246673584,
    "accuracy_mean": 0.9889671890045928,
    "iou_mean": 0.9099071272450572,
    "dice_mean": 0.9514956952848098,
    "precision_mean": 0.9725958434714445,
    "recall_mean": 0.9761116537928757,
    "f1_mean": 0.974195902108621,
    "avg_batch_time_ms": 540.0569515956481,
    "avg_forward_time_ms": 151.6677872024794,
    "avg_backward_time_ms": 370.09744164527075,
    "avg_data_load_time_ms": 23.470641495372757,
    "throughput_samples_per_sec": 7.041261755522529,
    "cpu_percent_mean": 14.557929515418504,
    "cpu_percent_max": 15.6,
    "ram_used_mb_mean": 3509.9964493850953,
    "ram_used_mb_max": 3598.9296875,
    "gpu_memory_mb_mean": 3043.0388674743026,
    "gpu_memory_mb_max": 3047.0625,
    "gpu_utilization_mean": 94.63913362701909,
    "gpu_utilization_max": 97.0,
    "learning_rate": 9.912321891107009e-05
  },
  "val": {
    "epoch": 4,
    "phase": "val",
    "timestamp_start": 1773736158.7154207,
    "timestamp_end": 1773736267.002223,
    "duration_sec": 108.28680229187012,
    "loss_mean": 0.03741949142837157,
    "loss_std": 0.026821375463679943,
    "loss_min": 0.023861363530158997,
    "loss_max": 0.2510794997215271,
    "accuracy_mean": 0.9891090371633229,
    "iou_mean": 0.9120826596674854,
    "dice_mean": 0.95252600424502,
    "precision_mean": 0.9706903733823398,
    "recall_mean": 0.9781429592060716,
    "f1_mean": 0.9742144881045982,
    "avg_batch_time_ms": 156.8852193551521,
    "avg_forward_time_ms": 149.14623025345475,
    "avg_backward_time_ms": 0.0,
    "avg_data_load_time_ms": 23.74682606083073,
    "throughput_samples_per_sec": 21.56310788184855,
    "cpu_percent_mean": 17.374657534246577,
    "cpu_percent_max": 20.5,
    "ram_used_mb_mean": 3544.3109147581335,
    "ram_used_mb_max": 3677.00390625,
    "gpu_memory_mb_mean": 3041.3056506849316,
    "gpu_memory_mb_max": 3041.375,
    "gpu_utilization_mean": 83.91952054794521,
    "gpu_utilization_max": 94.0,
    "learning_rate": 9.912321891107009e-05
  }
}