{
  "epoch": 10,
  "train": {
    "epoch": 10,
    "phase": "train",
    "timestamp_start": 1773365638.5227835,
    "timestamp_end": 1773365990.3206596,
    "duration_sec": 351.79787611961365,
    "loss_mean": 0.03048417031580259,
    "loss_std": 0.022125814922941307,
    "loss_min": 0.02080502174794674,
    "loss_max": 0.27360326051712036,
    "accuracy_mean": 0.9915721593809522,
    "iou_mean": 0.9321881687345583,
    "dice_mean": 0.964150176363543,
    "precision_mean": 0.9796000915125382,
    "recall_mean": 0.9815614812630267,
    "f1_mean": 0.9805008627166433,
    "avg_batch_time_ms": 551.2872703804458,
    "avg_forward_time_ms": 155.58091786282122,
    "avg_backward_time_ms": 377.1711739626798,
    "avg_data_load_time_ms": 25.315962941193384,
    "throughput_samples_per_sec": 6.88463508283519,
    "cpu_percent_mean": 17.007438016528926,
    "cpu_percent_max": 43.5,
    "ram_used_mb_mean": 11570.695661157024,
    "ram_used_mb_max": 11657.953125,
    "gpu_memory_mb_mean": 3201.8407024793387,
    "gpu_memory_mb_max": 3202.0625,
    "gpu_utilization_mean": 94.69752066115703,
    "gpu_utilization_max": 97.0,
    "learning_rate": 5.824350601949144e-05
  },
  "val": {
    "epoch": 10,
    "phase": "val",
    "timestamp_start": 1773365990.3219662,
    "timestamp_end": 1773366015.3102808,
    "duration_sec": 24.988314628601074,
    "loss_mean": 0.03778768413915084,
    "loss_std": 0.04186425590393058,
    "loss_min": 0.02221294678747654,
    "loss_max": 0.31694158911705017,
    "accuracy_mean": 0.9896816377456371,
    "iou_mean": 0.9220633548039656,
    "dice_mean": 0.957827699642915,
    "precision_mean": 0.9734041383633247,
    "recall_mean": 0.9776834964752197,
    "f1_mean": 0.9750283378821153,
    "avg_batch_time_ms": 162.32266426086426,
    "avg_forward_time_ms": 154.11413266108588,
    "avg_backward_time_ms": 0.0,
    "avg_data_load_time_ms": 25.058065927945652,
    "throughput_samples_per_sec": 20.769708070105857,
    "cpu_percent_mean": 22.584615384615383,
    "cpu_percent_max": 58.2,
    "ram_used_mb_mean": 11607.32626201923,
    "ram_used_mb_max": 11699.6953125,
    "gpu_memory_mb_mean": 3202.014423076923,
    "gpu_memory_mb_max": 3202.0625,
    "gpu_utilization_mean": 84.58461538461539,
    "gpu_utilization_max": 94.0,
    "learning_rate": 5.824350601949144e-05
  }
}