{
  "epoch": 16,
  "train": {
    "epoch": 16,
    "phase": "train",
    "timestamp_start": 1774110330.5102477,
    "timestamp_end": 1774110564.4287355,
    "duration_sec": 233.9184877872467,
    "loss_mean": 0.017574971826637493,
    "loss_std": 0.0005296353697226425,
    "loss_min": 0.015925901010632515,
    "loss_max": 0.019539516419172287,
    "accuracy_mean": 0.9952077146838693,
    "iou_mean": 0.962075968524989,
    "dice_mean": 0.9805778517442592,
    "precision_mean": 0.5,
    "recall_mean": 0.5,
    "f1_mean": 0.4999999403953552,
    "avg_batch_time_ms": 597.3549099529491,
    "avg_forward_time_ms": 175.9125786669114,
    "avg_backward_time_ms": 235.66272328881655,
    "avg_data_load_time_ms": 76.2830418698928,
    "throughput_samples_per_sec": 46.593153465975064,
    "cpu_percent_mean": 32.684411764705885,
    "cpu_percent_max": 66.7,
    "ram_used_mb_mean": 10835.158559283089,
    "ram_used_mb_max": 11073.86328125,
    "gpu_memory_mb_mean": 471.40234375,
    "gpu_memory_mb_max": 471.40234375,
    "gpu_utilization_mean": 0.0,
    "gpu_utilization_max": 0.0,
    "learning_rate": 5.05e-05
  },
  "val": {
    "epoch": 16,
    "phase": "val",
    "timestamp_start": 1774110564.443227,
    "timestamp_end": 1774110597.9221127,
    "duration_sec": 33.478885650634766,
    "loss_mean": 0.020304028250991483,
    "loss_std": 0.0011394770424000954,
    "loss_min": 0.01742604933679104,
    "loss_max": 0.023043978959321976,
    "accuracy_mean": 0.9944589848387732,
    "iou_mean": 0.9546010069651146,
    "dice_mean": 0.9766240511855034,
    "precision_mean": 0.5,
    "recall_mean": 0.5,
    "f1_mean": 0.4999999403953552,
    "avg_batch_time_ms": 357.5586162201346,
    "avg_forward_time_ms": 171.68195606911019,
    "avg_backward_time_ms": 0.0,
    "avg_data_load_time_ms": 85.05335572647722,
    "throughput_samples_per_sec": 69.7454516367909,
    "cpu_percent_mean": 58.79178082191781,
    "cpu_percent_max": 83.9,
    "ram_used_mb_mean": 11098.399079623288,
    "ram_used_mb_max": 11167.390625,
    "gpu_memory_mb_mean": 471.30645333904107,
    "gpu_memory_mb_max": 471.40234375,
    "gpu_utilization_mean": 0.0,
    "gpu_utilization_max": 0.0,
    "learning_rate": 5.05e-05
  }
}