{
  "epoch": 16,
  "train": {
    "epoch": 16,
    "phase": "train",
    "timestamp_start": 1773283114.092781,
    "timestamp_end": 1773283150.777112,
    "duration_sec": 36.68433094024658,
    "loss_mean": 0.31774017910162605,
    "loss_std": 0.012060188702001562,
    "loss_min": 0.3055742681026459,
    "loss_max": 0.39337390661239624,
    "accuracy_mean": 0.9884440104166666,
    "iou_mean": 0.9033316353956858,
    "dice_mean": 0.9475293546915055,
    "precision_mean": 0.9580391297737757,
    "recall_mean": 0.9884114225705465,
    "f1_mean": 0.972976150115331,
    "avg_batch_time_ms": 593.4442400932312,
    "avg_forward_time_ms": 166.90462032953897,
    "avg_backward_time_ms": 404.6271085739136,
    "avg_data_load_time_ms": 12.557236353556315,
    "throughput_samples_per_sec": 6.596821961784792,
    "cpu_percent_mean": 23.62333333333333,
    "cpu_percent_max": 45.0,
    "ram_used_mb_mean": 10272.537044270834,
    "ram_used_mb_max": 10419.3359375,
    "gpu_memory_mb_mean": 3326.6125,
    "gpu_memory_mb_max": 3379.75,
    "gpu_utilization_mean": 96.51666666666667,
    "gpu_utilization_max": 99.0,
    "learning_rate": 1.5498214331265904e-05
  },
  "val": {
    "epoch": 16,
    "phase": "val",
    "timestamp_start": 1773283150.7778542,
    "timestamp_end": 1773283153.2393923,
    "duration_sec": 2.461538076400757,
    "loss_mean": 0.32225190446927,
    "loss_std": 0.0061052617818039435,
    "loss_min": 0.3081403076648712,
    "loss_max": 0.33125990629196167,
    "accuracy_mean": 0.9865015470064603,
    "iou_mean": 0.8765137149737432,
    "dice_mean": 0.9325219438626215,
    "precision_mean": 0.9555547879292414,
    "recall_mean": 0.9829635069920466,
    "f1_mean": 0.9690607465230502,
    "avg_batch_time_ms": 172.28168707627518,
    "avg_forward_time_ms": 163.41578043424167,
    "avg_backward_time_ms": 0.0,
    "avg_data_load_time_ms": 11.774760026198168,
    "throughput_samples_per_sec": 20.71875324170156,
    "cpu_percent_mean": 24.476923076923075,
    "cpu_percent_max": 26.8,
    "ram_used_mb_mean": 10344.137319711539,
    "ram_used_mb_max": 10365.87890625,
    "gpu_memory_mb_mean": 3347.610576923077,
    "gpu_memory_mb_max": 3347.75,
    "gpu_utilization_mean": 94.3076923076923,
    "gpu_utilization_max": 97.0,
    "learning_rate": 1.5498214331265904e-05
  }
}