{
  "epoch": 12,
  "train": {
    "epoch": 12,
    "phase": "train",
    "timestamp_start": 1778192339.6528218,
    "timestamp_end": 1778192636.693689,
    "duration_sec": 297.0408673286438,
    "loss_mean": 0.021486066685585708,
    "loss_std": 0.0012007167368507552,
    "loss_min": 0.018932461738586426,
    "loss_max": 0.0326804518699646,
    "accuracy_mean": 0.9943805438377362,
    "iou_mean": 0.9507545980262312,
    "dice_mean": 0.9745839595238923,
    "precision_mean": 0.5,
    "recall_mean": 0.5,
    "f1_mean": 0.4999999403953552,
    "avg_batch_time_ms": 602.3381323247522,
    "avg_forward_time_ms": 178.33021248415076,
    "avg_backward_time_ms": 244.01345786514815,
    "avg_data_load_time_ms": 75.84011193477747,
    "throughput_samples_per_sec": 46.236062140246865,
    "cpu_percent_mean": 32.73100233100233,
    "cpu_percent_max": 66.7,
    "ram_used_mb_mean": 10329.772472319348,
    "ram_used_mb_max": 10628.8515625,
    "gpu_memory_mb_mean": 471.33460013293995,
    "gpu_memory_mb_max": 471.90966796875,
    "gpu_utilization_mean": 0.0,
    "gpu_utilization_max": 0.0,
    "learning_rate": 7.06334638322521e-05
  },
  "val": {
    "epoch": 12,
    "phase": "val",
    "timestamp_start": 1778192636.6968305,
    "timestamp_end": 1778192678.359273,
    "duration_sec": 41.662442445755005,
    "loss_mean": 0.02357618184760213,
    "loss_std": 0.0021352841399954877,
    "loss_min": 0.02079831436276436,
    "loss_max": 0.03603601083159447,
    "accuracy_mean": 0.9937229344378347,
    "iou_mean": 0.9451593374428542,
    "dice_mean": 0.9715885882792266,
    "precision_mean": 0.5,
    "recall_mean": 0.5,
    "f1_mean": 0.4999999403953552,
    "avg_batch_time_ms": 358.62399702486783,
    "avg_forward_time_ms": 175.07142865139505,
    "avg_backward_time_ms": 0.0,
    "avg_data_load_time_ms": 78.56914789780326,
    "throughput_samples_per_sec": 70.63916149015557,
    "cpu_percent_mean": 58.04347826086958,
    "cpu_percent_max": 100.0,
    "ram_used_mb_mean": 10661.140964673914,
    "ram_used_mb_max": 10735.5625,
    "gpu_memory_mb_mean": 470.68612007472825,
    "gpu_memory_mb_max": 470.76220703125,
    "gpu_utilization_mean": 0.0,
    "gpu_utilization_max": 0.0,
    "learning_rate": 7.06334638322521e-05
  }
}