{
  "epoch": 15,
  "train": {
    "epoch": 15,
    "phase": "train",
    "timestamp_start": 1773283074.8661752,
    "timestamp_end": 1773283111.2809398,
    "duration_sec": 36.414764642715454,
    "loss_mean": 0.3233150993784269,
    "loss_std": 0.012009958617881036,
    "loss_min": 0.30871647596359253,
    "loss_max": 0.40198004245758057,
    "accuracy_mean": 0.9882118701934814,
    "iou_mean": 0.9009125173091889,
    "dice_mean": 0.9461762100458145,
    "precision_mean": 0.9571455379327138,
    "recall_mean": 0.9881379455327988,
    "f1_mean": 0.9723854283491771,
    "avg_batch_time_ms": 589.602510134379,
    "avg_forward_time_ms": 166.084353129069,
    "avg_backward_time_ms": 403.0629555384318,
    "avg_data_load_time_ms": 12.048415342966715,
    "throughput_samples_per_sec": 6.645656023714287,
    "cpu_percent_mean": 21.258333333333333,
    "cpu_percent_max": 52.8,
    "ram_used_mb_mean": 10312.535611979167,
    "ram_used_mb_max": 10370.51171875,
    "gpu_memory_mb_mean": 3307.9125,
    "gpu_memory_mb_max": 3344.6875,
    "gpu_utilization_mean": 96.15,
    "gpu_utilization_max": 98.0,
    "learning_rate": 2.1404630011522593e-05
  },
  "val": {
    "epoch": 15,
    "phase": "val",
    "timestamp_start": 1773283111.2816966,
    "timestamp_end": 1773283113.7472556,
    "duration_sec": 2.4655590057373047,
    "loss_mean": 0.32895344266524684,
    "loss_std": 0.006679228320062641,
    "loss_min": 0.31384167075157166,
    "loss_max": 0.3391188979148865,
    "accuracy_mean": 0.9857689050527719,
    "iou_mean": 0.8692093858352075,
    "dice_mean": 0.9280526362932645,
    "precision_mean": 0.950914190365718,
    "recall_mean": 0.9839461904305679,
    "f1_mean": 0.9671433430451614,
    "avg_batch_time_ms": 172.73660806509164,
    "avg_forward_time_ms": 163.56383837186374,
    "avg_backward_time_ms": 0.0,
    "avg_data_load_time_ms": 11.693422610943134,
    "throughput_samples_per_sec": 20.684964294638277,
    "cpu_percent_mean": 24.615384615384617,
    "cpu_percent_max": 34.1,
    "ram_used_mb_mean": 10224.61358173077,
    "ram_used_mb_max": 10229.99609375,
    "gpu_memory_mb_mean": 3301.423076923077,
    "gpu_memory_mb_max": 3314.6875,
    "gpu_utilization_mean": 94.3076923076923,
    "gpu_utilization_max": 97.0,
    "learning_rate": 2.1404630011522593e-05
  }
}