{
  "epoch": 13,
  "train": {
    "epoch": 13,
    "phase": "train",
    "timestamp_start": 1773366785.3499892,
    "timestamp_end": 1773367168.1099463,
    "duration_sec": 382.759957075119,
    "loss_mean": 0.024187969868956518,
    "loss_std": 0.016628693066015998,
    "loss_min": 0.015285562723875046,
    "loss_max": 0.22040985524654388,
    "accuracy_mean": 0.9928597284742623,
    "iou_mean": 0.9448924458716527,
    "dice_mean": 0.9710132271790307,
    "precision_mean": 0.9828201935310994,
    "recall_mean": 0.9842890674417669,
    "f1_mean": 0.9834572435410555,
    "avg_batch_time_ms": 601.879146670507,
    "avg_forward_time_ms": 169.69431727385717,
    "avg_backward_time_ms": 411.63948902413864,
    "avg_data_load_time_ms": 25.55664748199715,
    "throughput_samples_per_sec": 6.327725654762437,
    "cpu_percent_mean": 19.101652892561983,
    "cpu_percent_max": 50.0,
    "ram_used_mb_mean": 9824.801323605372,
    "ram_used_mb_max": 11287.8359375,
    "gpu_memory_mb_mean": 3287.4977272727274,
    "gpu_memory_mb_max": 3551.5625,
    "gpu_utilization_mean": 95.58512396694215,
    "gpu_utilization_max": 98.0,
    "learning_rate": 3.520365877844011e-05
  },
  "val": {
    "epoch": 13,
    "phase": "val",
    "timestamp_start": 1773367168.111332,
    "timestamp_end": 1773367194.1303134,
    "duration_sec": 26.018981456756592,
    "loss_mean": 0.03314427793599092,
    "loss_std": 0.0363922311396135,
    "loss_min": 0.020267672836780548,
    "loss_max": 0.2986159324645996,
    "accuracy_mean": 0.9903412699699402,
    "iou_mean": 0.9299302064455472,
    "dice_mean": 0.9622076846086062,
    "precision_mean": 0.9733677909924434,
    "recall_mean": 0.9808087358107933,
    "f1_mean": 0.9765877462350405,
    "avg_batch_time_ms": 169.45726321293756,
    "avg_forward_time_ms": 161.00148971264178,
    "avg_backward_time_ms": 0.0,
    "avg_data_load_time_ms": 25.490966209998497,
    "throughput_samples_per_sec": 19.946976051409823,
    "cpu_percent_mean": 24.342307692307692,
    "cpu_percent_max": 63.1,
    "ram_used_mb_mean": 9772.549789663462,
    "ram_used_mb_max": 9851.5,
    "gpu_memory_mb_mean": 3301.4375,
    "gpu_memory_mb_max": 3301.4375,
    "gpu_utilization_mean": 84.65384615384616,
    "gpu_utilization_max": 94.0,
    "learning_rate": 3.520365877844011e-05
  }
}