{
  "epoch": 2,
  "train": {
    "epoch": 2,
    "phase": "train",
    "timestamp_start": 1773282548.6325166,
    "timestamp_end": 1773282586.992316,
    "duration_sec": 38.3597993850708,
    "loss_mean": 0.6928872813781103,
    "loss_std": 0.02738910312088253,
    "loss_min": 0.6400433778762817,
    "loss_max": 0.7535545825958252,
    "accuracy_mean": 0.960890261332194,
    "iou_mean": 0.6578599731127421,
    "dice_mean": 0.7701117157936096,
    "precision_mean": 0.8525416443745295,
    "recall_mean": 0.9473499208688736,
    "f1_mean": 0.897291045387586,
    "avg_batch_time_ms": 622.3916888237,
    "avg_forward_time_ms": 175.67274570465088,
    "avg_backward_time_ms": 425.02777576446533,
    "avg_data_load_time_ms": 11.417818069458008,
    "throughput_samples_per_sec": 6.308687841943815,
    "cpu_percent_mean": 23.611666666666668,
    "cpu_percent_max": 44.5,
    "ram_used_mb_mean": 10329.774869791667,
    "ram_used_mb_max": 10425.12890625,
    "gpu_memory_mb_mean": 3346.227083333333,
    "gpu_memory_mb_max": 3377.125,
    "gpu_utilization_mean": 96.98333333333333,
    "gpu_utilization_max": 99.0,
    "learning_rate": 9.939057285945933e-05
  },
  "val": {
    "epoch": 2,
    "phase": "val",
    "timestamp_start": 1773282586.9931006,
    "timestamp_end": 1773282589.5646305,
    "duration_sec": 2.5715298652648926,
    "loss_mean": 0.6584449731386625,
    "loss_std": 0.007732379253916351,
    "loss_min": 0.648323655128479,
    "loss_max": 0.6765100359916687,
    "accuracy_mean": 0.9586016581608698,
    "iou_mean": 0.6597703053401067,
    "dice_mean": 0.7747167807358962,
    "precision_mean": 0.8415149450302124,
    "recall_mean": 0.9587788444298965,
    "f1_mean": 0.8962867443378155,
    "avg_batch_time_ms": 181.60354174100436,
    "avg_forward_time_ms": 172.48076658982498,
    "avg_backward_time_ms": 0.0,
    "avg_data_load_time_ms": 10.685553917518028,
    "throughput_samples_per_sec": 19.832552088500247,
    "cpu_percent_mean": 25.023076923076925,
    "cpu_percent_max": 26.9,
    "ram_used_mb_mean": 10398.803786057691,
    "ram_used_mb_max": 10411.34765625,
    "gpu_memory_mb_mean": 3358.0673076923076,
    "gpu_memory_mb_max": 3358.875,
    "gpu_utilization_mean": 94.53846153846153,
    "gpu_utilization_max": 98.0,
    "learning_rate": 9.939057285945933e-05
  }
}