{
  "epoch": 9,
  "train": {
    "epoch": 9,
    "phase": "train",
    "timestamp_start": 1774108494.953304,
    "timestamp_end": 1774108723.6358576,
    "duration_sec": 228.68255352973938,
    "loss_mean": 0.03950903102317277,
    "loss_std": 0.008224142773825221,
    "loss_min": 0.03226884454488754,
    "loss_max": 0.08509822934865952,
    "accuracy_mean": 0.9915972983135897,
    "iou_mean": 0.9312203293337541,
    "dice_mean": 0.9637992746689741,
    "precision_mean": 0.5,
    "recall_mean": 0.5,
    "f1_mean": 0.4999999403953552,
    "avg_batch_time_ms": 592.3107476795421,
    "avg_forward_time_ms": 175.7954899002524,
    "avg_backward_time_ms": 235.29781453749712,
    "avg_data_load_time_ms": 66.29129437839283,
    "throughput_samples_per_sec": 47.65995407945549,
    "cpu_percent_mean": 33.21382352941177,
    "cpu_percent_max": 100.0,
    "ram_used_mb_mean": 7197.540625,
    "ram_used_mb_max": 7486.015625,
    "gpu_memory_mb_mean": 471.40234375,
    "gpu_memory_mb_max": 471.40234375,
    "gpu_utilization_mean": 0.0,
    "gpu_utilization_max": 0.0,
    "learning_rate": 8.362196501476347e-05
  },
  "val": {
    "epoch": 9,
    "phase": "val",
    "timestamp_start": 1774108723.646351,
    "timestamp_end": 1774108756.3908424,
    "duration_sec": 32.74449133872986,
    "loss_mean": 0.03937652610140304,
    "loss_std": 0.008352674676675106,
    "loss_min": 0.03203284740447998,
    "loss_max": 0.06488664448261261,
    "accuracy_mean": 0.9910627276930091,
    "iou_mean": 0.9269372616728692,
    "dice_mean": 0.9613620336741617,
    "precision_mean": 0.5,
    "recall_mean": 0.5,
    "f1_mean": 0.4999999403953552,
    "avg_batch_time_ms": 350.2644022850141,
    "avg_forward_time_ms": 170.14635099123603,
    "avg_backward_time_ms": 0.0,
    "avg_data_load_time_ms": 83.49931729982977,
    "throughput_samples_per_sec": 71.30970445823311,
    "cpu_percent_mean": 57.03698630136986,
    "cpu_percent_max": 80.5,
    "ram_used_mb_mean": 7421.4475599315065,
    "ram_used_mb_max": 7477.01171875,
    "gpu_memory_mb_mean": 471.30645333904107,
    "gpu_memory_mb_max": 471.40234375,
    "gpu_utilization_mean": 0.0,
    "gpu_utilization_max": 0.0,
    "learning_rate": 8.362196501476347e-05
  }
}