{
  "epoch": 20,
  "train": {
    "epoch": 20,
    "phase": "train",
    "timestamp_start": 1778195055.7151868,
    "timestamp_end": 1778195355.9076688,
    "duration_sec": 300.1924819946289,
    "loss_mean": 0.012365799171454979,
    "loss_std": 0.00043106177209466457,
    "loss_min": 0.011096697300672531,
    "loss_max": 0.013837922364473343,
    "accuracy_mean": 0.996383663657662,
    "iou_mean": 0.9696804028013092,
    "dice_mean": 0.9845500300814222,
    "precision_mean": 0.5,
    "recall_mean": 0.5,
    "f1_mean": 0.4999999403953552,
    "avg_batch_time_ms": 608.4348710822615,
    "avg_forward_time_ms": 178.84122408353366,
    "avg_backward_time_ms": 245.99518531408066,
    "avg_data_load_time_ms": 76.64743114462543,
    "throughput_samples_per_sec": 45.75064608128904,
    "cpu_percent_mean": 33.033566433566435,
    "cpu_percent_max": 100.0,
    "ram_used_mb_mean": 15660.403135926574,
    "ram_used_mb_max": 15945.109375,
    "gpu_memory_mb_mean": 471.33460013293995,
    "gpu_memory_mb_max": 471.90966796875,
    "gpu_utilization_mean": 0.0,
    "gpu_utilization_max": 0.0,
    "learning_rate": 3.036653616774789e-05
  },
  "val": {
    "epoch": 20,
    "phase": "val",
    "timestamp_start": 1778195355.911232,
    "timestamp_end": 1778195398.56739,
    "duration_sec": 42.65615797042847,
    "loss_mean": 0.01561016122729558,
    "loss_std": 0.0010013750438273982,
    "loss_min": 0.0138982143253088,
    "loss_max": 0.019014261662960052,
    "accuracy_mean": 0.9955880603064662,
    "iou_mean": 0.9613457412823386,
    "dice_mean": 0.9801869658024415,
    "precision_mean": 0.5,
    "recall_mean": 0.5,
    "f1_mean": 0.4999999403953552,
    "avg_batch_time_ms": 363.48140498866206,
    "avg_forward_time_ms": 174.19124945350316,
    "avg_backward_time_ms": 0.0,
    "avg_data_load_time_ms": 82.64273923376332,
    "throughput_samples_per_sec": 68.99355544491947,
    "cpu_percent_mean": 57.50434782608696,
    "cpu_percent_max": 87.7,
    "ram_used_mb_mean": 15976.997494904892,
    "ram_used_mb_max": 16034.58203125,
    "gpu_memory_mb_mean": 470.68612007472825,
    "gpu_memory_mb_max": 470.76220703125,
    "gpu_utilization_mean": 0.0,
    "gpu_utilization_max": 0.0,
    "learning_rate": 3.036653616774789e-05
  }
}