{
  "epoch": 18,
  "train": {
    "epoch": 18,
    "phase": "train",
    "timestamp_start": 1773368772.2343445,
    "timestamp_end": 1773369139.289231,
    "duration_sec": 367.05488657951355,
    "loss_mean": 0.01676703933780351,
    "loss_std": 0.003571774963762585,
    "loss_min": 0.012338564731180668,
    "loss_max": 0.09421300888061523,
    "accuracy_mean": 0.9948902855234698,
    "iou_mean": 0.9605267309945477,
    "dice_mean": 0.9797566569541112,
    "precision_mean": 0.9883995108367983,
    "recall_mean": 0.9886933213423106,
    "f1_mean": 0.9885307796730483,
    "avg_batch_time_ms": 576.6038890712517,
    "avg_forward_time_ms": 162.65166574273226,
    "avg_backward_time_ms": 394.30610089262655,
    "avg_data_load_time_ms": 25.083003162352508,
    "throughput_samples_per_sec": 6.59846820885555,
    "cpu_percent_mean": 18.596033057851237,
    "cpu_percent_max": 43.0,
    "ram_used_mb_mean": 10182.397436725207,
    "ram_used_mb_max": 10322.18359375,
    "gpu_memory_mb_mean": 3274.668285123967,
    "gpu_memory_mb_max": 3290.25,
    "gpu_utilization_mean": 94.92396694214877,
    "gpu_utilization_max": 97.0,
    "learning_rate": 6.395177052675796e-06
  },
  "val": {
    "epoch": 18,
    "phase": "val",
    "timestamp_start": 1773369139.2906668,
    "timestamp_end": 1773369165.2333002,
    "duration_sec": 25.942633390426636,
    "loss_mean": 0.023545275349169968,
    "loss_std": 0.012207624215902005,
    "loss_min": 0.01559066865593195,
    "loss_max": 0.15533104538917542,
    "accuracy_mean": 0.9930192388021029,
    "iou_mean": 0.9454862250731542,
    "dice_mean": 0.9716515531906715,
    "precision_mean": 0.9832734117141136,
    "recall_mean": 0.9851820982419528,
    "f1_mean": 0.9840706064150884,
    "avg_batch_time_ms": 169.51089822329007,
    "avg_forward_time_ms": 161.1984949845534,
    "avg_backward_time_ms": 0.0,
    "avg_data_load_time_ms": 24.96016759138841,
    "throughput_samples_per_sec": 20.00567915327831,
    "cpu_percent_mean": 23.94,
    "cpu_percent_max": 57.6,
    "ram_used_mb_mean": 10341.604447115385,
    "ram_used_mb_max": 10445.015625,
    "gpu_memory_mb_mean": 3274.0625,
    "gpu_memory_mb_max": 3274.0625,
    "gpu_utilization_mean": 84.94615384615385,
    "gpu_utilization_max": 97.0,
    "learning_rate": 6.395177052675796e-06
  }
}