{
  "epoch": 11,
  "train": {
    "epoch": 11,
    "phase": "train",
    "timestamp_start": 1773366015.6878195,
    "timestamp_end": 1773366367.8345547,
    "duration_sec": 352.1467351913452,
    "loss_mean": 0.02809496521949768,
    "loss_std": 0.02186629603924878,
    "loss_min": 0.018651224672794342,
    "loss_max": 0.26443761587142944,
    "accuracy_mean": 0.9921214064290701,
    "iou_mean": 0.9374779760344955,
    "dice_mean": 0.9670231615216279,
    "precision_mean": 0.9807774171356327,
    "recall_mean": 0.9828686823529645,
    "f1_mean": 0.981730139649604,
    "avg_batch_time_ms": 551.8219329108877,
    "avg_forward_time_ms": 155.65099440330317,
    "avg_backward_time_ms": 377.58849356785294,
    "avg_data_load_time_ms": 25.316185202480348,
    "throughput_samples_per_sec": 6.877814723126606,
    "cpu_percent_mean": 17.02165289256198,
    "cpu_percent_max": 44.4,
    "ram_used_mb_mean": 11556.21916322314,
    "ram_used_mb_max": 11635.38671875,
    "gpu_memory_mb_mean": 3201.8446280991734,
    "gpu_memory_mb_max": 3202.125,
    "gpu_utilization_mean": 94.62479338842975,
    "gpu_utilization_max": 97.0,
    "learning_rate": 5.050000000000001e-05
  },
  "val": {
    "epoch": 11,
    "phase": "val",
    "timestamp_start": 1773366367.8360457,
    "timestamp_end": 1773366392.7970464,
    "duration_sec": 24.961000680923462,
    "loss_mean": 0.035344366299418305,
    "loss_std": 0.034816906629296235,
    "loss_min": 0.020543675869703293,
    "loss_max": 0.30506640672683716,
    "accuracy_mean": 0.9899173809931828,
    "iou_mean": 0.9253136570637043,
    "dice_mean": 0.9596528961108282,
    "precision_mean": 0.9741480148755587,
    "recall_mean": 0.9788735366784609,
    "f1_mean": 0.9759539168614607,
    "avg_batch_time_ms": 162.07467592679538,
    "avg_forward_time_ms": 153.94151760981634,
    "avg_backward_time_ms": 0.0,
    "avg_data_load_time_ms": 25.125985879164475,
    "throughput_samples_per_sec": 20.792435633265605,
    "cpu_percent_mean": 22.240000000000002,
    "cpu_percent_max": 59.4,
    "ram_used_mb_mean": 11603.122536057692,
    "ram_used_mb_max": 11703.01953125,
    "gpu_memory_mb_mean": 3201.6875,
    "gpu_memory_mb_max": 3201.6875,
    "gpu_utilization_mean": 84.49230769230769,
    "gpu_utilization_max": 93.0,
    "learning_rate": 5.050000000000001e-05
  }
}