{
  "epoch": 17,
  "train": {
    "epoch": 17,
    "phase": "train",
    "timestamp_start": 1773283153.586125,
    "timestamp_end": 1773283189.7224038,
    "duration_sec": 36.13627886772156,
    "loss_mean": 0.31341750025749204,
    "loss_std": 0.0123121300469579,
    "loss_min": 0.3005114793777466,
    "loss_max": 0.3932933807373047,
    "accuracy_mean": 0.9887776056925456,
    "iou_mean": 0.9060825367768606,
    "dice_mean": 0.9490540931622188,
    "precision_mean": 0.9593049764633179,
    "recall_mean": 0.988466414809227,
    "f1_mean": 0.9736555775006612,
    "avg_batch_time_ms": 584.1622471809387,
    "avg_forward_time_ms": 164.97665643692017,
    "avg_backward_time_ms": 398.4377145767212,
    "avg_data_load_time_ms": 12.671891848246256,
    "throughput_samples_per_sec": 6.696871055424707,
    "cpu_percent_mean": 21.018333333333334,
    "cpu_percent_max": 43.9,
    "ram_used_mb_mean": 10248.08828125,
    "ram_used_mb_max": 10302.88671875,
    "gpu_memory_mb_mean": 3321.7677083333333,
    "gpu_memory_mb_max": 3347.5,
    "gpu_utilization_mean": 96.38333333333334,
    "gpu_utilization_max": 98.0,
    "learning_rate": 1.0453658778440109e-05
  },
  "val": {
    "epoch": 17,
    "phase": "val",
    "timestamp_start": 1773283189.7231908,
    "timestamp_end": 1773283192.1988165,
    "duration_sec": 2.47562575340271,
    "loss_mean": 0.3192542287019583,
    "loss_std": 0.00616771179728775,
    "loss_min": 0.3042680025100708,
    "loss_max": 0.32813242077827454,
    "accuracy_mean": 0.9862390664907602,
    "iou_mean": 0.8769404154557449,
    "dice_mean": 0.9328469038009644,
    "precision_mean": 0.953398374410776,
    "recall_mean": 0.9841746321091285,
    "f1_mean": 0.9685373994020315,
    "avg_batch_time_ms": 173.6610485957219,
    "avg_forward_time_ms": 164.75457411545975,
    "avg_backward_time_ms": 0.0,
    "avg_data_load_time_ms": 11.728561841524565,
    "throughput_samples_per_sec": 20.60085209967673,
    "cpu_percent_mean": 24.49230769230769,
    "cpu_percent_max": 26.9,
    "ram_used_mb_mean": 10219.146033653846,
    "ram_used_mb_max": 10248.22265625,
    "gpu_memory_mb_mean": 3300.826923076923,
    "gpu_memory_mb_max": 3301.1875,
    "gpu_utilization_mean": 93.53846153846153,
    "gpu_utilization_max": 96.0,
    "learning_rate": 1.0453658778440109e-05
  }
}