{
  "epoch": 1,
  "train": {
    "epoch": 1,
    "phase": "train",
    "timestamp_start": 1774106380.723463,
    "timestamp_end": 1774106618.2114263,
    "duration_sec": 237.48796319961548,
    "loss_mean": 0.6222878777805496,
    "loss_std": 0.12449744732733178,
    "loss_min": 0.4658545255661011,
    "loss_max": 1.1367924213409424,
    "accuracy_mean": 0.95009765625,
    "iou_mean": 0.7260558345519444,
    "dice_mean": 0.811639074630597,
    "precision_mean": 0.5,
    "recall_mean": 0.5,
    "f1_mean": 0.4999999403953552,
    "avg_batch_time_ms": 591.535978457507,
    "avg_forward_time_ms": 180.36457580678604,
    "avg_backward_time_ms": 228.38788242901072,
    "avg_data_load_time_ms": 93.14927704194012,
    "throughput_samples_per_sec": 45.892852223584384,
    "cpu_percent_mean": 36.07323529411765,
    "cpu_percent_max": 100.0,
    "ram_used_mb_mean": 2778.125275735294,
    "ram_used_mb_max": 2998.62890625,
    "gpu_memory_mb_mean": 471.40445772058825,
    "gpu_memory_mb_max": 472.5234375,
    "gpu_utilization_mean": 0.0,
    "gpu_utilization_max": 0.0,
    "learning_rate": 0.0001
  },
  "val": {
    "epoch": 1,
    "phase": "val",
    "timestamp_start": 1774106618.2184775,
    "timestamp_end": 1774106653.3982213,
    "duration_sec": 35.17974376678467,
    "loss_mean": 0.469893849467578,
    "loss_std": 0.0059191220088434405,
    "loss_min": 0.4635428190231323,
    "loss_max": 0.48997026681900024,
    "accuracy_mean": 0.9811507977851449,
    "iou_mean": 0.845468234525968,
    "dice_mean": 0.9137266351752085,
    "precision_mean": 0.5,
    "recall_mean": 0.5,
    "f1_mean": 0.4999999403953552,
    "avg_batch_time_ms": 354.464005117547,
    "avg_forward_time_ms": 174.02426837241813,
    "avg_backward_time_ms": 0.0,
    "avg_data_load_time_ms": 113.78602459006113,
    "throughput_samples_per_sec": 66.37342260021278,
    "cpu_percent_mean": 60.032876712328765,
    "cpu_percent_max": 86.2,
    "ram_used_mb_mean": 3074.09819135274,
    "ram_used_mb_max": 3163.2734375,
    "gpu_memory_mb_mean": 471.30645333904107,
    "gpu_memory_mb_max": 471.40234375,
    "gpu_utilization_mean": 0.0,
    "gpu_utilization_max": 0.0,
    "learning_rate": 0.0001
  }
}