{
  "epoch": 26,
  "train": {
    "epoch": 26,
    "phase": "train",
    "timestamp_start": 1775612475.0694876,
    "timestamp_end": 1775612769.0923512,
    "duration_sec": 294.0228636264801,
    "loss_mean": 0.009924160883195334,
    "loss_std": 0.0003413920876128245,
    "loss_min": 0.008969754911959171,
    "loss_max": 0.011296987533569336,
    "accuracy_mean": 0.9970182577768961,
    "iou_mean": 0.9756764718146869,
    "dice_mean": 0.9876543803092761,
    "precision_mean": 0.5,
    "recall_mean": 0.5,
    "f1_mean": 0.4999999403953552,
    "avg_batch_time_ms": 604.4266701856137,
    "avg_forward_time_ms": 175.95352103938035,
    "avg_backward_time_ms": 240.42362099760896,
    "avg_data_load_time_ms": 66.26532516835175,
    "throughput_samples_per_sec": 46.71065314650958,
    "cpu_percent_mean": 32.73939393939394,
    "cpu_percent_max": 100.0,
    "ram_used_mb_mean": 19660.389659819346,
    "ram_used_mb_max": 19957.1171875,
    "gpu_memory_mb_mean": 471.40234375,
    "gpu_memory_mb_max": 471.40234375,
    "gpu_utilization_mean": 0.0,
    "gpu_utilization_max": 0.0,
    "learning_rate": 7.631742512670283e-06
  },
  "val": {
    "epoch": 26,
    "phase": "val",
    "timestamp_start": 1775612769.1011872,
    "timestamp_end": 1775612810.9657571,
    "duration_sec": 41.864569902420044,
    "loss_mean": 0.01401879227436755,
    "loss_std": 0.0009169411601905874,
    "loss_min": 0.012183582410216331,
    "loss_max": 0.017336435616016388,
    "accuracy_mean": 0.9960486869449201,
    "iou_mean": 0.9655663267425869,
    "dice_mean": 0.9823989265638849,
    "precision_mean": 0.5,
    "recall_mean": 0.5,
    "f1_mean": 0.4999999403953552,
    "avg_batch_time_ms": 359.53311816505766,
    "avg_forward_time_ms": 174.72813699556434,
    "avg_backward_time_ms": 0.0,
    "avg_data_load_time_ms": 77.26747315862904,
    "throughput_samples_per_sec": 70.29810665342283,
    "cpu_percent_mean": 57.82826086956523,
    "cpu_percent_max": 86.2,
    "ram_used_mb_mean": 20062.965183423912,
    "ram_used_mb_max": 20169.796875,
    "gpu_memory_mb_mean": 471.32625679347825,
    "gpu_memory_mb_max": 471.40234375,
    "gpu_utilization_mean": 0.0,
    "gpu_utilization_max": 0.0,
    "learning_rate": 7.631742512670283e-06
  }
}