{
  "epoch": 19,
  "train": {
    "epoch": 19,
    "phase": "train",
    "timestamp_start": 1773283230.7238562,
    "timestamp_end": 1773283267.6737874,
    "duration_sec": 36.949931144714355,
    "loss_mean": 0.30854086528221764,
    "loss_std": 0.012997578081035983,
    "loss_min": 0.2926710247993469,
    "loss_max": 0.3937709927558899,
    "accuracy_mean": 0.989186143875122,
    "iou_mean": 0.9094836831092834,
    "dice_mean": 0.9510076224803925,
    "precision_mean": 0.9607532431681951,
    "recall_mean": 0.9887469132741292,
    "f1_mean": 0.9745433280865351,
    "avg_batch_time_ms": 598.4246810277303,
    "avg_forward_time_ms": 168.8586393992106,
    "avg_backward_time_ms": 408.95404020945233,
    "avg_data_load_time_ms": 11.921151479085287,
    "throughput_samples_per_sec": 6.549403273640952,
    "cpu_percent_mean": 22.303333333333335,
    "cpu_percent_max": 51.9,
    "ram_used_mb_mean": 10373.990234375,
    "ram_used_mb_max": 10436.47265625,
    "gpu_memory_mb_mean": 3324.672916666667,
    "gpu_memory_mb_max": 3372.5625,
    "gpu_utilization_mean": 96.58333333333333,
    "gpu_utilization_max": 98.0,
    "learning_rate": 3.422702443389901e-06
  },
  "val": {
    "epoch": 19,
    "phase": "val",
    "timestamp_start": 1773283267.6745586,
    "timestamp_end": 1773283270.1623564,
    "duration_sec": 2.487797737121582,
    "loss_mean": 0.3165855086766757,
    "loss_std": 0.006112390681963543,
    "loss_min": 0.30215954780578613,
    "loss_max": 0.32547497749328613,
    "accuracy_mean": 0.9864068902455844,
    "iou_mean": 0.8763468173833994,
    "dice_mean": 0.932424361889179,
    "precision_mean": 0.9545299915167001,
    "recall_mean": 0.9835448998671311,
    "f1_mean": 0.9688161198909466,
    "avg_batch_time_ms": 174.24845695495605,
    "avg_forward_time_ms": 165.75972850506122,
    "avg_backward_time_ms": 0.0,
    "avg_data_load_time_ms": 11.480239721444937,
    "throughput_samples_per_sec": 20.5000588428092,
    "cpu_percent_mean": 23.584615384615386,
    "cpu_percent_max": 25.5,
    "ram_used_mb_mean": 10418.1796875,
    "ram_used_mb_max": 10438.3515625,
    "gpu_memory_mb_mean": 3325.153846153846,
    "gpu_memory_mb_max": 3326.375,
    "gpu_utilization_mean": 93.92307692307692,
    "gpu_utilization_max": 97.0,
    "learning_rate": 3.422702443389901e-06
  }
}