{
  "epoch": 4,
  "train": {
    "epoch": 4,
    "phase": "train",
    "timestamp_start": 1774107188.5373473,
    "timestamp_end": 1774107415.9810233,
    "duration_sec": 227.44367599487305,
    "loss_mean": 0.14618287415188902,
    "loss_std": 0.020338890802015962,
    "loss_min": 0.11144298315048218,
    "loss_max": 0.20541244745254517,
    "accuracy_mean": 0.9880179952172672,
    "iou_mean": 0.899887979907148,
    "dice_mean": 0.9462482105283176,
    "precision_mean": 0.5,
    "recall_mean": 0.5,
    "f1_mean": 0.4999999403953552,
    "avg_batch_time_ms": 589.7216334062464,
    "avg_forward_time_ms": 174.8638952479643,
    "avg_backward_time_ms": 234.63016257566565,
    "avg_data_load_time_ms": 65.50916643703685,
    "throughput_samples_per_sec": 47.91955613769486,
    "cpu_percent_mean": 32.96735294117647,
    "cpu_percent_max": 100.0,
    "ram_used_mb_mean": 4506.940567555147,
    "ram_used_mb_max": 4749.98046875,
    "gpu_memory_mb_mean": 471.40234375,
    "gpu_memory_mb_max": 471.40234375,
    "gpu_utilization_mean": 0.0,
    "gpu_utilization_max": 0.0,
    "learning_rate": 9.757729755661011e-05
  },
  "val": {
    "epoch": 4,
    "phase": "val",
    "timestamp_start": 1774107415.9909086,
    "timestamp_end": 1774107448.5502186,
    "duration_sec": 32.55930995941162,
    "loss_mean": 0.11737465817634374,
    "loss_std": 0.008799161010619158,
    "loss_min": 0.1089443564414978,
    "loss_max": 0.1422361433506012,
    "accuracy_mean": 0.9882436966242856,
    "iou_mean": 0.9016029214205807,
    "dice_mean": 0.9471757967178136,
    "precision_mean": 0.5,
    "recall_mean": 0.5,
    "f1_mean": 0.4999999403953552,
    "avg_batch_time_ms": 349.74617500827736,
    "avg_forward_time_ms": 170.83196444054173,
    "avg_backward_time_ms": 0.0,
    "avg_data_load_time_ms": 82.1115644010779,
    "throughput_samples_per_sec": 71.715279067978,
    "cpu_percent_mean": 57.710958904109596,
    "cpu_percent_max": 75.0,
    "ram_used_mb_mean": 4780.703713613014,
    "ram_used_mb_max": 4837.02734375,
    "gpu_memory_mb_mean": 471.30645333904107,
    "gpu_memory_mb_max": 471.40234375,
    "gpu_utilization_mean": 0.0,
    "gpu_utilization_max": 0.0,
    "learning_rate": 9.757729755661011e-05
  }
}