{
  "epoch": 13,
  "train": {
    "epoch": 13,
    "phase": "train",
    "timestamp_start": 1775608140.9961221,
    "timestamp_end": 1775608431.555816,
    "duration_sec": 290.559693813324,
    "loss_mean": 0.019545304504307835,
    "loss_std": 0.0012070075561712178,
    "loss_min": 0.017387758940458298,
    "loss_max": 0.03271313011646271,
    "accuracy_mean": 0.9947589902611046,
    "iou_mean": 0.9544169195604213,
    "dice_mean": 0.9765330598904536,
    "precision_mean": 0.5,
    "recall_mean": 0.5,
    "f1_mean": 0.4999999403953552,
    "avg_batch_time_ms": 597.5722482988051,
    "avg_forward_time_ms": 177.0713796148767,
    "avg_backward_time_ms": 238.24965703737485,
    "avg_data_load_time_ms": 65.52102293445792,
    "throughput_samples_per_sec": 47.26739562447257,
    "cpu_percent_mean": 33.020279720279724,
    "cpu_percent_max": 57.6,
    "ram_used_mb_mean": 11034.822024329836,
    "ram_used_mb_max": 11380.05078125,
    "gpu_memory_mb_mean": 471.40234375,
    "gpu_memory_mb_max": 471.40234375,
    "gpu_utilization_mean": 0.0,
    "gpu_utilization_max": 0.0,
    "learning_rate": 6.579634122155988e-05
  },
  "val": {
    "epoch": 13,
    "phase": "val",
    "timestamp_start": 1775608431.5683236,
    "timestamp_end": 1775608472.684875,
    "duration_sec": 41.11655139923096,
    "loss_mean": 0.021065792655977217,
    "loss_std": 0.0009339240139072981,
    "loss_min": 0.019383717328310013,
    "loss_max": 0.02412189170718193,
    "accuracy_mean": 0.9943613150845403,
    "iou_mean": 0.9495546966791153,
    "dice_mean": 0.9739358677812244,
    "precision_mean": 0.5,
    "recall_mean": 0.5,
    "f1_mean": 0.4999999403953552,
    "avg_batch_time_ms": 351.08905771504277,
    "avg_forward_time_ms": 171.4230801748193,
    "avg_backward_time_ms": 0.0,
    "avg_data_load_time_ms": 80.5625811867092,
    "throughput_samples_per_sec": 71.5770146047571,
    "cpu_percent_mean": 57.577173913043495,
    "cpu_percent_max": 100.0,
    "ram_used_mb_mean": 11329.877377717392,
    "ram_used_mb_max": 11408.578125,
    "gpu_memory_mb_mean": 471.32625679347825,
    "gpu_memory_mb_max": 471.40234375,
    "gpu_utilization_mean": 0.0,
    "gpu_utilization_max": 0.0,
    "learning_rate": 6.579634122155988e-05
  }
}