{
  "epoch": 4,
  "train": {
    "epoch": 4,
    "phase": "train",
    "timestamp_start": 1778189642.1431744,
    "timestamp_end": 1778189935.9968653,
    "duration_sec": 293.85369086265564,
    "loss_mean": 0.1000205670724382,
    "loss_std": 0.016074983694933292,
    "loss_min": 0.06995350122451782,
    "loss_max": 0.1539757251739502,
    "accuracy_mean": 0.989625680418837,
    "iou_mean": 0.9037279528337758,
    "dice_mean": 0.9484054814407598,
    "precision_mean": 0.5,
    "recall_mean": 0.5,
    "f1_mean": 0.4999999403953552,
    "avg_batch_time_ms": 605.2166587545044,
    "avg_forward_time_ms": 178.79515705686626,
    "avg_backward_time_ms": 242.81334821438733,
    "avg_data_load_time_ms": 65.89108358174215,
    "throughput_samples_per_sec": 46.737544659322104,
    "cpu_percent_mean": 32.62191142191143,
    "cpu_percent_max": 66.7,
    "ram_used_mb_mean": 4978.1575247669,
    "ram_used_mb_max": 5364.09765625,
    "gpu_memory_mb_mean": 471.33460013293995,
    "gpu_memory_mb_max": 471.90966796875,
    "gpu_utilization_mean": 0.0,
    "gpu_utilization_max": 0.0,
    "learning_rate": 9.757729755661011e-05
  },
  "val": {
    "epoch": 4,
    "phase": "val",
    "timestamp_start": 1778189935.9997044,
    "timestamp_end": 1778189976.6367033,
    "duration_sec": 40.636998891830444,
    "loss_mean": 0.08031243490784065,
    "loss_std": 0.008069650366945487,
    "loss_min": 0.07155117392539978,
    "loss_max": 0.10579010844230652,
    "accuracy_mean": 0.9895963532769162,
    "iou_mean": 0.9040585743344348,
    "dice_mean": 0.9485782922609992,
    "precision_mean": 0.5,
    "recall_mean": 0.5,
    "f1_mean": 0.4999999403953552,
    "avg_batch_time_ms": 354.47613052699876,
    "avg_forward_time_ms": 173.86646115261576,
    "avg_backward_time_ms": 0.0,
    "avg_data_load_time_ms": 73.16449154978213,
    "throughput_samples_per_sec": 72.42168664654153,
    "cpu_percent_mean": 58.32065217391305,
    "cpu_percent_max": 82.6,
    "ram_used_mb_mean": 5305.411727241848,
    "ram_used_mb_max": 5384.35546875,
    "gpu_memory_mb_mean": 470.68612007472825,
    "gpu_memory_mb_max": 470.76220703125,
    "gpu_utilization_mean": 0.0,
    "gpu_utilization_max": 0.0,
    "learning_rate": 9.757729755661011e-05
  }
}