{
  "epoch": 2,
  "train": {
    "epoch": 2,
    "phase": "train",
    "timestamp_start": 1778188932.3139622,
    "timestamp_end": 1778189241.2940557,
    "duration_sec": 308.9800934791565,
    "loss_mean": 0.32678312358461614,
    "loss_std": 0.05505308544761445,
    "loss_min": 0.231520414352417,
    "loss_max": 0.4422328472137451,
    "accuracy_mean": 0.9851922308092629,
    "iou_mean": 0.8662493962507981,
    "dice_mean": 0.9263961894528849,
    "precision_mean": 0.5,
    "recall_mean": 0.5,
    "f1_mean": 0.4999999403953552,
    "avg_batch_time_ms": 608.5667510132689,
    "avg_forward_time_ms": 179.43495970505936,
    "avg_backward_time_ms": 243.27587414454746,
    "avg_data_load_time_ms": 97.95397533959164,
    "throughput_samples_per_sec": 44.44946548288387,
    "cpu_percent_mean": 34.367599067599066,
    "cpu_percent_max": 100.0,
    "ram_used_mb_mean": 3500.588833041958,
    "ram_used_mb_max": 3794.3828125,
    "gpu_memory_mb_mean": 471.33460013293995,
    "gpu_memory_mb_max": 471.90966796875,
    "gpu_utilization_mean": 0.0,
    "gpu_utilization_max": 0.0,
    "learning_rate": 9.972883382072954e-05
  },
  "val": {
    "epoch": 2,
    "phase": "val",
    "timestamp_start": 1778189241.2968013,
    "timestamp_end": 1778189285.8728454,
    "duration_sec": 44.5760440826416,
    "loss_mean": 0.24028542864581812,
    "loss_std": 0.006441910728902651,
    "loss_min": 0.23153544962406158,
    "loss_max": 0.2630513608455658,
    "accuracy_mean": 0.9867818044579547,
    "iou_mean": 0.8797852098941803,
    "dice_mean": 0.9345361719960752,
    "precision_mean": 0.5,
    "recall_mean": 0.5,
    "f1_mean": 0.4999999403953552,
    "avg_batch_time_ms": 362.89245667664903,
    "avg_forward_time_ms": 175.9325991506162,
    "avg_backward_time_ms": 0.0,
    "avg_data_load_time_ms": 107.96532682750536,
    "throughput_samples_per_sec": 66.02200936771858,
    "cpu_percent_mean": 60.513043478260876,
    "cpu_percent_max": 100.0,
    "ram_used_mb_mean": 3790.5899711277175,
    "ram_used_mb_max": 3884.6171875,
    "gpu_memory_mb_mean": 470.68612007472825,
    "gpu_memory_mb_max": 470.76220703125,
    "gpu_utilization_mean": 0.0,
    "gpu_utilization_max": 0.0,
    "learning_rate": 9.972883382072954e-05
  }
}