{
  "epoch": 21,
  "train": {
    "epoch": 21,
    "phase": "train",
    "timestamp_start": 1775610799.6852434,
    "timestamp_end": 1775611092.515661,
    "duration_sec": 292.83041763305664,
    "loss_mean": 0.011790342242532954,
    "loss_std": 0.000409702604415355,
    "loss_min": 0.010603934526443481,
    "loss_max": 0.01334565319120884,
    "accuracy_mean": 0.9965373049804936,
    "iou_mean": 0.971061993867923,
    "dice_mean": 0.9852672430463049,
    "precision_mean": 0.5,
    "recall_mean": 0.5,
    "f1_mean": 0.4999999403953552,
    "avg_batch_time_ms": 602.6389304296675,
    "avg_forward_time_ms": 176.69834068049363,
    "avg_backward_time_ms": 240.06807609593673,
    "avg_data_load_time_ms": 65.42712602859888,
    "throughput_samples_per_sec": 46.90086539168879,
    "cpu_percent_mean": 32.8913752913753,
    "cpu_percent_max": 100.0,
    "ram_used_mb_mean": 16388.225214889277,
    "ram_used_mb_max": 16696.97265625,
    "gpu_memory_mb_mean": 471.40234375,
    "gpu_memory_mb_max": 471.40234375,
    "gpu_utilization_mean": 0.0,
    "gpu_utilization_max": 0.0,
    "learning_rate": 2.5750000000000002e-05
  },
  "val": {
    "epoch": 21,
    "phase": "val",
    "timestamp_start": 1775611092.526506,
    "timestamp_end": 1775611134.4787252,
    "duration_sec": 41.95221924781799,
    "loss_mean": 0.015119070703487681,
    "loss_std": 0.000899636529052507,
    "loss_min": 0.01341327652335167,
    "loss_max": 0.01840462163090706,
    "accuracy_mean": 0.995724332721337,
    "iou_mean": 0.9625949321881585,
    "dice_mean": 0.9808426078246988,
    "precision_mean": 0.5,
    "recall_mean": 0.5,
    "f1_mean": 0.4999999403953552,
    "avg_batch_time_ms": 356.0944588288017,
    "avg_forward_time_ms": 171.34327732998392,
    "avg_backward_time_ms": 0.0,
    "avg_data_load_time_ms": 82.48138427734375,
    "throughput_samples_per_sec": 70.15123520916168,
    "cpu_percent_mean": 57.35108695652176,
    "cpu_percent_max": 77.8,
    "ram_used_mb_mean": 16666.186098845108,
    "ram_used_mb_max": 16717.20703125,
    "gpu_memory_mb_mean": 471.32625679347825,
    "gpu_memory_mb_max": 471.40234375,
    "gpu_utilization_mean": 0.0,
    "gpu_utilization_max": 0.0,
    "learning_rate": 2.5750000000000002e-05
  }
}