{
  "epoch": 11,
  "train": {
    "epoch": 11,
    "phase": "train",
    "timestamp_start": 1778192000.5170848,
    "timestamp_end": 1778192297.8788188,
    "duration_sec": 297.36173391342163,
    "loss_mean": 0.024322183181842167,
    "loss_std": 0.0025359455341888637,
    "loss_min": 0.02171868085861206,
    "loss_max": 0.04759170487523079,
    "accuracy_mean": 0.9937379062870444,
    "iou_mean": 0.9458437009013339,
    "dice_mean": 0.9719549878771766,
    "precision_mean": 0.5,
    "recall_mean": 0.5,
    "f1_mean": 0.4999999403953552,
    "avg_batch_time_ms": 603.5140888952153,
    "avg_forward_time_ms": 178.39620107815261,
    "avg_backward_time_ms": 244.24175893788015,
    "avg_data_load_time_ms": 75.35502571603912,
    "throughput_samples_per_sec": 46.18617136527299,
    "cpu_percent_mean": 32.294405594405596,
    "cpu_percent_max": 100.0,
    "ram_used_mb_mean": 9659.035383886947,
    "ram_used_mb_max": 9961.62109375,
    "gpu_memory_mb_mean": 471.33727486706005,
    "gpu_memory_mb_max": 471.90966796875,
    "gpu_utilization_mean": 0.0,
    "gpu_utilization_max": 0.0,
    "learning_rate": 7.524999999999999e-05
  },
  "val": {
    "epoch": 11,
    "phase": "val",
    "timestamp_start": 1778192297.8820364,
    "timestamp_end": 1778192339.5268216,
    "duration_sec": 41.64478516578674,
    "loss_mean": 0.027462385878290817,
    "loss_std": 0.003918175953138868,
    "loss_min": 0.023703766986727715,
    "loss_max": 0.05084899067878723,
    "accuracy_mean": 0.9927042677350666,
    "iou_mean": 0.9372841139202532,
    "dice_mean": 0.9672918390968571,
    "precision_mean": 0.5,
    "recall_mean": 0.5,
    "f1_mean": 0.4999999403953552,
    "avg_batch_time_ms": 361.8596040684244,
    "avg_forward_time_ms": 177.76562597440636,
    "avg_backward_time_ms": 0.0,
    "avg_data_load_time_ms": 75.02015518105549,
    "throughput_samples_per_sec": 70.66911230983659,
    "cpu_percent_mean": 58.891304347826086,
    "cpu_percent_max": 88.7,
    "ram_used_mb_mean": 9999.542713994566,
    "ram_used_mb_max": 10163.57421875,
    "gpu_memory_mb_mean": 471.83358101222825,
    "gpu_memory_mb_max": 471.90966796875,
    "gpu_utilization_mean": 0.0,
    "gpu_utilization_max": 0.0,
    "learning_rate": 7.524999999999999e-05
  }
}