{
  "epoch": 1,
  "train": {
    "epoch": 1,
    "phase": "train",
    "timestamp_start": 1778188582.1353128,
    "timestamp_end": 1778188887.8190174,
    "duration_sec": 305.6837046146393,
    "loss_mean": 0.6000674182162696,
    "loss_std": 0.1355614917840842,
    "loss_min": 0.4225004315376282,
    "loss_max": 1.1422947645187378,
    "accuracy_mean": 0.9552675602319357,
    "iou_mean": 0.7270299445464339,
    "dice_mean": 0.8115591628429217,
    "precision_mean": 0.5,
    "recall_mean": 0.5,
    "f1_mean": 0.4999999403953552,
    "avg_batch_time_ms": 602.4140666970562,
    "avg_forward_time_ms": 179.63216688249494,
    "avg_backward_time_ms": 235.1978958903493,
    "avg_data_load_time_ms": 96.41028061891214,
    "throughput_samples_per_sec": 44.92879336605068,
    "cpu_percent_mean": 36.39090909090909,
    "cpu_percent_max": 57.1,
    "ram_used_mb_mean": 2891.6239710810023,
    "ram_used_mb_max": 3219.1171875,
    "gpu_memory_mb_mean": 471.33896848594117,
    "gpu_memory_mb_max": 472.5234375,
    "gpu_utilization_mean": 0.0,
    "gpu_utilization_max": 0.0,
    "learning_rate": 0.0001
  },
  "val": {
    "epoch": 1,
    "phase": "val",
    "timestamp_start": 1778188887.823175,
    "timestamp_end": 1778188932.2125194,
    "duration_sec": 44.389344453811646,
    "loss_mean": 0.4313141901208007,
    "loss_std": 0.005342881743328052,
    "loss_min": 0.42262792587280273,
    "loss_max": 0.4465179443359375,
    "accuracy_mean": 0.9837490061055059,
    "iou_mean": 0.8564708226400873,
    "dice_mean": 0.9206018188725347,
    "precision_mean": 0.5,
    "recall_mean": 0.5,
    "f1_mean": 0.4999999403953552,
    "avg_batch_time_ms": 361.33037701897,
    "avg_forward_time_ms": 175.36436215690944,
    "avg_backward_time_ms": 0.0,
    "avg_data_load_time_ms": 107.61675627335258,
    "throughput_samples_per_sec": 66.29969503294363,
    "cpu_percent_mean": 60.207608695652176,
    "cpu_percent_max": 80.6,
    "ram_used_mb_mean": 3123.1142578125,
    "ram_used_mb_max": 3210.9140625,
    "gpu_memory_mb_mean": 471.83358101222825,
    "gpu_memory_mb_max": 471.90966796875,
    "gpu_utilization_mean": 0.0,
    "gpu_utilization_max": 0.0,
    "learning_rate": 0.0001
  }
}