{
  "epoch": 30,
  "train": {
    "epoch": 30,
    "phase": "train",
    "timestamp_start": 1778198494.045034,
    "timestamp_end": 1778198793.9377553,
    "duration_sec": 299.89272141456604,
    "loss_mean": 0.00946878942515536,
    "loss_std": 0.0003411237551161032,
    "loss_min": 0.008434220217168331,
    "loss_max": 0.010487839579582214,
    "accuracy_mean": 0.9971306612997344,
    "iou_mean": 0.9768829968147901,
    "dice_mean": 0.9882764009051112,
    "precision_mean": 0.5,
    "recall_mean": 0.5,
    "f1_mean": 0.4999999403953552,
    "avg_batch_time_ms": 615.3560040436147,
    "avg_forward_time_ms": 178.24637306320085,
    "avg_backward_time_ms": 247.2464554793351,
    "avg_data_load_time_ms": 68.57666880378635,
    "throughput_samples_per_sec": 45.79637656832084,
    "cpu_percent_mean": 34.155011655011656,
    "cpu_percent_max": 100.0,
    "ram_used_mb_mean": 22306.318509615383,
    "ram_used_mb_max": 22603.7578125,
    "gpu_memory_mb_mean": 471.33460013293995,
    "gpu_memory_mb_max": 471.90966796875,
    "gpu_utilization_mean": 0.0,
    "gpu_utilization_max": 0.0,
    "learning_rate": 1.2711661792704668e-06
  },
  "val": {
    "epoch": 30,
    "phase": "val",
    "timestamp_start": 1778198793.9519212,
    "timestamp_end": 1778198837.6221552,
    "duration_sec": 43.670233964920044,
    "loss_mean": 0.013825551961022227,
    "loss_std": 0.0010855381088210846,
    "loss_min": 0.012154595926404,
    "loss_max": 0.018713127821683884,
    "accuracy_mean": 0.9960903123669003,
    "iou_mean": 0.9662229975928431,
    "dice_mean": 0.9827432561179866,
    "precision_mean": 0.5,
    "recall_mean": 0.5,
    "f1_mean": 0.4999999403953552,
    "avg_batch_time_ms": 369.1935046859409,
    "avg_forward_time_ms": 173.3004243477531,
    "avg_backward_time_ms": 0.0,
    "avg_data_load_time_ms": 85.63778711401898,
    "throughput_samples_per_sec": 67.39144109839414,
    "cpu_percent_mean": 59.01739130434783,
    "cpu_percent_max": 100.0,
    "ram_used_mb_mean": 22629.715395720108,
    "ram_used_mb_max": 22730.13671875,
    "gpu_memory_mb_mean": 470.68612007472825,
    "gpu_memory_mb_max": 470.76220703125,
    "gpu_utilization_mean": 0.0,
    "gpu_utilization_max": 0.0,
    "learning_rate": 1.2711661792704668e-06
  }
}