{
  "epoch": 11,
  "train": {
    "epoch": 11,
    "phase": "train",
    "timestamp_start": 1774109017.8028357,
    "timestamp_end": 1774109245.9538908,
    "duration_sec": 228.15105509757996,
    "loss_mean": 0.029399395241018603,
    "loss_std": 0.0036893339194102987,
    "loss_min": 0.02561434730887413,
    "loss_max": 0.054588332772254944,
    "accuracy_mean": 0.9928788518204409,
    "iou_mean": 0.9437200928435606,
    "dice_mean": 0.9708024585948271,
    "precision_mean": 0.5,
    "recall_mean": 0.5,
    "f1_mean": 0.4999999403953552,
    "avg_batch_time_ms": 590.7776250558741,
    "avg_forward_time_ms": 175.62321003745583,
    "avg_backward_time_ms": 235.00616410199333,
    "avg_data_load_time_ms": 66.22953414916992,
    "throughput_samples_per_sec": 47.77098223516218,
    "cpu_percent_mean": 33.319117647058825,
    "cpu_percent_max": 100.0,
    "ram_used_mb_mean": 8252.603561580883,
    "ram_used_mb_max": 8529.09765625,
    "gpu_memory_mb_mean": 471.40234375,
    "gpu_memory_mb_max": 471.40234375,
    "gpu_utilization_mean": 0.0,
    "gpu_utilization_max": 0.0,
    "learning_rate": 7.524999999999999e-05
  },
  "val": {
    "epoch": 11,
    "phase": "val",
    "timestamp_start": 1774109245.9639542,
    "timestamp_end": 1774109278.7117338,
    "duration_sec": 32.74777960777283,
    "loss_mean": 0.031245925859229206,
    "loss_std": 0.005016146649669346,
    "loss_min": 0.026723816990852356,
    "loss_max": 0.04884069040417671,
    "accuracy_mean": 0.9921074134029754,
    "iou_mean": 0.9381823637714125,
    "dice_mean": 0.9678394982259567,
    "precision_mean": 0.5,
    "recall_mean": 0.5,
    "f1_mean": 0.4999999403953552,
    "avg_batch_time_ms": 349.7519819703821,
    "avg_forward_time_ms": 170.05794015649246,
    "avg_backward_time_ms": 0.0,
    "avg_data_load_time_ms": 83.62264502538393,
    "throughput_samples_per_sec": 71.30254411037313,
    "cpu_percent_mean": 57.898630136986306,
    "cpu_percent_max": 81.7,
    "ram_used_mb_mean": 8476.563409674658,
    "ram_used_mb_max": 8523.35546875,
    "gpu_memory_mb_mean": 471.30645333904107,
    "gpu_memory_mb_max": 471.40234375,
    "gpu_utilization_mean": 0.0,
    "gpu_utilization_max": 0.0,
    "learning_rate": 7.524999999999999e-05
  }
}