{
  "epoch": 20,
  "train": {
    "epoch": 20,
    "phase": "train",
    "timestamp_start": 1773283270.5105572,
    "timestamp_end": 1773283307.9758978,
    "duration_sec": 37.46534061431885,
    "loss_mean": 0.3078239783644676,
    "loss_std": 0.013770957470179205,
    "loss_min": 0.2913346588611603,
    "loss_max": 0.4023902416229248,
    "accuracy_mean": 0.9892740567525228,
    "iou_mean": 0.9104509383440018,
    "dice_mean": 0.951486912369728,
    "precision_mean": 0.9609827846288681,
    "recall_mean": 0.9885923286279042,
    "f1_mean": 0.9745850871006648,
    "avg_batch_time_ms": 606.8180878957113,
    "avg_forward_time_ms": 171.554168065389,
    "avg_backward_time_ms": 414.3560568491618,
    "avg_data_load_time_ms": 12.079779307047525,
    "throughput_samples_per_sec": 6.459303346290951,
    "cpu_percent_mean": 20.078333333333333,
    "cpu_percent_max": 22.3,
    "ram_used_mb_mean": 10320.2728515625,
    "ram_used_mb_max": 10420.06640625,
    "gpu_memory_mb_mean": 3292.6916666666666,
    "gpu_memory_mb_max": 3325.8125,
    "gpu_utilization_mean": 96.5,
    "gpu_utilization_max": 98.0,
    "learning_rate": 1.6094271405406863e-06
  },
  "val": {
    "epoch": 20,
    "phase": "val",
    "timestamp_start": 1773283307.976774,
    "timestamp_end": 1773283310.440637,
    "duration_sec": 2.4638631343841553,
    "loss_mean": 0.3169872806622432,
    "loss_std": 0.006222293475205375,
    "loss_min": 0.3023151755332947,
    "loss_max": 0.32595425844192505,
    "accuracy_mean": 0.9863038200598496,
    "iou_mean": 0.875411487542666,
    "dice_mean": 0.9318709786121662,
    "precision_mean": 0.9540077860538776,
    "recall_mean": 0.9836516747107873,
    "f1_mean": 0.9685989159804124,
    "avg_batch_time_ms": 172.70977680499738,
    "avg_forward_time_ms": 164.443694628202,
    "avg_backward_time_ms": 0.0,
    "avg_data_load_time_ms": 11.496837322528545,
    "throughput_samples_per_sec": 20.699201708193705,
    "cpu_percent_mean": 23.584615384615386,
    "cpu_percent_max": 27.3,
    "ram_used_mb_mean": 10250.932091346154,
    "ram_used_mb_max": 10285.796875,
    "gpu_memory_mb_mean": 3277.1778846153848,
    "gpu_memory_mb_max": 3277.4375,
    "gpu_utilization_mean": 93.53846153846153,
    "gpu_utilization_max": 98.0,
    "learning_rate": 1.6094271405406863e-06
  }
}