{
  "epoch": 13,
  "train": {
    "epoch": 13,
    "phase": "train",
    "timestamp_start": 1773749543.6607232,
    "timestamp_end": 1773751101.610715,
    "duration_sec": 1557.9499917030334,
    "loss_mean": 0.016251966332614685,
    "loss_std": 0.0017205651905048169,
    "loss_min": 0.01178385317325592,
    "loss_max": 0.032775335013866425,
    "accuracy_mean": 0.9949271363833927,
    "iou_mean": 0.9588527433278802,
    "dice_mean": 0.9788686806847521,
    "precision_mean": 0.9887625587756763,
    "recall_mean": 0.988581523211692,
    "f1_mean": 0.9886696238656051,
    "avg_batch_time_ms": 543.6298822691438,
    "avg_forward_time_ms": 152.88977843549284,
    "avg_backward_time_ms": 372.57168471550625,
    "avg_data_load_time_ms": 23.516526831404228,
    "throughput_samples_per_sec": 6.995731607589044,
    "cpu_percent_mean": 14.528120411160058,
    "cpu_percent_max": 15.9,
    "ram_used_mb_mean": 3555.738646923183,
    "ram_used_mb_max": 3681.7890625,
    "gpu_memory_mb_mean": 3041.6051303230543,
    "gpu_memory_mb_max": 3042.0,
    "gpu_utilization_mean": 94.70594713656388,
    "gpu_utilization_max": 97.0,
    "learning_rate": 8.658394705735986e-05
  },
  "val": {
    "epoch": 13,
    "phase": "val",
    "timestamp_start": 1773751101.6140857,
    "timestamp_end": 1773751210.7534664,
    "duration_sec": 109.13938069343567,
    "loss_mean": 0.01744971512848741,
    "loss_std": 0.0020886213208264636,
    "loss_min": 0.01220719888806343,
    "loss_max": 0.025119723752141,
    "accuracy_mean": 0.9946472345762056,
    "iou_mean": 0.9558098032458188,
    "dice_mean": 0.9772532951750167,
    "precision_mean": 0.9875481496118519,
    "recall_mean": 0.9884821517418508,
    "f1_mean": 0.9880138623387846,
    "avg_batch_time_ms": 158.6257284634734,
    "avg_forward_time_ms": 151.08331221423737,
    "avg_backward_time_ms": 0.0,
    "avg_data_load_time_ms": 23.45448895676495,
    "throughput_samples_per_sec": 21.39466052642208,
    "cpu_percent_mean": 17.297431506849318,
    "cpu_percent_max": 20.1,
    "ram_used_mb_mean": 3566.600345141267,
    "ram_used_mb_max": 3682.359375,
    "gpu_memory_mb_mean": 3041.6068065068494,
    "gpu_memory_mb_max": 3042.0,
    "gpu_utilization_mean": 84.36301369863014,
    "gpu_utilization_max": 94.0,
    "learning_rate": 8.658394705735986e-05
  }
}