{
  "epoch": 11,
  "train": {
    "epoch": 11,
    "phase": "train",
    "timestamp_start": 1773746226.6630292,
    "timestamp_end": 1773747777.2886496,
    "duration_sec": 1550.6256203651428,
    "loss_mean": 0.018816529089043386,
    "loss_std": 0.001833058020574074,
    "loss_min": 0.013387331739068031,
    "loss_max": 0.03574033081531525,
    "accuracy_mean": 0.9941771524068017,
    "iou_mean": 0.9522787677602796,
    "dice_mean": 0.9753824671109518,
    "precision_mean": 0.9870401227876828,
    "recall_mean": 0.9869731741460934,
    "f1_mean": 0.9870038999247306,
    "avg_batch_time_ms": 541.0700765125201,
    "avg_forward_time_ms": 152.09563354388558,
    "avg_backward_time_ms": 370.77362080502616,
    "avg_data_load_time_ms": 23.47905502795473,
    "throughput_samples_per_sec": 7.028775906226477,
    "cpu_percent_mean": 14.530616740088103,
    "cpu_percent_max": 15.7,
    "ram_used_mb_mean": 3545.2557389179515,
    "ram_used_mb_max": 3675.7265625,
    "gpu_memory_mb_mean": 3041.62109948605,
    "gpu_memory_mb_max": 3042.0,
    "gpu_utilization_mean": 94.66409691629956,
    "gpu_utilization_max": 97.0,
    "learning_rate": 9.054634122155989e-05
  },
  "val": {
    "epoch": 11,
    "phase": "val",
    "timestamp_start": 1773747777.2920225,
    "timestamp_end": 1773747885.8235335,
    "duration_sec": 108.53151106834412,
    "loss_mean": 0.021665540085276207,
    "loss_std": 0.0030575408746161647,
    "loss_min": 0.015403254888951778,
    "loss_max": 0.04288293421268463,
    "accuracy_mean": 0.993485747441037,
    "iou_mean": 0.9448116350255601,
    "dice_mean": 0.9713626893824094,
    "precision_mean": 0.9859546834271248,
    "recall_mean": 0.9847672690879808,
    "f1_mean": 0.9853582272995008,
    "avg_batch_time_ms": 157.41764723438106,
    "avg_forward_time_ms": 149.91014216044178,
    "avg_backward_time_ms": 0.0,
    "avg_data_load_time_ms": 23.636042663495836,
    "throughput_samples_per_sec": 21.51448899047956,
    "cpu_percent_mean": 17.336815068493152,
    "cpu_percent_max": 20.0,
    "ram_used_mb_mean": 3570.1750722388697,
    "ram_used_mb_max": 3701.015625,
    "gpu_memory_mb_mean": 3041.5498715753424,
    "gpu_memory_mb_max": 3041.625,
    "gpu_utilization_mean": 84.14554794520548,
    "gpu_utilization_max": 93.0,
    "learning_rate": 9.054634122155989e-05
  }
}