{
  "epoch": 9,
  "train": {
    "epoch": 9,
    "phase": "train",
    "timestamp_start": 1775606819.5038617,
    "timestamp_end": 1775607110.5141606,
    "duration_sec": 291.01029896736145,
    "loss_mean": 0.03188798435049735,
    "loss_std": 0.006252857516074377,
    "loss_min": 0.026163794100284576,
    "loss_max": 0.06729600578546524,
    "accuracy_mean": 0.9925482567651567,
    "iou_mean": 0.9345449981711683,
    "dice_mean": 0.9657822946012715,
    "precision_mean": 0.5,
    "recall_mean": 0.5,
    "f1_mean": 0.4999999403953552,
    "avg_batch_time_ms": 598.2909458222645,
    "avg_forward_time_ms": 176.91939027159364,
    "avg_backward_time_ms": 237.77661512503812,
    "avg_data_load_time_ms": 66.06569656958946,
    "throughput_samples_per_sec": 47.19420600829097,
    "cpu_percent_mean": 32.54988344988345,
    "cpu_percent_max": 54.1,
    "ram_used_mb_mean": 8400.790228001166,
    "ram_used_mb_max": 8718.55859375,
    "gpu_memory_mb_mean": 471.40234375,
    "gpu_memory_mb_max": 471.40234375,
    "gpu_utilization_mean": 0.0,
    "gpu_utilization_max": 0.0,
    "learning_rate": 8.362196501476347e-05
  },
  "val": {
    "epoch": 9,
    "phase": "val",
    "timestamp_start": 1775607110.5174003,
    "timestamp_end": 1775607150.8652222,
    "duration_sec": 40.347821950912476,
    "loss_mean": 0.0312513107555392,
    "loss_std": 0.00473744865769655,
    "loss_min": 0.026259509846568108,
    "loss_max": 0.04616795480251312,
    "accuracy_mean": 0.9923423023327537,
    "iou_mean": 0.9348461744577988,
    "dice_mean": 0.966023286399634,
    "precision_mean": 0.5,
    "recall_mean": 0.5,
    "f1_mean": 0.4999999403953552,
    "avg_batch_time_ms": 351.9360578578451,
    "avg_forward_time_ms": 171.15838372189066,
    "avg_backward_time_ms": 0.0,
    "avg_data_load_time_ms": 71.6596245765686,
    "throughput_samples_per_sec": 72.94074023575499,
    "cpu_percent_mean": 57.83913043478262,
    "cpu_percent_max": 100.0,
    "ram_used_mb_mean": 8645.205460258152,
    "ram_used_mb_max": 8758.62890625,
    "gpu_memory_mb_mean": 471.32625679347825,
    "gpu_memory_mb_max": 471.40234375,
    "gpu_utilization_mean": 0.0,
    "gpu_utilization_max": 0.0,
    "learning_rate": 8.362196501476347e-05
  }
}