{
  "epoch": 8,
  "train": {
    "epoch": 8,
    "phase": "train",
    "timestamp_start": 1774108232.863749,
    "timestamp_end": 1774108462.0528822,
    "duration_sec": 229.18913316726685,
    "loss_mean": 0.0450347570812001,
    "loss_std": 0.008418307194938874,
    "loss_min": 0.03835425153374672,
    "loss_max": 0.09053315222263336,
    "accuracy_mean": 0.9913203628624186,
    "iou_mean": 0.9283937855678446,
    "dice_mean": 0.9622507197015425,
    "precision_mean": 0.5,
    "recall_mean": 0.5,
    "f1_mean": 0.4999999403953552,
    "avg_batch_time_ms": 593.4684199445388,
    "avg_forward_time_ms": 175.7698094143587,
    "avg_backward_time_ms": 235.47071498983047,
    "avg_data_load_time_ms": 66.67813763898961,
    "throughput_samples_per_sec": 47.55461068062808,
    "cpu_percent_mean": 32.910000000000004,
    "cpu_percent_max": 57.8,
    "ram_used_mb_mean": 6626.134639246324,
    "ram_used_mb_max": 6851.15625,
    "gpu_memory_mb_mean": 471.40234375,
    "gpu_memory_mb_max": 471.40234375,
    "gpu_utilization_mean": 0.0,
    "gpu_utilization_max": 0.0,
    "learning_rate": 8.728566886113101e-05
  },
  "val": {
    "epoch": 8,
    "phase": "val",
    "timestamp_start": 1774108462.0633385,
    "timestamp_end": 1774108494.811783,
    "duration_sec": 32.74844455718994,
    "loss_mean": 0.045959098647310306,
    "loss_std": 0.007464747290727572,
    "loss_min": 0.03915023058652878,
    "loss_max": 0.06777020543813705,
    "accuracy_mean": 0.9901997642974331,
    "iou_mean": 0.9200837628482139,
    "dice_mean": 0.9576008850581026,
    "precision_mean": 0.5,
    "recall_mean": 0.5,
    "f1_mean": 0.4999999403953552,
    "avg_batch_time_ms": 350.83142372026833,
    "avg_forward_time_ms": 171.05844249464062,
    "avg_backward_time_ms": 0.0,
    "avg_data_load_time_ms": 82.97006398031156,
    "throughput_samples_per_sec": 71.30109632908807,
    "cpu_percent_mean": 59.02328767123287,
    "cpu_percent_max": 82.6,
    "ram_used_mb_mean": 6895.938730736301,
    "ram_used_mb_max": 6949.94921875,
    "gpu_memory_mb_mean": 471.30645333904107,
    "gpu_memory_mb_max": 471.40234375,
    "gpu_utilization_mean": 0.0,
    "gpu_utilization_max": 0.0,
    "learning_rate": 8.728566886113101e-05
  }
}