{
  "epoch": 23,
  "train": {
    "epoch": 23,
    "phase": "train",
    "timestamp_start": 1775611470.0329719,
    "timestamp_end": 1775611762.477023,
    "duration_sec": 292.444051027298,
    "loss_mean": 0.010832134369404722,
    "loss_std": 0.00038061362418517975,
    "loss_min": 0.0096326544880867,
    "loss_max": 0.012091109529137611,
    "accuracy_mean": 0.9967826679869966,
    "iou_mean": 0.9733838197234628,
    "dice_mean": 0.9864700790885446,
    "precision_mean": 0.5,
    "recall_mean": 0.5,
    "f1_mean": 0.4999999403953552,
    "avg_batch_time_ms": 602.0526713702507,
    "avg_forward_time_ms": 175.65576902358404,
    "avg_backward_time_ms": 239.7499440155385,
    "avg_data_load_time_ms": 65.01576728198356,
    "throughput_samples_per_sec": 46.96282913519759,
    "cpu_percent_mean": 33.42610722610723,
    "cpu_percent_max": 100.0,
    "ram_used_mb_mean": 17656.195257867133,
    "ram_used_mb_max": 17969.796875,
    "gpu_memory_mb_mean": 471.40234375,
    "gpu_memory_mb_max": 471.40234375,
    "gpu_utilization_mean": 0.0,
    "gpu_utilization_max": 0.0,
    "learning_rate": 1.737803498523653e-05
  },
  "val": {
    "epoch": 23,
    "phase": "val",
    "timestamp_start": 1775611762.4876213,
    "timestamp_end": 1775611804.5876873,
    "duration_sec": 42.10006594657898,
    "loss_mean": 0.01450421263301826,
    "loss_std": 0.0008908880827611124,
    "loss_min": 0.012942198663949966,
    "loss_max": 0.017696164548397064,
    "accuracy_mean": 0.9959004871223284,
    "iou_mean": 0.9641587468593017,
    "dice_mean": 0.9816622546185618,
    "precision_mean": 0.5,
    "recall_mean": 0.5,
    "f1_mean": 0.4999999403953552,
    "avg_batch_time_ms": 356.9681618524634,
    "avg_forward_time_ms": 171.1331528166066,
    "avg_backward_time_ms": 0.0,
    "avg_data_load_time_ms": 82.95258490935616,
    "throughput_samples_per_sec": 69.90487862262235,
    "cpu_percent_mean": 59.002173913043485,
    "cpu_percent_max": 100.0,
    "ram_used_mb_mean": 18000.716796875,
    "ram_used_mb_max": 18067.10546875,
    "gpu_memory_mb_mean": 471.32625679347825,
    "gpu_memory_mb_max": 471.40234375,
    "gpu_utilization_mean": 0.0,
    "gpu_utilization_max": 0.0,
    "learning_rate": 1.737803498523653e-05
  }
}