{
  "epoch": 7,
  "train": {
    "epoch": 7,
    "phase": "train",
    "timestamp_start": 1775606156.6626394,
    "timestamp_end": 1775606447.0628223,
    "duration_sec": 290.4001829624176,
    "loss_mean": 0.042509862045933315,
    "loss_std": 0.009263022413302725,
    "loss_min": 0.03474333882331848,
    "loss_max": 0.09821979701519012,
    "accuracy_mean": 0.9915351495320425,
    "iou_mean": 0.9230462507212357,
    "dice_mean": 0.9592746947750901,
    "precision_mean": 0.5,
    "recall_mean": 0.5,
    "f1_mean": 0.4999999403953552,
    "avg_batch_time_ms": 597.8435730878567,
    "avg_forward_time_ms": 176.71692621457828,
    "avg_backward_time_ms": 238.0077033054023,
    "avg_data_load_time_ms": 65.15531439881225,
    "throughput_samples_per_sec": 47.293358633239556,
    "cpu_percent_mean": 33.03496503496503,
    "cpu_percent_max": 63.3,
    "ram_used_mb_mean": 7028.910647945804,
    "ram_used_mb_max": 7364.66796875,
    "gpu_memory_mb_mean": 471.40234375,
    "gpu_memory_mb_max": 471.40234375,
    "gpu_utilization_mean": 0.0,
    "gpu_utilization_max": 0.0,
    "learning_rate": 9.05463412215599e-05
  },
  "val": {
    "epoch": 7,
    "phase": "val",
    "timestamp_start": 1775606447.073461,
    "timestamp_end": 1775606488.281652,
    "duration_sec": 41.20819091796875,
    "loss_mean": 0.04144628248784853,
    "loss_std": 0.009142258306454779,
    "loss_min": 0.03349505364894867,
    "loss_max": 0.06839558482170105,
    "accuracy_mean": 0.991218538387962,
    "iou_mean": 0.9211658025565355,
    "dice_mean": 0.9582175508789395,
    "precision_mean": 0.5,
    "recall_mean": 0.5,
    "f1_mean": 0.4999999403953552,
    "avg_batch_time_ms": 353.213325790737,
    "avg_forward_time_ms": 171.9226940818455,
    "avg_backward_time_ms": 0.0,
    "avg_data_load_time_ms": 80.2570685096409,
    "throughput_samples_per_sec": 71.417840347772,
    "cpu_percent_mean": 58.48913043478261,
    "cpu_percent_max": 78.3,
    "ram_used_mb_mean": 7322.321119225543,
    "ram_used_mb_max": 7387.7109375,
    "gpu_memory_mb_mean": 471.32625679347825,
    "gpu_memory_mb_max": 471.40234375,
    "gpu_utilization_mean": 0.0,
    "gpu_utilization_max": 0.0,
    "learning_rate": 9.05463412215599e-05
  }
}