{
  "epoch": 9,
  "train": {
    "epoch": 9,
    "phase": "train",
    "timestamp_start": 1778191325.1415913,
    "timestamp_end": 1778191621.5606549,
    "duration_sec": 296.41906356811523,
    "loss_mean": 0.03154058493500128,
    "loss_std": 0.005097933334081563,
    "loss_min": 0.02570134401321411,
    "loss_max": 0.05300503969192505,
    "accuracy_mean": 0.9925872623781502,
    "iou_mean": 0.9351869921584229,
    "dice_mean": 0.9661836346268377,
    "precision_mean": 0.5,
    "recall_mean": 0.5,
    "f1_mean": 0.4999999403953552,
    "avg_batch_time_ms": 608.6088682943847,
    "avg_forward_time_ms": 179.40934443529392,
    "avg_backward_time_ms": 243.80007601562357,
    "avg_data_load_time_ms": 68.21534016749241,
    "throughput_samples_per_sec": 46.333052384277615,
    "cpu_percent_mean": 33.04615384615384,
    "cpu_percent_max": 100.0,
    "ram_used_mb_mean": 8400.681918342074,
    "ram_used_mb_max": 8718.46875,
    "gpu_memory_mb_mean": 471.33727486706005,
    "gpu_memory_mb_max": 471.90966796875,
    "gpu_utilization_mean": 0.0,
    "gpu_utilization_max": 0.0,
    "learning_rate": 8.362196501476347e-05
  },
  "val": {
    "epoch": 9,
    "phase": "val",
    "timestamp_start": 1778191621.5693839,
    "timestamp_end": 1778191663.0393453,
    "duration_sec": 41.469961404800415,
    "loss_mean": 0.03067136497196296,
    "loss_std": 0.0032725013593318648,
    "loss_min": 0.026458587497472763,
    "loss_max": 0.04501830041408539,
    "accuracy_mean": 0.9925229568844256,
    "iou_mean": 0.9355036830124648,
    "dice_mean": 0.966374506768973,
    "precision_mean": 0.5,
    "recall_mean": 0.5,
    "f1_mean": 0.4999999403953552,
    "avg_batch_time_ms": 352.4941361468771,
    "avg_forward_time_ms": 174.51646276142287,
    "avg_backward_time_ms": 0.0,
    "avg_data_load_time_ms": 83.00940627637117,
    "throughput_samples_per_sec": 70.96703011783679,
    "cpu_percent_mean": 57.77499999999999,
    "cpu_percent_max": 84.8,
    "ram_used_mb_mean": 8662.203379755434,
    "ram_used_mb_max": 8757.45703125,
    "gpu_memory_mb_mean": 471.83358101222825,
    "gpu_memory_mb_max": 471.90966796875,
    "gpu_utilization_mean": 0.0,
    "gpu_utilization_max": 0.0,
    "learning_rate": 8.362196501476347e-05
  }
}