{
  "epoch": 12,
  "train": {
    "epoch": 12,
    "phase": "train",
    "timestamp_start": 1773366393.178137,
    "timestamp_end": 1773366757.0263543,
    "duration_sec": 363.8482172489166,
    "loss_mean": 0.02616193445691885,
    "loss_std": 0.01873933329985811,
    "loss_min": 0.017727740108966827,
    "loss_max": 0.25486335158348083,
    "accuracy_mean": 0.9924144650293776,
    "iou_mean": 0.9411891579627991,
    "dice_mean": 0.9690425993982426,
    "precision_mean": 0.9818954982048224,
    "recall_mean": 0.9832842508623423,
    "f1_mean": 0.9824793911177265,
    "avg_batch_time_ms": 570.3001329721498,
    "avg_forward_time_ms": 160.67226031595024,
    "avg_backward_time_ms": 390.21109313019053,
    "avg_data_load_time_ms": 26.011695152471873,
    "throughput_samples_per_sec": 6.656621869176443,
    "cpu_percent_mean": 19.78925619834711,
    "cpu_percent_max": 81.5,
    "ram_used_mb_mean": 11549.175968491736,
    "ram_used_mb_max": 11840.12890625,
    "gpu_memory_mb_mean": 3234.0795454545455,
    "gpu_memory_mb_max": 3477.875,
    "gpu_utilization_mean": 94.90413223140496,
    "gpu_utilization_max": 97.0,
    "learning_rate": 4.275649398050859e-05
  },
  "val": {
    "epoch": 12,
    "phase": "val",
    "timestamp_start": 1773366757.0280468,
    "timestamp_end": 1773366784.9737852,
    "duration_sec": 27.945738315582275,
    "loss_mean": 0.03487698751000257,
    "loss_std": 0.04223169919896268,
    "loss_min": 0.020788587629795074,
    "loss_max": 0.3453013002872467,
    "accuracy_mean": 0.9902702184823843,
    "iou_mean": 0.928176476405217,
    "dice_mean": 0.9612149499929868,
    "precision_mean": 0.9731840592164259,
    "recall_mean": 0.9805932792333456,
    "f1_mean": 0.9763610638104953,
    "avg_batch_time_ms": 178.5337943297166,
    "avg_forward_time_ms": 168.11178830953745,
    "avg_backward_time_ms": 0.0,
    "avg_data_load_time_ms": 31.088482416593113,
    "throughput_samples_per_sec": 18.57170471358098,
    "cpu_percent_mean": 45.98384615384615,
    "cpu_percent_max": 91.9,
    "ram_used_mb_mean": 11188.932962740384,
    "ram_used_mb_max": 11397.6640625,
    "gpu_memory_mb_mean": 3499.8177884615384,
    "gpu_memory_mb_max": 3555.3125,
    "gpu_utilization_mean": 83.8,
    "gpu_utilization_max": 92.0,
    "learning_rate": 4.275649398050859e-05
  }
}