{
  "epoch": 20,
  "train": {
    "epoch": 20,
    "phase": "train",
    "timestamp_start": 1773369565.7245703,
    "timestamp_end": 1773369942.4070506,
    "duration_sec": 376.6824803352356,
    "loss_mean": 0.015975876840616552,
    "loss_std": 0.0016966074109574802,
    "loss_min": 0.011345970444381237,
    "loss_max": 0.03485175222158432,
    "accuracy_mean": 0.9951123544992494,
    "iou_mean": 0.9623142679860769,
    "dice_mean": 0.9807031206848208,
    "precision_mean": 0.9890388311433398,
    "recall_mean": 0.9891153189761579,
    "f1_mean": 0.9890748600329249,
    "avg_batch_time_ms": 592.1980207616633,
    "avg_forward_time_ms": 166.73239203524,
    "avg_backward_time_ms": 405.20642178117737,
    "avg_data_load_time_ms": 25.279042740498692,
    "throughput_samples_per_sec": 6.429818551275589,
    "cpu_percent_mean": 19.020826446280992,
    "cpu_percent_max": 34.8,
    "ram_used_mb_mean": 10241.175193698347,
    "ram_used_mb_max": 10424.05859375,
    "gpu_memory_mb_mean": 3283.0505165289255,
    "gpu_memory_mb_max": 3324.375,
    "gpu_utilization_mean": 95.33223140495868,
    "gpu_utilization_max": 97.0,
    "learning_rate": 1.6094271405406863e-06
  },
  "val": {
    "epoch": 20,
    "phase": "val",
    "timestamp_start": 1773369942.4083977,
    "timestamp_end": 1773369968.3800857,
    "duration_sec": 25.97168803215027,
    "loss_mean": 0.023553239461034537,
    "loss_std": 0.016061624297806252,
    "loss_min": 0.01523823756724596,
    "loss_max": 0.20074263215065002,
    "accuracy_mean": 0.9930052610544058,
    "iou_mean": 0.9461041959432456,
    "dice_mean": 0.9719396339013027,
    "precision_mean": 0.9834684692896329,
    "recall_mean": 0.9850616175394792,
    "f1_mean": 0.9840306525047009,
    "avg_batch_time_ms": 169.62115031022293,
    "avg_forward_time_ms": 161.28952319805438,
    "avg_backward_time_ms": 0.0,
    "avg_data_load_time_ms": 25.111858661358173,
    "throughput_samples_per_sec": 19.983298711948624,
    "cpu_percent_mean": 24.162307692307692,
    "cpu_percent_max": 47.1,
    "ram_used_mb_mean": 10262.083112980768,
    "ram_used_mb_max": 10329.8671875,
    "gpu_memory_mb_mean": 3282.9971153846154,
    "gpu_memory_mb_max": 3288.25,
    "gpu_utilization_mean": 84.9,
    "gpu_utilization_max": 93.0,
    "learning_rate": 1.6094271405406863e-06
  }
}