{
  "epoch": 15,
  "train": {
    "epoch": 15,
    "phase": "train",
    "timestamp_start": 1778193355.0636299,
    "timestamp_end": 1778193652.0167716,
    "duration_sec": 296.95314168930054,
    "loss_mean": 0.016679195001165627,
    "loss_std": 0.00053863236903709,
    "loss_min": 0.014938082545995712,
    "loss_max": 0.01859867200255394,
    "accuracy_mean": 0.9953714039497998,
    "iou_mean": 0.9600185975606069,
    "dice_mean": 0.9794942373996014,
    "precision_mean": 0.5,
    "recall_mean": 0.5,
    "f1_mean": 0.4999999403953552,
    "avg_batch_time_ms": 609.4902756608727,
    "avg_forward_time_ms": 179.5418984962232,
    "avg_backward_time_ms": 245.36831117732262,
    "avg_data_load_time_ms": 68.41104013936503,
    "throughput_samples_per_sec": 46.24972115758844,
    "cpu_percent_mean": 33.46666666666667,
    "cpu_percent_max": 100.0,
    "ram_used_mb_mean": 12443.801509688228,
    "ram_used_mb_max": 12777.80859375,
    "gpu_memory_mb_mean": 471.33727486706005,
    "gpu_memory_mb_max": 471.90966796875,
    "gpu_utilization_mean": 0.0,
    "gpu_utilization_max": 0.0,
    "learning_rate": 5.567415893174884e-05
  },
  "val": {
    "epoch": 15,
    "phase": "val",
    "timestamp_start": 1778193652.0261633,
    "timestamp_end": 1778193693.7806427,
    "duration_sec": 41.75447940826416,
    "loss_mean": 0.018784036556177813,
    "loss_std": 0.001015022119492739,
    "loss_min": 0.01680116541683674,
    "loss_max": 0.02246740087866783,
    "accuracy_mean": 0.994809218722841,
    "iou_mean": 0.9541936102120773,
    "dice_mean": 0.9764082697422608,
    "precision_mean": 0.5,
    "recall_mean": 0.5,
    "f1_mean": 0.4999999403953552,
    "avg_batch_time_ms": 356.85358358466107,
    "avg_forward_time_ms": 174.7204039407813,
    "avg_backward_time_ms": 0.0,
    "avg_data_load_time_ms": 80.5761192155921,
    "throughput_samples_per_sec": 70.4834557084075,
    "cpu_percent_mean": 57.02391304347827,
    "cpu_percent_max": 86.3,
    "ram_used_mb_mean": 12668.898522418478,
    "ram_used_mb_max": 12742.91796875,
    "gpu_memory_mb_mean": 471.83358101222825,
    "gpu_memory_mb_max": 471.90966796875,
    "gpu_utilization_mean": 0.0,
    "gpu_utilization_max": 0.0,
    "learning_rate": 5.567415893174884e-05
  }
}