{
  "epoch": 19,
  "train": {
    "epoch": 19,
    "phase": "train",
    "timestamp_start": 1775610133.1483195,
    "timestamp_end": 1775610423.6363704,
    "duration_sec": 290.4880509376526,
    "loss_mean": 0.013037041906432394,
    "loss_std": 0.00046759394737450093,
    "loss_min": 0.011950990185141563,
    "loss_max": 0.01480797864496708,
    "accuracy_mean": 0.9962303330014636,
    "iou_mean": 0.9680994580953549,
    "dice_mean": 0.9837266449883824,
    "precision_mean": 0.5,
    "recall_mean": 0.5,
    "f1_mean": 0.4999999403953552,
    "avg_batch_time_ms": 597.2784593666628,
    "avg_forward_time_ms": 176.47267165995422,
    "avg_backward_time_ms": 239.50557553129042,
    "avg_data_load_time_ms": 65.28340519725026,
    "throughput_samples_per_sec": 47.27905315095982,
    "cpu_percent_mean": 32.86433566433566,
    "cpu_percent_max": 63.8,
    "ram_used_mb_mean": 15031.234047202797,
    "ram_used_mb_max": 15381.390625,
    "gpu_memory_mb_mean": 471.40234375,
    "gpu_memory_mb_max": 471.40234375,
    "gpu_utilization_mean": 0.0,
    "gpu_utilization_max": 0.0,
    "learning_rate": 3.520365877844009e-05
  },
  "val": {
    "epoch": 19,
    "phase": "val",
    "timestamp_start": 1775610423.6483614,
    "timestamp_end": 1775610465.122751,
    "duration_sec": 41.47438955307007,
    "loss_mean": 0.016112631227335205,
    "loss_std": 0.0008955094168423708,
    "loss_min": 0.014405814930796623,
    "loss_max": 0.019219014793634415,
    "accuracy_mean": 0.9954767415057058,
    "iou_mean": 0.9601801523695821,
    "dice_mean": 0.9795726706152377,
    "precision_mean": 0.5,
    "recall_mean": 0.5,
    "f1_mean": 0.4999999403953552,
    "avg_batch_time_ms": 354.2006922804791,
    "avg_forward_time_ms": 171.60093266031018,
    "avg_backward_time_ms": 0.0,
    "avg_data_load_time_ms": 79.91569975148077,
    "throughput_samples_per_sec": 70.959453091749,
    "cpu_percent_mean": 58.8413043478261,
    "cpu_percent_max": 100.0,
    "ram_used_mb_mean": 15331.194463315218,
    "ram_used_mb_max": 15403.63671875,
    "gpu_memory_mb_mean": 471.32625679347825,
    "gpu_memory_mb_max": 471.40234375,
    "gpu_utilization_mean": 0.0,
    "gpu_utilization_max": 0.0,
    "learning_rate": 3.520365877844009e-05
  }
}