{
  "epoch": 13,
  "train": {
    "epoch": 13,
    "phase": "train",
    "timestamp_start": 1774109539.297353,
    "timestamp_end": 1774109768.1430376,
    "duration_sec": 228.84568452835083,
    "loss_mean": 0.022817383580567206,
    "loss_std": 0.001556426645136594,
    "loss_min": 0.020316697657108307,
    "loss_max": 0.04123977571725845,
    "accuracy_mean": 0.9941349899067599,
    "iou_mean": 0.9534281050457674,
    "dice_mean": 0.9760130091625101,
    "precision_mean": 0.5,
    "recall_mean": 0.5,
    "f1_mean": 0.4999999403953552,
    "avg_batch_time_ms": 593.1391786126529,
    "avg_forward_time_ms": 176.23428106307983,
    "avg_backward_time_ms": 235.74043652590584,
    "avg_data_load_time_ms": 65.85377384634579,
    "throughput_samples_per_sec": 47.62598002432405,
    "cpu_percent_mean": 33.68176470588236,
    "cpu_percent_max": 66.7,
    "ram_used_mb_mean": 9310.169841452205,
    "ram_used_mb_max": 9601.23828125,
    "gpu_memory_mb_mean": 471.40234375,
    "gpu_memory_mb_max": 471.40234375,
    "gpu_utilization_mean": 0.0,
    "gpu_utilization_max": 0.0,
    "learning_rate": 6.579634122155988e-05
  },
  "val": {
    "epoch": 13,
    "phase": "val",
    "timestamp_start": 1774109768.1538596,
    "timestamp_end": 1774109801.0642214,
    "duration_sec": 32.910361766815186,
    "loss_mean": 0.024331179205073068,
    "loss_std": 0.0011737560421442896,
    "loss_min": 0.021398089826107025,
    "loss_max": 0.027011170983314514,
    "accuracy_mean": 0.9937014824723545,
    "iou_mean": 0.9479751921679875,
    "dice_mean": 0.9730919199447109,
    "precision_mean": 0.5,
    "recall_mean": 0.5,
    "f1_mean": 0.4999999403953552,
    "avg_batch_time_ms": 353.0865597398314,
    "avg_forward_time_ms": 171.10091039579208,
    "avg_backward_time_ms": 0.0,
    "avg_data_load_time_ms": 82.27881993332954,
    "throughput_samples_per_sec": 70.95029877047637,
    "cpu_percent_mean": 58.35068493150684,
    "cpu_percent_max": 100.0,
    "ram_used_mb_mean": 9532.410370291096,
    "ram_used_mb_max": 9581.734375,
    "gpu_memory_mb_mean": 471.30645333904107,
    "gpu_memory_mb_max": 471.40234375,
    "gpu_utilization_mean": 0.0,
    "gpu_utilization_max": 0.0,
    "learning_rate": 6.579634122155988e-05
  }
}