{
  "epoch": 1,
  "train_batches": [
    {
      "batch_idx": 0,
      "timestamp": 1772086640.4257321,
      "loss": 0.8169037699699402,
      "forward_time_ms": 525.8841514587402,
      "backward_time_ms": 648.4522819519043,
      "optimizer_time_ms": 36.21816635131836,
      "data_load_time_ms": 44.79813575744629,
      "total_time_ms": 1217.3585891723633,
      "cpu_percent": 27.0,
      "ram_used_mb": 11385.74609375,
      "gpu_memory_mb": 3883.3125,
      "gpu_utilization": 66,
      "accuracy": 0.13417816162109375,
      "iou": 0.11508271843194962,
      "dice": 0.20641109347343445
    },
    {
      "batch_idx": 1,
      "timestamp": 1772086641.537561,
      "loss": 0.7638465762138367,
      "forward_time_ms": 356.5411567687988,
      "backward_time_ms": 705.6868076324463,
      "optimizer_time_ms": 8.821725845336914,
      "data_load_time_ms": 31.08525276184082,
      "total_time_ms": 1078.129768371582,
      "cpu_percent": 20.7,
      "ram_used_mb": 11397.9765625,
      "gpu_memory_mb": 3895.4375,
      "gpu_utilization": 94,
      "accuracy": 0.18970775604248047,
      "iou": 0.1683139204978943,
      "dice": 0.28813132643699646
    }
  ],
  "val_batches": [
    {
      "batch_idx": 0,
      "timestamp": 1772086641.9561687,
      "loss": 0.7486934065818787,
      "forward_time_ms": 346.8449115753174,
      "backward_time_ms": 0.0,
      "optimizer_time_ms": 0.0,
      "data_load_time_ms": 25.984525680541992,
      "total_time_ms": 352.8144359588623,
      "cpu_percent": 21.9,
      "ram_used_mb": 11392.33203125,
      "gpu_memory_mb": 3895.4375,
      "gpu_utilization": 94,
      "accuracy": 0.22723388671875,
      "iou": 0.14652825891971588,
      "dice": 0.2556033730506897
    },
    {
      "batch_idx": 1,
      "timestamp": 1772086642.3485763,
      "loss": 0.7805941104888916,
      "forward_time_ms": 358.687162399292,
      "backward_time_ms": 0.0,
      "optimizer_time_ms": 0.0,
      "data_load_time_ms": 24.239063262939453,
      "total_time_ms": 365.65089225769043,
      "cpu_percent": 26.2,
      "ram_used_mb": 11396.73046875,
      "gpu_memory_mb": 3895.25,
      "gpu_utilization": 91,
      "accuracy": 0.1963815689086914,
      "iou": 0.10676086694002151,
      "dice": 0.19292490184307098
    }
  ]
}