{
  "epoch": 1,
  "train": {
    "epoch": 1,
    "phase": "train",
    "timestamp_start": 1772086639.1567225,
    "timestamp_end": 1772086641.5722184,
    "duration_sec": 2.4154958724975586,
    "loss_mean": 0.7903751730918884,
    "loss_std": 0.026528596878051758,
    "loss_min": 0.7638465762138367,
    "loss_max": 0.8169037699699402,
    "accuracy_mean": 0.1619429588317871,
    "iou_mean": 0.14169831946492195,
    "dice_mean": 0.24727120995521545,
    "precision_mean": 0.14214655756950378,
    "recall_mean": 0.9802444279193878,
    "f1_mean": 0.24727118015289307,
    "avg_batch_time_ms": 1147.7441787719727,
    "avg_forward_time_ms": 441.21265411376953,
    "avg_backward_time_ms": 677.0695447921753,
    "avg_data_load_time_ms": 37.941694259643555,
    "throughput_samples_per_sec": 646.6581118124344,
    "cpu_percent_mean": 23.85,
    "cpu_percent_max": 27.0,
    "ram_used_mb_mean": 11391.861328125,
    "ram_used_mb_max": 11397.9765625,
    "gpu_memory_mb_mean": 3889.375,
    "gpu_memory_mb_max": 3895.4375,
    "gpu_utilization_mean": 80.0,
    "gpu_utilization_max": 94.0,
    "learning_rate": 0.0001
  },
  "val": {
    "epoch": 1,
    "phase": "val",
    "timestamp_start": 1772086641.5741827,
    "timestamp_end": 1772086642.3771548,
    "duration_sec": 0.8029720783233643,
    "loss_mean": 0.7646437585353851,
    "loss_std": 0.01595035195350647,
    "loss_min": 0.7486934065818787,
    "loss_max": 0.7805941104888916,
    "accuracy_mean": 0.2118077278137207,
    "iou_mean": 0.1266445629298687,
    "dice_mean": 0.22426413744688034,
    "precision_mean": 0.1322188824415207,
    "recall_mean": 0.756706029176712,
    "f1_mean": 0.22426410764455795,
    "avg_batch_time_ms": 359.23266410827637,
    "avg_forward_time_ms": 352.7660369873047,
    "avg_backward_time_ms": 0.0,
    "avg_data_load_time_ms": 25.111794471740723,
    "throughput_samples_per_sec": 415.954687611809,
    "cpu_percent_mean": 24.049999999999997,
    "cpu_percent_max": 26.2,
    "ram_used_mb_mean": 11394.53125,
    "ram_used_mb_max": 11396.73046875,
    "gpu_memory_mb_mean": 3895.34375,
    "gpu_memory_mb_max": 3895.4375,
    "gpu_utilization_mean": 92.5,
    "gpu_utilization_max": 94.0,
    "learning_rate": 0.0001
  }
}