{
  "epoch": 1,
  "train_batches": [
    {
      "batch_idx": 0,
      "timestamp": 1772086658.8617978,
      "loss": 0.8051439523696899,
      "forward_time_ms": 284.5115661621094,
      "backward_time_ms": 215.3644561767578,
      "optimizer_time_ms": 35.07590293884277,
      "data_load_time_ms": 37.13488578796387,
      "total_time_ms": 543.8413619995117,
      "cpu_percent": 21.5,
      "ram_used_mb": 11182.7734375,
      "gpu_memory_mb": 3062.75,
      "gpu_utilization": 16,
      "accuracy": 0.42508983612060547,
      "iou": 0.061453286558389664,
      "dice": 0.11579085141420364
    },
    {
      "batch_idx": 1,
      "timestamp": 1772086659.1944194,
      "loss": 0.7355087995529175,
      "forward_time_ms": 94.68460083007812,
      "backward_time_ms": 187.4372959136963,
      "optimizer_time_ms": 0.84686279296875,
      "data_load_time_ms": 40.410518646240234,
      "total_time_ms": 289.7989749908447,
      "cpu_percent": 22.6,
      "ram_used_mb": 11213.203125,
      "gpu_memory_mb": 3064.75,
      "gpu_utilization": 56,
      "accuracy": 0.5049428939819336,
      "iou": 0.12332595884799957,
      "dice": 0.21957288682460785
    }
  ],
  "val_batches": [
    {
      "batch_idx": 0,
      "timestamp": 1772086659.3587532,
      "loss": 0.7067313194274902,
      "forward_time_ms": 91.21084213256836,
      "backward_time_ms": 0.0,
      "optimizer_time_ms": 0.0,
      "data_load_time_ms": 27.155637741088867,
      "total_time_ms": 98.1295108795166,
      "cpu_percent": 26.0,
      "ram_used_mb": 11224.26953125,
      "gpu_memory_mb": 3064.5625,
      "gpu_utilization": 56,
      "accuracy": 0.8234243392944336,
      "iou": 0.0,
      "dice": 0.0
    },
    {
      "batch_idx": 1,
      "timestamp": 1772086659.4917927,
      "loss": 0.733864426612854,
      "forward_time_ms": 93.95956993103027,
      "backward_time_ms": 0.0,
      "optimizer_time_ms": 0.0,
      "data_load_time_ms": 29.5712947845459,
      "total_time_ms": 100.97956657409668,
      "cpu_percent": 24.8,
      "ram_used_mb": 11247.15625,
      "gpu_memory_mb": 3064.5625,
      "gpu_utilization": 56,
      "accuracy": 0.8739585876464844,
      "iou": 0.0,
      "dice": 0.0
    }
  ]
}