{
  "epoch": 1,
  "train": {
    "epoch": 1,
    "phase": "train",
    "timestamp_start": 1772086658.2739794,
    "timestamp_end": 1772086659.2305763,
    "duration_sec": 0.956596851348877,
    "loss_mean": 0.7703263759613037,
    "loss_std": 0.03481757640838623,
    "loss_min": 0.7355087995529175,
    "loss_max": 0.8051439523696899,
    "accuracy_mean": 0.46501636505126953,
    "iou_mean": 0.09238962270319462,
    "dice_mean": 0.16768186911940575,
    "precision_mean": 0.1007937490940094,
    "recall_mean": 0.6170528829097748,
    "f1_mean": 0.16768183931708336,
    "avg_batch_time_ms": 416.8201684951782,
    "avg_forward_time_ms": 189.59808349609375,
    "avg_backward_time_ms": 201.40087604522705,
    "avg_data_load_time_ms": 38.77270221710205,
    "throughput_samples_per_sec": 1632.8717764410962,
    "cpu_percent_mean": 22.05,
    "cpu_percent_max": 22.6,
    "ram_used_mb_mean": 11197.98828125,
    "ram_used_mb_max": 11213.203125,
    "gpu_memory_mb_mean": 3063.75,
    "gpu_memory_mb_max": 3064.75,
    "gpu_utilization_mean": 36.0,
    "gpu_utilization_max": 56.0,
    "learning_rate": 0.0001
  },
  "val": {
    "epoch": 1,
    "phase": "val",
    "timestamp_start": 1772086659.2311275,
    "timestamp_end": 1772086659.5215888,
    "duration_sec": 0.29046130180358887,
    "loss_mean": 0.7202978730201721,
    "loss_std": 0.013566553592681885,
    "loss_min": 0.7067313194274902,
    "loss_max": 0.733864426612854,
    "accuracy_mean": 0.848691463470459,
    "iou_mean": 0.0,
    "dice_mean": 0.0,
    "precision_mean": 0.0,
    "recall_mean": 0.0,
    "f1_mean": 0.0,
    "avg_batch_time_ms": 99.55453872680664,
    "avg_forward_time_ms": 92.58520603179932,
    "avg_backward_time_ms": 0.0,
    "avg_data_load_time_ms": 28.363466262817383,
    "throughput_samples_per_sec": 1149.8950046910284,
    "cpu_percent_mean": 25.4,
    "cpu_percent_max": 26.0,
    "ram_used_mb_mean": 11235.712890625,
    "ram_used_mb_max": 11247.15625,
    "gpu_memory_mb_mean": 3064.5625,
    "gpu_memory_mb_max": 3064.5625,
    "gpu_utilization_mean": 56.0,
    "gpu_utilization_max": 56.0,
    "learning_rate": 0.0001
  }
}