{
  "epoch": 2,
  "train": {
    "epoch": 2,
    "phase": "train",
    "timestamp_start": 1773000859.9953423,
    "timestamp_end": 1773000915.689572,
    "duration_sec": 55.6942298412323,
    "loss_mean": 0.09387026814122995,
    "loss_std": 0.03644444647945405,
    "loss_min": 0.05185965821146965,
    "loss_max": 0.3133307993412018,
    "accuracy_mean": 0.9670690377553304,
    "iou_mean": 0.8651928861935934,
    "dice_mean": 0.9271844625473022,
    "precision_mean": 0.9304637501637141,
    "recall_mean": 0.9260737766822179,
    "f1_mean": 0.9271844019492467,
    "avg_batch_time_ms": 860.2531234423319,
    "avg_forward_time_ms": 258.58482519785565,
    "avg_backward_time_ms": 559.941554069519,
    "avg_data_load_time_ms": 62.20285097757975,
    "throughput_samples_per_sec": 4.345153899961811,
    "cpu_percent_mean": 60.92166666666667,
    "cpu_percent_max": 98.1,
    "ram_used_mb_mean": 13051.030924479166,
    "ram_used_mb_max": 13317.62109375,
    "gpu_memory_mb_mean": 4031.860416666667,
    "gpu_memory_mb_max": 4062.625,
    "gpu_utilization_mean": 89.73333333333333,
    "gpu_utilization_max": 94.0,
    "learning_rate": 9.05463412215599e-05
  },
  "val": {
    "epoch": 2,
    "phase": "val",
    "timestamp_start": 1773000915.692273,
    "timestamp_end": 1773000920.1321676,
    "duration_sec": 4.439894676208496,
    "loss_mean": 0.07245165740068142,
    "loss_std": 0.01340137580564828,
    "loss_min": 0.057333946228027344,
    "loss_max": 0.10981686413288116,
    "accuracy_mean": 0.9747896194458008,
    "iou_mean": 0.8957047095665565,
    "dice_mean": 0.9448740344781142,
    "precision_mean": 0.9309880641790537,
    "recall_mean": 0.9594324276997492,
    "f1_mean": 0.9448739702884967,
    "avg_batch_time_ms": 274.17753292964056,
    "avg_forward_time_ms": 243.58870432927057,
    "avg_backward_time_ms": 0.0,
    "avg_data_load_time_ms": 61.62905693054199,
    "throughput_samples_per_sec": 11.486758970497041,
    "cpu_percent_mean": 76.8076923076923,
    "cpu_percent_max": 89.0,
    "ram_used_mb_mean": 12882.11328125,
    "ram_used_mb_max": 12957.2734375,
    "gpu_memory_mb_mean": 4061.423076923077,
    "gpu_memory_mb_max": 4078.9375,
    "gpu_utilization_mean": 79.61538461538461,
    "gpu_utilization_max": 93.0,
    "learning_rate": 9.05463412215599e-05
  }
}