{
  "epoch": 1,
  "train": {
    "epoch": 1,
    "phase": "train",
    "timestamp_start": 1773000800.7540486,
    "timestamp_end": 1773000855.4207532,
    "duration_sec": 54.6667046546936,
    "loss_mean": 0.2200195165971915,
    "loss_std": 0.19480688534574492,
    "loss_min": 0.08031360805034637,
    "loss_max": 1.2009384632110596,
    "accuracy_mean": 0.9173645337422689,
    "iou_mean": 0.7514416848619779,
    "dice_mean": 0.8472847546140353,
    "precision_mean": 0.8177932801345984,
    "recall_mean": 0.8956141327818234,
    "f1_mean": 0.8472846920291582,
    "avg_batch_time_ms": 854.2693575223287,
    "avg_forward_time_ms": 267.56220658620197,
    "avg_backward_time_ms": 555.2055160204569,
    "avg_data_load_time_ms": 51.801530520121254,
    "throughput_samples_per_sec": 4.426826192078184,
    "cpu_percent_mean": 43.95666666666667,
    "cpu_percent_max": 65.9,
    "ram_used_mb_mean": 13090.850911458334,
    "ram_used_mb_max": 13344.1640625,
    "gpu_memory_mb_mean": 4005.336458333333,
    "gpu_memory_mb_max": 4052.875,
    "gpu_utilization_mean": 91.46666666666667,
    "gpu_utilization_max": 94.0,
    "learning_rate": 0.0001
  },
  "val": {
    "epoch": 1,
    "phase": "val",
    "timestamp_start": 1773000855.4227736,
    "timestamp_end": 1773000859.6354933,
    "duration_sec": 4.212719678878784,
    "loss_mean": 0.18823632941796228,
    "loss_std": 0.0956575776793217,
    "loss_min": 0.10449068248271942,
    "loss_max": 0.4181387424468994,
    "accuracy_mean": 0.9435528746018043,
    "iou_mean": 0.8032994591272794,
    "dice_mean": 0.889111381310683,
    "precision_mean": 0.8212942756139315,
    "recall_mean": 0.9737316232461196,
    "f1_mean": 0.889111326291011,
    "avg_batch_time_ms": 267.25095968980054,
    "avg_forward_time_ms": 246.37966889601486,
    "avg_backward_time_ms": 0.0,
    "avg_data_load_time_ms": 51.2692928314209,
    "throughput_samples_per_sec": 12.106193596430716,
    "cpu_percent_mean": 57.78461538461538,
    "cpu_percent_max": 83.8,
    "ram_used_mb_mean": 13085.729567307691,
    "ram_used_mb_max": 13153.38671875,
    "gpu_memory_mb_mean": 4028.355769230769,
    "gpu_memory_mb_max": 4032.1875,
    "gpu_utilization_mean": 85.07692307692308,
    "gpu_utilization_max": 95.0,
    "learning_rate": 0.0001
  }
}