{
  "epoch": 4,
  "train": {
    "epoch": 4,
    "phase": "train",
    "timestamp_start": 1773000977.3323169,
    "timestamp_end": 1773001029.5810964,
    "duration_sec": 52.24877953529358,
    "loss_mean": 0.05626471570382516,
    "loss_std": 0.007238078151155531,
    "loss_min": 0.044692229479551315,
    "loss_max": 0.07919364422559738,
    "accuracy_mean": 0.9793500900268555,
    "iou_mean": 0.9134582976500193,
    "dice_mean": 0.9547324538230896,
    "precision_mean": 0.9504693776369095,
    "recall_mean": 0.9595062027374903,
    "f1_mean": 0.9547324001789093,
    "avg_batch_time_ms": 822.9659279187521,
    "avg_forward_time_ms": 251.85142755508423,
    "avg_backward_time_ms": 543.107533454895,
    "avg_data_load_time_ms": 42.84146626790365,
    "throughput_samples_per_sec": 4.6316871351326245,
    "cpu_percent_mean": 41.83333333333334,
    "cpu_percent_max": 61.2,
    "ram_used_mb_mean": 12407.589973958333,
    "ram_used_mb_max": 12448.765625,
    "gpu_memory_mb_mean": 4019.0645833333333,
    "gpu_memory_mb_max": 4036.5625,
    "gpu_utilization_mean": 92.48333333333333,
    "gpu_utilization_max": 95.0,
    "learning_rate": 3.52036587784401e-05
  },
  "val": {
    "epoch": 4,
    "phase": "val",
    "timestamp_start": 1773001029.583106,
    "timestamp_end": 1773001033.7525845,
    "duration_sec": 4.169478416442871,
    "loss_mean": 0.06936136719125968,
    "loss_std": 0.01706055812423082,
    "loss_min": 0.05221555382013321,
    "loss_max": 0.10884810239076614,
    "accuracy_mean": 0.9731532106032739,
    "iou_mean": 0.8912941905168387,
    "dice_mean": 0.9423287235773526,
    "precision_mean": 0.9135334812677823,
    "recall_mean": 0.9735500812530518,
    "f1_mean": 0.9423286502177899,
    "avg_batch_time_ms": 271.2642779717079,
    "avg_forward_time_ms": 243.18508001474234,
    "avg_backward_time_ms": 0.0,
    "avg_data_load_time_ms": 43.764572877150314,
    "throughput_samples_per_sec": 12.231745773973785,
    "cpu_percent_mean": 68.92307692307692,
    "cpu_percent_max": 98.9,
    "ram_used_mb_mean": 12380.996694711539,
    "ram_used_mb_max": 12400.625,
    "gpu_memory_mb_mean": 4023.1153846153848,
    "gpu_memory_mb_max": 4024.625,
    "gpu_utilization_mean": 82.92307692307692,
    "gpu_utilization_max": 94.0,
    "learning_rate": 3.52036587784401e-05
  }
}