{
  "epoch": 5,
  "train": {
    "epoch": 5,
    "phase": "train",
    "timestamp_start": 1773001034.027119,
    "timestamp_end": 1773001086.5037165,
    "duration_sec": 52.47659754753113,
    "loss_mean": 0.06227929672847191,
    "loss_std": 0.08201470178400211,
    "loss_min": 0.03885553777217865,
    "loss_max": 0.6898131370544434,
    "accuracy_mean": 0.9785149574279786,
    "iou_mean": 0.9122743914524715,
    "dice_mean": 0.9528164525826772,
    "precision_mean": 0.9496491074562072,
    "recall_mean": 0.9566704879204432,
    "f1_mean": 0.9528163890043895,
    "avg_batch_time_ms": 827.4852236111959,
    "avg_forward_time_ms": 252.69970099131265,
    "avg_backward_time_ms": 547.436519463857,
    "avg_data_load_time_ms": 42.09436972935995,
    "throughput_samples_per_sec": 4.611579471798003,
    "cpu_percent_mean": 41.85,
    "cpu_percent_max": 73.4,
    "ram_used_mb_mean": 12183.4056640625,
    "ram_used_mb_max": 12433.82421875,
    "gpu_memory_mb_mean": 4016.1041666666665,
    "gpu_memory_mb_max": 4036.9375,
    "gpu_utilization_mean": 92.58333333333333,
    "gpu_utilization_max": 95.0,
    "learning_rate": 1.0453658778440105e-05
  },
  "val": {
    "epoch": 5,
    "phase": "val",
    "timestamp_start": 1773001086.5062242,
    "timestamp_end": 1773001090.5383713,
    "duration_sec": 4.032147169113159,
    "loss_mean": 0.05609681113408162,
    "loss_std": 0.013480032508818887,
    "loss_min": 0.040769342333078384,
    "loss_max": 0.09665222465991974,
    "accuracy_mean": 0.9797558417687049,
    "iou_mean": 0.9154059474284832,
    "dice_mean": 0.9557678195146414,
    "precision_mean": 0.9410211077103248,
    "recall_mean": 0.9711535756404583,
    "f1_mean": 0.9557677736649146,
    "avg_batch_time_ms": 263.0145182976356,
    "avg_forward_time_ms": 238.2041674393874,
    "avg_backward_time_ms": 0.0,
    "avg_data_load_time_ms": 41.437607545119064,
    "throughput_samples_per_sec": 12.648347855620823,
    "cpu_percent_mean": 57.53846153846154,
    "cpu_percent_max": 92.7,
    "ram_used_mb_mean": 12169.376502403846,
    "ram_used_mb_max": 12210.62890625,
    "gpu_memory_mb_mean": 4031.3028846153848,
    "gpu_memory_mb_max": 4033.3125,
    "gpu_utilization_mean": 84.23076923076923,
    "gpu_utilization_max": 92.0,
    "learning_rate": 1.0453658778440105e-05
  }
}