{
  "epoch": 3,
  "train": {
    "epoch": 3,
    "phase": "train",
    "timestamp_start": 1773000920.507044,
    "timestamp_end": 1773000972.8946085,
    "duration_sec": 52.38756442070007,
    "loss_mean": 0.0664762762064735,
    "loss_std": 0.015414047038492952,
    "loss_min": 0.04724402353167534,
    "loss_max": 0.1519051045179367,
    "accuracy_mean": 0.975816281636556,
    "iou_mean": 0.8995816469192505,
    "dice_mean": 0.9470130195220311,
    "precision_mean": 0.9441125184297562,
    "recall_mean": 0.9506214648485184,
    "f1_mean": 0.9470129529635112,
    "avg_batch_time_ms": 819.9505885442098,
    "avg_forward_time_ms": 250.9296417236328,
    "avg_backward_time_ms": 540.9678737322489,
    "avg_data_load_time_ms": 48.33115339279175,
    "throughput_samples_per_sec": 4.6194168916999265,
    "cpu_percent_mean": 41.97166666666667,
    "cpu_percent_max": 67.4,
    "ram_used_mb_mean": 12388.600455729167,
    "ram_used_mb_max": 12529.9765625,
    "gpu_memory_mb_mean": 4032.03125,
    "gpu_memory_mb_max": 4055.8125,
    "gpu_utilization_mean": 91.9,
    "gpu_utilization_max": 95.0,
    "learning_rate": 6.57963412215599e-05
  },
  "val": {
    "epoch": 3,
    "phase": "val",
    "timestamp_start": 1773000972.8968287,
    "timestamp_end": 1773000977.0578094,
    "duration_sec": 4.160980701446533,
    "loss_mean": 0.07082344104464237,
    "loss_std": 0.015015820590637058,
    "loss_min": 0.05468294769525528,
    "loss_max": 0.1054610088467598,
    "accuracy_mean": 0.9734909580304072,
    "iou_mean": 0.8923960144703205,
    "dice_mean": 0.9429937463540298,
    "precision_mean": 0.9141819293682392,
    "recall_mean": 0.9741750680483304,
    "f1_mean": 0.9429936775794396,
    "avg_batch_time_ms": 271.49385672349194,
    "avg_forward_time_ms": 246.9163674574632,
    "avg_backward_time_ms": 0.0,
    "avg_data_load_time_ms": 42.541779004610504,
    "throughput_samples_per_sec": 12.256725916145259,
    "cpu_percent_mean": 57.823076923076925,
    "cpu_percent_max": 89.0,
    "ram_used_mb_mean": 12401.944711538461,
    "ram_used_mb_max": 12414.59375,
    "gpu_memory_mb_mean": 4022.9375,
    "gpu_memory_mb_max": 4024.4375,
    "gpu_utilization_mean": 85.6923076923077,
    "gpu_utilization_max": 93.0,
    "learning_rate": 6.57963412215599e-05
  }
}