{
  "epoch": 1,
  "train": {
    "epoch": 1,
    "phase": "train",
    "timestamp_start": 1772086625.2823875,
    "timestamp_end": 1772086627.7534957,
    "duration_sec": 2.4711081981658936,
    "loss_mean": 0.6876873672008514,
    "loss_std": 0.024263352155685425,
    "loss_min": 0.663424015045166,
    "loss_max": 0.7119507193565369,
    "accuracy_mean": 0.813697338104248,
    "iou_mean": 0.029775263741612434,
    "dice_mean": 0.05763198249042034,
    "precision_mean": 0.3486124575138092,
    "recall_mean": 0.03282264620065689,
    "f1_mean": 0.057631973177194595,
    "avg_batch_time_ms": 1172.5082397460938,
    "avg_forward_time_ms": 426.2431859970093,
    "avg_backward_time_ms": 716.0248756408691,
    "avg_data_load_time_ms": 37.24515438079834,
    "throughput_samples_per_sec": 632.105061672066,
    "cpu_percent_mean": 34.1,
    "cpu_percent_max": 38.5,
    "ram_used_mb_mean": 11202.580078125,
    "ram_used_mb_max": 11295.50390625,
    "gpu_memory_mb_mean": 3909.21875,
    "gpu_memory_mb_max": 3915.5625,
    "gpu_utilization_mean": 70.0,
    "gpu_utilization_max": 93.0,
    "learning_rate": 0.0001
  },
  "val": {
    "epoch": 1,
    "phase": "val",
    "timestamp_start": 1772086627.7543705,
    "timestamp_end": 1772086628.5747743,
    "duration_sec": 0.8204038143157959,
    "loss_mean": 0.6732681393623352,
    "loss_std": 0.0063318610191345215,
    "loss_min": 0.6669362783432007,
    "loss_max": 0.6796000003814697,
    "accuracy_mean": 0.8491897583007812,
    "iou_mean": 0.017404998652637005,
    "dice_mean": 0.03419182077050209,
    "precision_mean": 0.5601686984300613,
    "recall_mean": 0.017636819276958704,
    "f1_mean": 0.03419181238859892,
    "avg_batch_time_ms": 353.4276485443115,
    "avg_forward_time_ms": 346.6212749481201,
    "avg_backward_time_ms": 0.0,
    "avg_data_load_time_ms": 34.97481346130371,
    "throughput_samples_per_sec": 407.11658596876566,
    "cpu_percent_mean": 46.35,
    "cpu_percent_max": 60.2,
    "ram_used_mb_mean": 11303.552734375,
    "ram_used_mb_max": 11306.17578125,
    "gpu_memory_mb_mean": 3927.6875,
    "gpu_memory_mb_max": 3927.6875,
    "gpu_utilization_mean": 92.0,
    "gpu_utilization_max": 92.0,
    "learning_rate": 0.0001
  }
}