{
  "epoch": 1,
  "train_batches": [
    {
      "batch_idx": 0,
      "timestamp": 1772086669.090821,
      "loss": 0.6636326313018799,
      "forward_time_ms": 213.73438835144043,
      "backward_time_ms": 80.40904998779297,
      "optimizer_time_ms": 35.51006317138672,
      "data_load_time_ms": 43.91813278198242,
      "total_time_ms": 338.4683132171631,
      "cpu_percent": 21.2,
      "ram_used_mb": 11187.421875,
      "gpu_memory_mb": 1484.25,
      "gpu_utilization": 38,
      "accuracy": 0.46854305267333984,
      "iou": 0.2599296271800995,
      "dice": 0.412609726190567
    },
    {
      "batch_idx": 1,
      "timestamp": 1772086669.2021277,
      "loss": 0.650256872177124,
      "forward_time_ms": 21.165847778320312,
      "backward_time_ms": 38.524627685546875,
      "optimizer_time_ms": 0.8144378662109375,
      "data_load_time_ms": 40.20833969116211,
      "total_time_ms": 68.40324401855469,
      "cpu_percent": 28.4,
      "ram_used_mb": 11209.0859375,
      "gpu_memory_mb": 1486.25,
      "gpu_utilization": 38,
      "accuracy": 0.5899372100830078,
      "iou": 0.36227160692214966,
      "dice": 0.5318639874458313
    }
  ],
  "val_batches": [
    {
      "batch_idx": 0,
      "timestamp": 1772086669.293254,
      "loss": 0.7236947417259216,
      "forward_time_ms": 19.057750701904297,
      "backward_time_ms": 0.0,
      "optimizer_time_ms": 0.0,
      "data_load_time_ms": 27.501583099365234,
      "total_time_ms": 26.959657669067383,
      "cpu_percent": 35.6,
      "ram_used_mb": 11216.15625,
      "gpu_memory_mb": 1486.25,
      "gpu_utilization": 37,
      "accuracy": 0.17657470703125,
      "iou": 0.17657470703125,
      "dice": 0.30015042424201965
    },
    {
      "batch_idx": 1,
      "timestamp": 1772086669.3535903,
      "loss": 0.7551672458648682,
      "forward_time_ms": 18.421649932861328,
      "backward_time_ms": 0.0,
      "optimizer_time_ms": 0.0,
      "data_load_time_ms": 29.91318702697754,
      "total_time_ms": 26.628732681274414,
      "cpu_percent": 39.6,
      "ram_used_mb": 11223.78515625,
      "gpu_memory_mb": 1486.25,
      "gpu_utilization": 37,
      "accuracy": 0.12604141235351562,
      "iou": 0.12604141235351562,
      "dice": 0.22386638820171356
    }
  ]
}