{
  "epoch": 1,
  "train": {
    "epoch": 1,
    "phase": "train",
    "timestamp_start": 1772086668.7014,
    "timestamp_end": 1772086669.2355337,
    "duration_sec": 0.5341336727142334,
    "loss_mean": 0.656944751739502,
    "loss_std": 0.00668787956237793,
    "loss_min": 0.650256872177124,
    "loss_max": 0.6636326313018799,
    "accuracy_mean": 0.5292401313781738,
    "iou_mean": 0.3111006170511246,
    "dice_mean": 0.47223685681819916,
    "precision_mean": 0.35053250193595886,
    "recall_mean": 0.7247825860977173,
    "f1_mean": 0.4722367972135544,
    "avg_batch_time_ms": 203.4357786178589,
    "avg_forward_time_ms": 117.45011806488037,
    "avg_backward_time_ms": 59.46683883666992,
    "avg_data_load_time_ms": 42.063236236572266,
    "throughput_samples_per_sec": 2924.3615967190385,
    "cpu_percent_mean": 24.799999999999997,
    "cpu_percent_max": 28.4,
    "ram_used_mb_mean": 11198.25390625,
    "ram_used_mb_max": 11209.0859375,
    "gpu_memory_mb_mean": 1485.25,
    "gpu_memory_mb_max": 1486.25,
    "gpu_utilization_mean": 38.0,
    "gpu_utilization_max": 38.0,
    "learning_rate": 0.0001
  },
  "val": {
    "epoch": 1,
    "phase": "val",
    "timestamp_start": 1772086669.23604,
    "timestamp_end": 1772086669.387338,
    "duration_sec": 0.15129780769348145,
    "loss_mean": 0.7394309937953949,
    "loss_std": 0.015736252069473267,
    "loss_min": 0.7236947417259216,
    "loss_max": 0.7551672458648682,
    "accuracy_mean": 0.1513080596923828,
    "iou_mean": 0.1513080596923828,
    "dice_mean": 0.2620084062218666,
    "precision_mean": 0.1513080596923828,
    "recall_mean": 1.0,
    "f1_mean": 0.2620083764195442,
    "avg_batch_time_ms": 26.7941951751709,
    "avg_forward_time_ms": 18.739700317382812,
    "avg_backward_time_ms": 0.0,
    "avg_data_load_time_ms": 28.707385063171387,
    "throughput_samples_per_sec": 2207.5666864695104,
    "cpu_percent_mean": 37.6,
    "cpu_percent_max": 39.6,
    "ram_used_mb_mean": 11219.970703125,
    "ram_used_mb_max": 11223.78515625,
    "gpu_memory_mb_mean": 1486.25,
    "gpu_memory_mb_max": 1486.25,
    "gpu_utilization_mean": 37.0,
    "gpu_utilization_max": 37.0,
    "learning_rate": 0.0001
  }
}